Sat Sep 19 19:20:57 CDT 2026
lq2gpu10.fnal.gov
GPU 0: NVIDIA A100-SXM4-80GB (UUID: GPU-0a206e2c-581b-d5d2-7279-4a1299674054)
GPU 1: NVIDIA A100-SXM4-80GB (UUID: GPU-a441319b-a8dc-ea97-fd0c-93cfd9bbebd8)
GPU 2: NVIDIA A100-SXM4-80GB (UUID: GPU-0c7fb2a8-b54a-eaeb-7f17-2a51b05a0efb)
GPU 3: NVIDIA A100-SXM4-80GB (UUID: GPU-be82f0fa-a7cc-0b83-5a5f-f2f4d4027554)
PyQUDA INFO: Using default grid mapping
PyQUDA INFO: Using grid size [1, 1, 1, 4]
PyQUDA INFO: Using cupy with cuda as Array API
PyQUDA INFO: Using device 0
PyQUDA INFO: Using QUDA_RESOURCE_PATH=/lustre2/gluonp0/sliu1/.cache/quda
PyQUDA INFO: Using QUDA_ENABLE_P2P=3
PyQUDA INFO: Using QUDA_ENABLE_TUNING=1
PyQUDA INFO: Using QUDA_ENABLE_DEVICE_MEMORY_POOL=0
Disabling GPU-Direct RDMA access
Enabling peer-to-peer copy engine and direct load/store access
Peer-to-peer enabled for rank   2 (gpu=2) with neighbor   1 (gpu=1) dir=0, dim=3, access rank = (  0)
Peer-to-peer enabled for rank   2 (gpu=2) with neighbor   3 (gpu=3) dir=1, dim=3, access rank = (  0)
Peer-to-peer enabled for rank   3 (gpu=3) with neighbor   2 (gpu=2) dir=0, dim=3, access rank = (  0)
Peer-to-peer enabled for rank   3 (gpu=3) with neighbor   0 (gpu=0) dir=1, dim=3, access rank = (  0)
Peer-to-peer enabled for rank   0 (gpu=0) with neighbor   3 (gpu=3) dir=0, dim=3, access rank = (  0)
Peer-to-peer enabled for rank   0 (gpu=0) with neighbor   1 (gpu=1) dir=1, dim=3, access rank = (  0)
Peer-to-peer enabled for rank   1 (gpu=1) with neighbor   0 (gpu=0) dir=0, dim=3, access rank = (  0)
Peer-to-peer enabled for rank   1 (gpu=1) with neighbor   2 (gpu=2) dir=1, dim=3, access rank = (  0)
QUDA 1.1.0 (git 1.1.0-00c7ef33d-sm_80)
CUDA Driver version = 13030
CUDA Runtime version = 12020
Graphic driver version = 610.43.02
Found device 0: NVIDIA A100-SXM4-80GB
Found device 1: NVIDIA A100-SXM4-80GB
Found device 2: NVIDIA A100-SXM4-80GB
Found device 3: NVIDIA A100-SXM4-80GB
Using device 0: NVIDIA A100-SXM4-80GB
Initializing monitoring on device 1 with pciBusId 0000:30:00.0: NVIDIA A100-SXM4-80GB
Initializing monitoring on device 0 with pciBusId 0000:2F:00.0: NVIDIA A100-SXM4-80GB
WARNING: Data reordering done on GPU (set with QUDA_REORDER_LOCATION=GPU/CPU)
Initializing monitoring on device 2 with pciBusId 0000:AF:00.0: NVIDIA A100-SXM4-80GB
Initializing monitoring on device 3 with pciBusId 0000:B0:00.0: NVIDIA A100-SXM4-80GB
Loaded 1321 sets of cached parameters from /lustre2/gluonp0/sliu1/.cache/quda/tunecache.tsv
WARNING: Not using device memory pool allocator
WARNING: Using pinned memory pool allocator
cublasCreated successfully
{'Ls': 32, 'Lt': 96, 'cfgs_to_meas': 10, 'rho': 3.25, 'smear_steps': 40, 'smear_mom': [0, 0, 3.5999999999999996], 'mom_min': 0, 'mom_max': 6, 'x_src_list_shifted': array([[ 0, 16],
       [15, 31],
       [30, 14],
       [13, 29],
       [28, 12],
       [11, 27],
       [26, 10],
       [ 9, 25],
       [24,  8],
       [ 7, 23]]), 'y_src_list_shifted': array([[ 0, 16],
       [15, 31],
       [30, 14],
       [13, 29],
       [28, 12],
       [11, 27],
       [26, 10],
       [ 9, 25],
       [24,  8],
       [ 7, 23]]), 'z_src_list_shifted': array([[ 0, 16],
       [15, 31],
       [30, 14],
       [13, 29],
       [28, 12],
       [11, 27],
       [26, 10],
       [ 9, 25],
       [24,  8],
       [ 7, 23]]), 't_src_list_shifted': array([[ 0, 32, 64],
       [25, 57, 89],
       [50, 82, 18],
       [75, 11, 43],
       [ 4, 36, 68],
       [29, 61, 93],
       [54, 86, 22],
       [79, 15, 47],
       [ 8, 40, 72],
       [33, 65,  1]])}
PyQUDA INFO: READ GAUGE #204: 3.6643176689976826 secs
PyQUDA INFO: DOING HYP SMEARING
PyQUDA INFO: plaq_hyp_before = [0.5839782469489736, 0.5838950418381473, 0.5840614520597998]
performGaugeSmearQuda: step 000 plaquette (mean 5.8397824694897360e-01, spatial 5.8389504183814733e-01 temporal 5.8406145205979976e-01) Q charge = 8.7687551237888304e+00
PyQUDA INFO: plaq_hyp_after = [0.9461197413172886, 0.9461032987410635, 0.9461361838935137]
PyQUDA INFO: HYP SMEAR: 1.1786982080084272 secs
PyQUDA INFO: DOING APE SMEARING
PyQUDA INFO: plaq_ape_before = [0.5839782469489736, 0.5838950418381473, 0.5840614520597998]
performGaugeSmearQuda: step 000 plaquette (mean 5.8397824694897360e-01, spatial 5.8389504183814733e-01 temporal 5.8406145205979976e-01) Q charge = 8.7687551237888304e+00
PyQUDA INFO: plaq_ape_after = [0.8194939189238163, 0.9988606332270378, 0.6401272046205948]
PyQUDA INFO: APE SMEAR: 0.6967923369957134 secs
PyQUDA INFO: INNER LOOP STARTS
PyQUDA INFO: SOURCE POSITION = [np.int64(0), np.int64(0), np.int64(0), np.int64(0)]
PyQUDA INFO: DOING SRC GAUSSIAN SMEARING
PyQUDA INFO: SOURCE GAUSSIAN SMEAR: 1.1207890219811816 secs
PyQUDA INFO: RELOADING GAUGE
PyQUDA INFO: RELOADING GAUGE: 0.26390476000960916 secs
PyQUDA INFO: SOLVING DIRAC EQ
GCR: Convergence at 17 iterations, n = 0, L2 relative residual: iterated = 4.116627e-11, true = 4.116627e-11 (requested = 1.000000e-10)
GCR: Convergence at 17 iterations, n = 1, L2 relative residual: iterated = 2.883409e-11, true = 2.883409e-11 (requested = 1.000000e-10)
GCR: Convergence at 17 iterations, n = 2, L2 relative residual: iterated = 3.213913e-11, true = 3.213913e-11 (requested = 1.000000e-10)
GCR: Convergence at 17 iterations, n = 3, L2 relative residual: iterated = 4.971264e-11, true = 4.971264e-11 (requested = 1.000000e-10)
GCR: Convergence at 17 iterations, n = 4, L2 relative residual: iterated = 2.818841e-11, true = 2.818841e-11 (requested = 1.000000e-10)
GCR: Convergence at 17 iterations, n = 5, L2 relative residual: iterated = 3.551193e-11, true = 3.551193e-11 (requested = 1.000000e-10)
GCR: Convergence at 17 iterations, n = 6, L2 relative residual: iterated = 6.056265e-11, true = 6.056265e-11 (requested = 1.000000e-10)
GCR: Convergence at 17 iterations, n = 7, L2 relative residual: iterated = 4.404639e-11, true = 4.404639e-11 (requested = 1.000000e-10)
GCR: Convergence at 17 iterations, n = 8, L2 relative residual: iterated = 3.874136e-11, true = 3.874136e-11 (requested = 1.000000e-10)
GCR: Convergence at 17 iterations, n = 9, L2 relative residual: iterated = 3.974151e-11, true = 3.974151e-11 (requested = 1.000000e-10)
GCR: Convergence at 17 iterations, n = 10, L2 relative residual: iterated = 3.823263e-11, true = 3.823263e-11 (requested = 1.000000e-10)
GCR: Convergence at 17 iterations, n = 11, L2 relative residual: iterated = 4.167865e-11, true = 4.167865e-11 (requested = 1.000000e-10)
PyQUDA INFO: Time = 1.922 secs, Performance = 12250.493 GFLOPS
GCR: Convergence at 17 iterations, n = 0, L2 relative residual: iterated = 5.270660e-11, true = 5.270660e-11 (requested = 1.000000e-10)
GCR: Convergence at 17 iterations, n = 1, L2 relative residual: iterated = 4.005431e-11, true = 4.005431e-11 (requested = 1.000000e-10)
GCR: Convergence at 17 iterations, n = 2, L2 relative residual: iterated = 5.596925e-11, true = 5.596925e-11 (requested = 1.000000e-10)
GCR: Convergence at 17 iterations, n = 3, L2 relative residual: iterated = 4.412605e-11, true = 4.412605e-11 (requested = 1.000000e-10)
GCR: Convergence at 17 iterations, n = 4, L2 relative residual: iterated = 3.086636e-11, true = 3.086636e-11 (requested = 1.000000e-10)
GCR: Convergence at 17 iterations, n = 5, L2 relative residual: iterated = 4.174797e-11, true = 4.174797e-11 (requested = 1.000000e-10)
GCR: Convergence at 17 iterations, n = 6, L2 relative residual: iterated = 4.955286e-11, true = 4.955286e-11 (requested = 1.000000e-10)
GCR: Convergence at 17 iterations, n = 7, L2 relative residual: iterated = 4.712281e-11, true = 4.712281e-11 (requested = 1.000000e-10)
GCR: Convergence at 17 iterations, n = 8, L2 relative residual: iterated = 5.803702e-11, true = 5.803702e-11 (requested = 1.000000e-10)
GCR: Convergence at 17 iterations, n = 9, L2 relative residual: iterated = 4.764623e-11, true = 4.764623e-11 (requested = 1.000000e-10)
GCR: Convergence at 17 iterations, n = 10, L2 relative residual: iterated = 4.957892e-11, true = 4.957892e-11 (requested = 1.000000e-10)
GCR: Convergence at 17 iterations, n = 11, L2 relative residual: iterated = 4.489367e-11, true = 4.489367e-11 (requested = 1.000000e-10)
PyQUDA INFO: Time = 1.681 secs, Performance = 13991.064 GFLOPS
PyQUDA INFO: INVERT 2 propagagors: 3.6082599819928873 secs
PyQUDA INFO: DOING SINK GAUSSIAN SMEARING
PyQUDA INFO: SINK GAUSSIAN SMEAR: 0.9681308329745661 secs
PyQUDA INFO: GPU used 49.9 GB, cupy pool 38.3 GB, cupy live 13.4 GB
PyQUDA INFO: CONTRACT ALL: 2.015792626014445 secs
PyQUDA INFO: UNTIL CONTRACTION: 8.091754983004648 secs
PyQUDA INFO: INNER LOOP STARTS
PyQUDA INFO: SOURCE POSITION = [np.int64(0), np.int64(0), np.int64(16), np.int64(0)]
PyQUDA INFO: DOING SRC GAUSSIAN SMEARING
PyQUDA INFO: SOURCE GAUSSIAN SMEAR: 0.8144623350235634 secs
PyQUDA INFO: RELOADING GAUGE
PyQUDA INFO: RELOADING GAUGE: 0.26068176300032064 secs
PyQUDA INFO: SOLVING DIRAC EQ
GCR: Convergence at 17 iterations, n = 0, L2 relative residual: iterated = 3.037051e-11, true = 3.037051e-11 (requested = 1.000000e-10)
GCR: Convergence at 17 iterations, n = 1, L2 relative residual: iterated = 4.044919e-11, true = 4.044919e-11 (requested = 1.000000e-10)
GCR: Convergence at 17 iterations, n = 2, L2 relative residual: iterated = 5.975811e-11, true = 5.975811e-11 (requested = 1.000000e-10)
GCR: Convergence at 17 iterations, n = 3, L2 relative residual: iterated = 3.781220e-11, true = 3.781220e-11 (requested = 1.000000e-10)
GCR: Convergence at 17 iterations, n = 4, L2 relative residual: iterated = 2.197733e-11, true = 2.197733e-11 (requested = 1.000000e-10)
GCR: Convergence at 17 iterations, n = 5, L2 relative residual: iterated = 3.649728e-11, true = 3.649728e-11 (requested = 1.000000e-10)
GCR: Convergence at 17 iterations, n = 6, L2 relative residual: iterated = 2.639186e-11, true = 2.639186e-11 (requested = 1.000000e-10)
GCR: Convergence at 17 iterations, n = 7, L2 relative residual: iterated = 3.791685e-11, true = 3.791685e-11 (requested = 1.000000e-10)
GCR: Convergence at 17 iterations, n = 8, L2 relative residual: iterated = 6.304645e-11, true = 6.304645e-11 (requested = 1.000000e-10)
GCR: Convergence at 17 iterations, n = 9, L2 relative residual: iterated = 7.223303e-11, true = 7.223303e-11 (requested = 1.000000e-10)
GCR: Convergence at 17 iterations, n = 10, L2 relative residual: iterated = 6.261916e-11, true = 6.261916e-11 (requested = 1.000000e-10)
GCR: Convergence at 17 iterations, n = 11, L2 relative residual: iterated = 8.552508e-11, true = 8.552508e-11 (requested = 1.000000e-10)
PyQUDA INFO: Time = 1.659 secs, Performance = 14348.481 GFLOPS
GCR: Convergence at 17 iterations, n = 0, L2 relative residual: iterated = 3.284720e-11, true = 3.284720e-11 (requested = 1.000000e-10)
GCR: Convergence at 17 iterations, n = 1, L2 relative residual: iterated = 4.560311e-11, true = 4.560311e-11 (requested = 1.000000e-10)
GCR: Convergence at 17 iterations, n = 2, L2 relative residual: iterated = 3.287037e-11, true = 3.287037e-11 (requested = 1.000000e-10)
GCR: Convergence at 17 iterations, n = 3, L2 relative residual: iterated = 4.251098e-11, true = 4.251098e-11 (requested = 1.000000e-10)
GCR: Convergence at 17 iterations, n = 4, L2 relative residual: iterated = 3.375298e-11, true = 3.375298e-11 (requested = 1.000000e-10)
GCR: Convergence at 17 iterations, n = 5, L2 relative residual: iterated = 3.784397e-11, true = 3.784397e-11 (requested = 1.000000e-10)
GCR: Convergence at 17 iterations, n = 6, L2 relative residual: iterated = 8.589296e-11, true = 8.589296e-11 (requested = 1.000000e-10)
GCR: Convergence at 17 iterations, n = 7, L2 relative residual: iterated = 7.257988e-11, true = 7.257988e-11 (requested = 1.000000e-10)
GCR: Convergence at 17 iterations, n = 8, L2 relative residual: iterated = 5.824594e-11, true = 5.824594e-11 (requested = 1.000000e-10)
GCR: Convergence at 17 iterations, n = 9, L2 relative residual: iterated = 5.120105e-11, true = 5.120105e-11 (requested = 1.000000e-10)
GCR: Convergence at 17 iterations, n = 10, L2 relative residual: iterated = 5.525972e-11, true = 5.525972e-11 (requested = 1.000000e-10)
GCR: Convergence at 17 iterations, n = 11, L2 relative residual: iterated = 2.800509e-11, true = 2.800509e-11 (requested = 1.000000e-10)
PyQUDA INFO: Time = 1.694 secs, Performance = 14026.000 GFLOPS
PyQUDA INFO: INVERT 2 propagagors: 3.355860841984395 secs
PyQUDA INFO: DOING SINK GAUSSIAN SMEARING
PyQUDA INFO: SINK GAUSSIAN SMEAR: 0.8297619670047425 secs
PyQUDA INFO: GPU used 49.9 GB, cupy pool 38.3 GB, cupy live 13.4 GB
PyQUDA INFO: CONTRACT ALL: 0.9189603319973685 secs
PyQUDA INFO: UNTIL CONTRACTION: 6.223275527008809 secs
PyQUDA INFO: INNER LOOP STARTS
PyQUDA INFO: SOURCE POSITION = [np.int64(0), np.int64(16), np.int64(0), np.int64(0)]
PyQUDA INFO: DOING SRC GAUSSIAN SMEARING
PyQUDA INFO: SOURCE GAUSSIAN SMEAR: 0.8207750339934137 secs
PyQUDA INFO: RELOADING GAUGE
PyQUDA INFO: RELOADING GAUGE: 0.25270545500097796 secs
PyQUDA INFO: SOLVING DIRAC EQ
GCR: Convergence at 17 iterations, n = 0, L2 relative residual: iterated = 4.800811e-11, true = 4.800811e-11 (requested = 1.000000e-10)
GCR: Convergence at 17 iterations, n = 1, L2 relative residual: iterated = 3.385919e-11, true = 3.385919e-11 (requested = 1.000000e-10)
GCR: Convergence at 17 iterations, n = 2, L2 relative residual: iterated = 5.018924e-11, true = 5.018924e-11 (requested = 1.000000e-10)
GCR: Convergence at 17 iterations, n = 3, L2 relative residual: iterated = 6.093138e-11, true = 6.093138e-11 (requested = 1.000000e-10)
GCR: Convergence at 17 iterations, n = 4, L2 relative residual: iterated = 5.614811e-11, true = 5.614811e-11 (requested = 1.000000e-10)
GCR: Convergence at 17 iterations, n = 5, L2 relative residual: iterated = 3.606313e-11, true = 3.606313e-11 (requested = 1.000000e-10)
GCR: Convergence at 17 iterations, n = 6, L2 relative residual: iterated = 9.060780e-11, true = 9.060780e-11 (requested = 1.000000e-10)
GCR: Convergence at 17 iterations, n = 7, L2 relative residual: iterated = 8.660072e-11, true = 8.660072e-11 (requested = 1.000000e-10)
GCR: Convergence at 17 iterations, n = 8, L2 relative residual: iterated = 6.490945e-11, true = 6.490945e-11 (requested = 1.000000e-10)
GCR: Convergence at 17 iterations, n = 9, L2 relative residual: iterated = 6.976904e-11, true = 6.976904e-11 (requested = 1.000000e-10)
GCR: Convergence at 17 iterations, n = 10, L2 relative residual: iterated = 5.326698e-11, true = 5.326698e-11 (requested = 1.000000e-10)
GCR: Convergence at 17 iterations, n = 11, L2 relative residual: iterated = 5.162997e-11, true = 5.162997e-11 (requested = 1.000000e-10)
PyQUDA INFO: Time = 1.645 secs, Performance = 14283.310 GFLOPS
GCR: Convergence at 17 iterations, n = 0, L2 relative residual: iterated = 4.286513e-11, true = 4.286513e-11 (requested = 1.000000e-10)
GCR: Convergence at 17 iterations, n = 1, L2 relative residual: iterated = 4.003886e-11, true = 4.003886e-11 (requested = 1.000000e-10)
GCR: Convergence at 17 iterations, n = 2, L2 relative residual: iterated = 4.425516e-11, true = 4.425516e-11 (requested = 1.000000e-10)
GCR: Convergence at 17 iterations, n = 3, L2 relative residual: iterated = 3.525711e-11, true = 3.525711e-11 (requested = 1.000000e-10)
GCR: Convergence at 17 iterations, n = 4, L2 relative residual: iterated = 4.206192e-11, true = 4.206192e-11 (requested = 1.000000e-10)
GCR: Convergence at 17 iterations, n = 5, L2 relative residual: iterated = 3.476058e-11, true = 3.476058e-11 (requested = 1.000000e-10)
GCR: Convergence at 17 iterations, n = 6, L2 relative residual: iterated = 3.824276e-11, true = 3.824276e-11 (requested = 1.000000e-10)
GCR: Convergence at 17 iterations, n = 7, L2 relative residual: iterated = 6.284214e-11, true = 6.284214e-11 (requested = 1.000000e-10)
GCR: Convergence at 17 iterations, n = 8, L2 relative residual: iterated = 3.948851e-11, true = 3.948851e-11 (requested = 1.000000e-10)
GCR: Convergence at 17 iterations, n = 9, L2 relative residual: iterated = 6.879817e-11, true = 6.879817e-11 (requested = 1.000000e-10)
GCR: Convergence at 17 iterations, n = 10, L2 relative residual: iterated = 8.894919e-11, true = 8.894919e-11 (requested = 1.000000e-10)
GCR: Convergence at 17 iterations, n = 11, L2 relative residual: iterated = 4.276699e-11, true = 4.276699e-11 (requested = 1.000000e-10)
PyQUDA INFO: Time = 1.686 secs, Performance = 14142.863 GFLOPS
PyQUDA INFO: INVERT 2 propagagors: 3.3324595910089556 secs
PyQUDA INFO: DOING SINK GAUSSIAN SMEARING
PyQUDA INFO: SINK GAUSSIAN SMEAR: 0.8426836080034263 secs
PyQUDA INFO: GPU used 49.9 GB, cupy pool 38.3 GB, cupy live 13.4 GB
PyQUDA INFO: CONTRACT ALL: 0.9193050939938985 secs
PyQUDA INFO: UNTIL CONTRACTION: 6.211652689991752 secs
PyQUDA INFO: INNER LOOP STARTS
PyQUDA INFO: SOURCE POSITION = [np.int64(0), np.int64(16), np.int64(16), np.int64(0)]
PyQUDA INFO: DOING SRC GAUSSIAN SMEARING
PyQUDA INFO: SOURCE GAUSSIAN SMEAR: 0.813123296975391 secs
PyQUDA INFO: RELOADING GAUGE
PyQUDA INFO: RELOADING GAUGE: 0.25850241200532764 secs
PyQUDA INFO: SOLVING DIRAC EQ
GCR: Convergence at 17 iterations, n = 0, L2 relative residual: iterated = 3.851379e-11, true = 3.851379e-11 (requested = 1.000000e-10)
GCR: Convergence at 17 iterations, n = 1, L2 relative residual: iterated = 4.257527e-11, true = 4.257527e-11 (requested = 1.000000e-10)
GCR: Convergence at 17 iterations, n = 2, L2 relative residual: iterated = 6.717423e-11, true = 6.717423e-11 (requested = 1.000000e-10)
GCR: Convergence at 17 iterations, n = 3, L2 relative residual: iterated = 4.094155e-11, true = 4.094155e-11 (requested = 1.000000e-10)
GCR: Convergence at 17 iterations, n = 4, L2 relative residual: iterated = 6.421845e-11, true = 6.421845e-11 (requested = 1.000000e-10)
GCR: Convergence at 17 iterations, n = 5, L2 relative residual: iterated = 3.836266e-11, true = 3.836266e-11 (requested = 1.000000e-10)
GCR: Convergence at 17 iterations, n = 6, L2 relative residual: iterated = 8.850495e-11, true = 8.850495e-11 (requested = 1.000000e-10)
GCR: Convergence at 17 iterations, n = 7, L2 relative residual: iterated = 4.947786e-11, true = 4.947786e-11 (requested = 1.000000e-10)
GCR: Convergence at 17 iterations, n = 8, L2 relative residual: iterated = 3.783896e-11, true = 3.783896e-11 (requested = 1.000000e-10)
GCR: Convergence at 17 iterations, n = 9, L2 relative residual: iterated = 6.861904e-11, true = 6.861904e-11 (requested = 1.000000e-10)
GCR: Convergence at 17 iterations, n = 10, L2 relative residual: iterated = 5.009815e-11, true = 5.009815e-11 (requested = 1.000000e-10)
GCR: Convergence at 17 iterations, n = 11, L2 relative residual: iterated = 4.781502e-11, true = 4.781502e-11 (requested = 1.000000e-10)
PyQUDA INFO: Time = 1.668 secs, Performance = 14260.459 GFLOPS
GCR: Convergence at 17 iterations, n = 0, L2 relative residual: iterated = 6.320817e-11, true = 6.320817e-11 (requested = 1.000000e-10)
GCR: Convergence at 17 iterations, n = 1, L2 relative residual: iterated = 5.132681e-11, true = 5.132681e-11 (requested = 1.000000e-10)
GCR: Convergence at 17 iterations, n = 2, L2 relative residual: iterated = 6.876388e-11, true = 6.876388e-11 (requested = 1.000000e-10)
GCR: Convergence at 17 iterations, n = 3, L2 relative residual: iterated = 7.194403e-11, true = 7.194403e-11 (requested = 1.000000e-10)
GCR: Convergence at 17 iterations, n = 4, L2 relative residual: iterated = 5.819527e-11, true = 5.819527e-11 (requested = 1.000000e-10)
GCR: Convergence at 17 iterations, n = 5, L2 relative residual: iterated = 3.684155e-11, true = 3.684155e-11 (requested = 1.000000e-10)
GCR: Convergence at 17 iterations, n = 6, L2 relative residual: iterated = 8.042087e-11, true = 8.042087e-11 (requested = 1.000000e-10)
GCR: Convergence at 17 iterations, n = 7, L2 relative residual: iterated = 3.948819e-11, true = 3.948819e-11 (requested = 1.000000e-10)
GCR: Convergence at 17 iterations, n = 8, L2 relative residual: iterated = 8.968452e-11, true = 8.968452e-11 (requested = 1.000000e-10)
GCR: Convergence at 17 iterations, n = 9, L2 relative residual: iterated = 4.035218e-11, true = 4.035218e-11 (requested = 1.000000e-10)
GCR: Convergence at 17 iterations, n = 10, L2 relative residual: iterated = 3.846205e-11, true = 3.846205e-11 (requested = 1.000000e-10)
GCR: Convergence at 17 iterations, n = 11, L2 relative residual: iterated = 9.670597e-11, true = 9.670597e-11 (requested = 1.000000e-10)
PyQUDA INFO: Time = 1.681 secs, Performance = 13996.150 GFLOPS
PyQUDA INFO: INVERT 2 propagagors: 3.3510422190011013 secs
PyQUDA INFO: DOING SINK GAUSSIAN SMEARING
PyQUDA INFO: SINK GAUSSIAN SMEAR: 0.8467240580066573 secs
PyQUDA INFO: GPU used 49.9 GB, cupy pool 38.3 GB, cupy live 13.4 GB
PyQUDA INFO: CONTRACT ALL: 0.9190984630258754 secs
PyQUDA INFO: UNTIL CONTRACTION: 6.235513883002568 secs
PyQUDA INFO: INNER LOOP STARTS
PyQUDA INFO: SOURCE POSITION = [np.int64(16), np.int64(0), np.int64(0), np.int64(0)]
PyQUDA INFO: DOING SRC GAUSSIAN SMEARING
PyQUDA INFO: SOURCE GAUSSIAN SMEAR: 0.8213116459955927 secs
PyQUDA INFO: RELOADING GAUGE
PyQUDA INFO: RELOADING GAUGE: 0.256636474019615 secs
PyQUDA INFO: SOLVING DIRAC EQ
GCR: Convergence at 17 iterations, n = 0, L2 relative residual: iterated = 3.356508e-11, true = 3.356508e-11 (requested = 1.000000e-10)
GCR: Convergence at 17 iterations, n = 1, L2 relative residual: iterated = 3.917330e-11, true = 3.917330e-11 (requested = 1.000000e-10)
GCR: Convergence at 17 iterations, n = 2, L2 relative residual: iterated = 2.984032e-11, true = 2.984032e-11 (requested = 1.000000e-10)
GCR: Convergence at 17 iterations, n = 3, L2 relative residual: iterated = 2.470097e-11, true = 2.470097e-11 (requested = 1.000000e-10)
GCR: Convergence at 17 iterations, n = 4, L2 relative residual: iterated = 3.076279e-11, true = 3.076279e-11 (requested = 1.000000e-10)
GCR: Convergence at 17 iterations, n = 5, L2 relative residual: iterated = 2.407847e-11, true = 2.407847e-11 (requested = 1.000000e-10)
GCR: Convergence at 17 iterations, n = 6, L2 relative residual: iterated = 4.108459e-11, true = 4.108459e-11 (requested = 1.000000e-10)
GCR: Convergence at 17 iterations, n = 7, L2 relative residual: iterated = 3.007149e-11, true = 3.007149e-11 (requested = 1.000000e-10)
GCR: Convergence at 17 iterations, n = 8, L2 relative residual: iterated = 4.438564e-11, true = 4.438564e-11 (requested = 1.000000e-10)
GCR: Convergence at 17 iterations, n = 9, L2 relative residual: iterated = 2.891344e-11, true = 2.891344e-11 (requested = 1.000000e-10)
GCR: Convergence at 17 iterations, n = 10, L2 relative residual: iterated = 5.396886e-11, true = 5.396886e-11 (requested = 1.000000e-10)
GCR: Convergence at 17 iterations, n = 11, L2 relative residual: iterated = 3.871301e-11, true = 3.871301e-11 (requested = 1.000000e-10)
PyQUDA INFO: Time = 1.659 secs, Performance = 14325.069 GFLOPS
GCR: Convergence at 17 iterations, n = 0, L2 relative residual: iterated = 3.443367e-11, true = 3.443367e-11 (requested = 1.000000e-10)
GCR: Convergence at 17 iterations, n = 1, L2 relative residual: iterated = 3.711882e-11, true = 3.711882e-11 (requested = 1.000000e-10)
GCR: Convergence at 17 iterations, n = 2, L2 relative residual: iterated = 3.428824e-11, true = 3.428824e-11 (requested = 1.000000e-10)
GCR: Convergence at 17 iterations, n = 3, L2 relative residual: iterated = 5.112128e-11, true = 5.112128e-11 (requested = 1.000000e-10)
GCR: Convergence at 17 iterations, n = 4, L2 relative residual: iterated = 4.265583e-11, true = 4.265583e-11 (requested = 1.000000e-10)
GCR: Convergence at 17 iterations, n = 5, L2 relative residual: iterated = 4.100943e-11, true = 4.100943e-11 (requested = 1.000000e-10)
GCR: Convergence at 17 iterations, n = 6, L2 relative residual: iterated = 7.846056e-11, true = 7.846056e-11 (requested = 1.000000e-10)
GCR: Convergence at 17 iterations, n = 7, L2 relative residual: iterated = 4.612925e-11, true = 4.612925e-11 (requested = 1.000000e-10)
GCR: Convergence at 17 iterations, n = 8, L2 relative residual: iterated = 4.949025e-11, true = 4.949025e-11 (requested = 1.000000e-10)
GCR: Convergence at 17 iterations, n = 9, L2 relative residual: iterated = 3.650383e-11, true = 3.650383e-11 (requested = 1.000000e-10)
GCR: Convergence at 17 iterations, n = 10, L2 relative residual: iterated = 7.136902e-11, true = 7.136902e-11 (requested = 1.000000e-10)
GCR: Convergence at 17 iterations, n = 11, L2 relative residual: iterated = 6.181475e-11, true = 6.181475e-11 (requested = 1.000000e-10)
PyQUDA INFO: Time = 1.687 secs, Performance = 14088.288 GFLOPS
PyQUDA INFO: INVERT 2 propagagors: 3.3479773239814676 secs
PyQUDA INFO: DOING SINK GAUSSIAN SMEARING
PyQUDA INFO: SINK GAUSSIAN SMEAR: 0.8353900740039535 secs
PyQUDA INFO: GPU used 49.9 GB, cupy pool 38.3 GB, cupy live 13.4 GB
PyQUDA INFO: CONTRACT ALL: 0.9189500520005822 secs
PyQUDA INFO: UNTIL CONTRACTION: 6.225273994990857 secs
PyQUDA INFO: INNER LOOP STARTS
PyQUDA INFO: SOURCE POSITION = [np.int64(16), np.int64(0), np.int64(16), np.int64(0)]
PyQUDA INFO: DOING SRC GAUSSIAN SMEARING
PyQUDA INFO: SOURCE GAUSSIAN SMEAR: 0.8153929779946338 secs
PyQUDA INFO: RELOADING GAUGE
PyQUDA INFO: RELOADING GAUGE: 0.26025158099946566 secs
PyQUDA INFO: SOLVING DIRAC EQ
GCR: Convergence at 17 iterations, n = 0, L2 relative residual: iterated = 3.488118e-11, true = 3.488118e-11 (requested = 1.000000e-10)
GCR: Convergence at 17 iterations, n = 1, L2 relative residual: iterated = 2.178460e-11, true = 2.178460e-11 (requested = 1.000000e-10)
GCR: Convergence at 17 iterations, n = 2, L2 relative residual: iterated = 6.676803e-11, true = 6.676803e-11 (requested = 1.000000e-10)
GCR: Convergence at 17 iterations, n = 3, L2 relative residual: iterated = 4.233512e-11, true = 4.233512e-11 (requested = 1.000000e-10)
GCR: Convergence at 17 iterations, n = 4, L2 relative residual: iterated = 3.332351e-11, true = 3.332351e-11 (requested = 1.000000e-10)
GCR: Convergence at 17 iterations, n = 5, L2 relative residual: iterated = 5.391786e-11, true = 5.391786e-11 (requested = 1.000000e-10)
GCR: Convergence at 17 iterations, n = 6, L2 relative residual: iterated = 3.579660e-11, true = 3.579660e-11 (requested = 1.000000e-10)
GCR: Convergence at 17 iterations, n = 7, L2 relative residual: iterated = 5.870141e-11, true = 5.870141e-11 (requested = 1.000000e-10)
GCR: Convergence at 17 iterations, n = 8, L2 relative residual: iterated = 6.814613e-11, true = 6.814613e-11 (requested = 1.000000e-10)
GCR: Convergence at 17 iterations, n = 9, L2 relative residual: iterated = 5.663176e-11, true = 5.663176e-11 (requested = 1.000000e-10)
GCR: Convergence at 17 iterations, n = 10, L2 relative residual: iterated = 3.514459e-11, true = 3.514459e-11 (requested = 1.000000e-10)
GCR: Convergence at 17 iterations, n = 11, L2 relative residual: iterated = 6.143000e-11, true = 6.143000e-11 (requested = 1.000000e-10)
PyQUDA INFO: Time = 1.661 secs, Performance = 14327.385 GFLOPS
GCR: Convergence at 17 iterations, n = 0, L2 relative residual: iterated = 3.907845e-11, true = 3.907845e-11 (requested = 1.000000e-10)
GCR: Convergence at 17 iterations, n = 1, L2 relative residual: iterated = 3.900993e-11, true = 3.900993e-11 (requested = 1.000000e-10)
GCR: Convergence at 17 iterations, n = 2, L2 relative residual: iterated = 4.165437e-11, true = 4.165437e-11 (requested = 1.000000e-10)
GCR: Convergence at 17 iterations, n = 3, L2 relative residual: iterated = 3.471999e-11, true = 3.471999e-11 (requested = 1.000000e-10)
GCR: Convergence at 17 iterations, n = 4, L2 relative residual: iterated = 4.104746e-11, true = 4.104746e-11 (requested = 1.000000e-10)
GCR: Convergence at 17 iterations, n = 5, L2 relative residual: iterated = 4.027159e-11, true = 4.027159e-11 (requested = 1.000000e-10)
GCR: Convergence at 17 iterations, n = 6, L2 relative residual: iterated = 3.514151e-11, true = 3.514151e-11 (requested = 1.000000e-10)
GCR: Convergence at 17 iterations, n = 7, L2 relative residual: iterated = 6.332711e-11, true = 6.332711e-11 (requested = 1.000000e-10)
GCR: Convergence at 17 iterations, n = 8, L2 relative residual: iterated = 3.811776e-11, true = 3.811776e-11 (requested = 1.000000e-10)
GCR: Convergence at 17 iterations, n = 9, L2 relative residual: iterated = 4.160956e-11, true = 4.160956e-11 (requested = 1.000000e-10)
GCR: Convergence at 17 iterations, n = 10, L2 relative residual: iterated = 4.300581e-11, true = 4.300581e-11 (requested = 1.000000e-10)
GCR: Convergence at 17 iterations, n = 11, L2 relative residual: iterated = 4.735968e-11, true = 4.735968e-11 (requested = 1.000000e-10)
PyQUDA INFO: Time = 1.679 secs, Performance = 14028.846 GFLOPS
PyQUDA INFO: INVERT 2 propagagors: 3.342261846992187 secs
PyQUDA INFO: DOING SINK GAUSSIAN SMEARING
PyQUDA INFO: SINK GAUSSIAN SMEAR: 0.8432373710093088 secs
PyQUDA INFO: GPU used 49.9 GB, cupy pool 38.3 GB, cupy live 13.4 GB
PyQUDA INFO: CONTRACT ALL: 0.9189164910058025 secs
PyQUDA INFO: UNTIL CONTRACTION: 6.224136039993027 secs
PyQUDA INFO: INNER LOOP STARTS
PyQUDA INFO: SOURCE POSITION = [np.int64(16), np.int64(16), np.int64(0), np.int64(0)]
PyQUDA INFO: DOING SRC GAUSSIAN SMEARING
PyQUDA INFO: SOURCE GAUSSIAN SMEAR: 0.816225841990672 secs
PyQUDA INFO: RELOADING GAUGE
PyQUDA INFO: RELOADING GAUGE: 0.2565998630016111 secs
PyQUDA INFO: SOLVING DIRAC EQ
GCR: Convergence at 17 iterations, n = 0, L2 relative residual: iterated = 3.398012e-11, true = 3.398012e-11 (requested = 1.000000e-10)
GCR: Convergence at 17 iterations, n = 1, L2 relative residual: iterated = 3.243206e-11, true = 3.243206e-11 (requested = 1.000000e-10)
GCR: Convergence at 17 iterations, n = 2, L2 relative residual: iterated = 4.572555e-11, true = 4.572555e-11 (requested = 1.000000e-10)
GCR: Convergence at 17 iterations, n = 3, L2 relative residual: iterated = 3.248094e-11, true = 3.248094e-11 (requested = 1.000000e-10)
GCR: Convergence at 17 iterations, n = 4, L2 relative residual: iterated = 3.852546e-11, true = 3.852546e-11 (requested = 1.000000e-10)
GCR: Convergence at 17 iterations, n = 5, L2 relative residual: iterated = 5.761431e-11, true = 5.761431e-11 (requested = 1.000000e-10)
GCR: Convergence at 17 iterations, n = 6, L2 relative residual: iterated = 3.957239e-11, true = 3.957239e-11 (requested = 1.000000e-10)
GCR: Convergence at 17 iterations, n = 7, L2 relative residual: iterated = 3.557961e-11, true = 3.557961e-11 (requested = 1.000000e-10)
GCR: Convergence at 17 iterations, n = 8, L2 relative residual: iterated = 3.667210e-11, true = 3.667210e-11 (requested = 1.000000e-10)
GCR: Convergence at 17 iterations, n = 9, L2 relative residual: iterated = 3.794678e-11, true = 3.794678e-11 (requested = 1.000000e-10)
GCR: Convergence at 17 iterations, n = 10, L2 relative residual: iterated = 4.812594e-11, true = 4.812594e-11 (requested = 1.000000e-10)
GCR: Convergence at 17 iterations, n = 11, L2 relative residual: iterated = 4.523922e-11, true = 4.523922e-11 (requested = 1.000000e-10)
PyQUDA INFO: Time = 1.648 secs, Performance = 14271.001 GFLOPS
GCR: Convergence at 17 iterations, n = 0, L2 relative residual: iterated = 3.445824e-11, true = 3.445824e-11 (requested = 1.000000e-10)
GCR: Convergence at 17 iterations, n = 1, L2 relative residual: iterated = 3.400086e-11, true = 3.400086e-11 (requested = 1.000000e-10)
GCR: Convergence at 17 iterations, n = 2, L2 relative residual: iterated = 2.964203e-11, true = 2.964203e-11 (requested = 1.000000e-10)
GCR: Convergence at 17 iterations, n = 3, L2 relative residual: iterated = 3.874038e-11, true = 3.874038e-11 (requested = 1.000000e-10)
GCR: Convergence at 17 iterations, n = 4, L2 relative residual: iterated = 3.226358e-11, true = 3.226358e-11 (requested = 1.000000e-10)
GCR: Convergence at 17 iterations, n = 5, L2 relative residual: iterated = 2.652568e-11, true = 2.652568e-11 (requested = 1.000000e-10)
GCR: Convergence at 17 iterations, n = 6, L2 relative residual: iterated = 4.261165e-11, true = 4.261165e-11 (requested = 1.000000e-10)
GCR: Convergence at 17 iterations, n = 7, L2 relative residual: iterated = 3.539686e-11, true = 3.539686e-11 (requested = 1.000000e-10)
GCR: Convergence at 17 iterations, n = 8, L2 relative residual: iterated = 3.593795e-11, true = 3.593795e-11 (requested = 1.000000e-10)
GCR: Convergence at 17 iterations, n = 9, L2 relative residual: iterated = 3.479009e-11, true = 3.479009e-11 (requested = 1.000000e-10)
GCR: Convergence at 17 iterations, n = 10, L2 relative residual: iterated = 3.241581e-11, true = 3.241581e-11 (requested = 1.000000e-10)
GCR: Convergence at 17 iterations, n = 11, L2 relative residual: iterated = 2.583488e-11, true = 2.583488e-11 (requested = 1.000000e-10)
PyQUDA INFO: Time = 1.680 secs, Performance = 13990.780 GFLOPS
PyQUDA INFO: INVERT 2 propagagors: 3.331053564994363 secs
PyQUDA INFO: DOING SINK GAUSSIAN SMEARING
PyQUDA INFO: SINK GAUSSIAN SMEAR: 0.8414196720113978 secs
PyQUDA INFO: GPU used 49.9 GB, cupy pool 38.3 GB, cupy live 13.4 GB
PyQUDA INFO: CONTRACT ALL: 0.9190588530036621 secs
PyQUDA INFO: UNTIL CONTRACTION: 6.209727171022678 secs
PyQUDA INFO: INNER LOOP STARTS
PyQUDA INFO: SOURCE POSITION = [np.int64(16), np.int64(16), np.int64(16), np.int64(0)]
PyQUDA INFO: DOING SRC GAUSSIAN SMEARING
PyQUDA INFO: SOURCE GAUSSIAN SMEAR: 0.8126195049844682 secs
PyQUDA INFO: RELOADING GAUGE
PyQUDA INFO: RELOADING GAUGE: 0.2581187809992116 secs
PyQUDA INFO: SOLVING DIRAC EQ
GCR: Convergence at 17 iterations, n = 0, L2 relative residual: iterated = 4.712578e-11, true = 4.712578e-11 (requested = 1.000000e-10)
GCR: Convergence at 17 iterations, n = 1, L2 relative residual: iterated = 4.635174e-11, true = 4.635174e-11 (requested = 1.000000e-10)
GCR: Convergence at 17 iterations, n = 2, L2 relative residual: iterated = 3.109386e-11, true = 3.109386e-11 (requested = 1.000000e-10)
GCR: Convergence at 17 iterations, n = 3, L2 relative residual: iterated = 4.384397e-11, true = 4.384397e-11 (requested = 1.000000e-10)
GCR: Convergence at 17 iterations, n = 4, L2 relative residual: iterated = 4.102459e-11, true = 4.102459e-11 (requested = 1.000000e-10)
GCR: Convergence at 17 iterations, n = 5, L2 relative residual: iterated = 4.476974e-11, true = 4.476974e-11 (requested = 1.000000e-10)
GCR: Convergence at 17 iterations, n = 6, L2 relative residual: iterated = 5.044415e-11, true = 5.044415e-11 (requested = 1.000000e-10)
GCR: Convergence at 17 iterations, n = 7, L2 relative residual: iterated = 3.326699e-11, true = 3.326699e-11 (requested = 1.000000e-10)
GCR: Convergence at 17 iterations, n = 8, L2 relative residual: iterated = 5.167635e-11, true = 5.167635e-11 (requested = 1.000000e-10)
GCR: Convergence at 17 iterations, n = 9, L2 relative residual: iterated = 4.148237e-11, true = 4.148237e-11 (requested = 1.000000e-10)
GCR: Convergence at 17 iterations, n = 10, L2 relative residual: iterated = 3.669563e-11, true = 3.669563e-11 (requested = 1.000000e-10)
GCR: Convergence at 17 iterations, n = 11, L2 relative residual: iterated = 3.616646e-11, true = 3.616646e-11 (requested = 1.000000e-10)
PyQUDA INFO: Time = 1.661 secs, Performance = 14303.909 GFLOPS
GCR: Convergence at 17 iterations, n = 0, L2 relative residual: iterated = 5.177160e-11, true = 5.177160e-11 (requested = 1.000000e-10)
GCR: Convergence at 17 iterations, n = 1, L2 relative residual: iterated = 5.354932e-11, true = 5.354932e-11 (requested = 1.000000e-10)
GCR: Convergence at 17 iterations, n = 2, L2 relative residual: iterated = 2.876001e-11, true = 2.876001e-11 (requested = 1.000000e-10)
GCR: Convergence at 17 iterations, n = 3, L2 relative residual: iterated = 5.821536e-11, true = 5.821536e-11 (requested = 1.000000e-10)
GCR: Convergence at 17 iterations, n = 4, L2 relative residual: iterated = 5.092927e-11, true = 5.092927e-11 (requested = 1.000000e-10)
GCR: Convergence at 17 iterations, n = 5, L2 relative residual: iterated = 5.962948e-11, true = 5.962948e-11 (requested = 1.000000e-10)
GCR: Convergence at 17 iterations, n = 6, L2 relative residual: iterated = 4.396189e-11, true = 4.396189e-11 (requested = 1.000000e-10)
GCR: Convergence at 17 iterations, n = 7, L2 relative residual: iterated = 2.555899e-11, true = 2.555899e-11 (requested = 1.000000e-10)
GCR: Convergence at 17 iterations, n = 8, L2 relative residual: iterated = 4.493806e-11, true = 4.493806e-11 (requested = 1.000000e-10)
GCR: Convergence at 17 iterations, n = 9, L2 relative residual: iterated = 7.208563e-11, true = 7.208563e-11 (requested = 1.000000e-10)
GCR: Convergence at 17 iterations, n = 10, L2 relative residual: iterated = 5.626365e-11, true = 5.626365e-11 (requested = 1.000000e-10)
GCR: Convergence at 17 iterations, n = 11, L2 relative residual: iterated = 6.164669e-11, true = 6.164669e-11 (requested = 1.000000e-10)
PyQUDA INFO: Time = 1.692 secs, Performance = 14034.855 GFLOPS
PyQUDA INFO: INVERT 2 propagagors: 3.355864641984226 secs
PyQUDA INFO: DOING SINK GAUSSIAN SMEARING
PyQUDA INFO: SINK GAUSSIAN SMEAR: 0.9626510310044978 secs
PyQUDA INFO: GPU used 49.9 GB, cupy pool 38.3 GB, cupy live 13.4 GB
PyQUDA INFO: CONTRACT ALL: 0.9192741340084467 secs
PyQUDA INFO: UNTIL CONTRACTION: 6.35472844200558 secs
PyQUDA INFO: INNER LOOP STARTS
PyQUDA INFO: SOURCE POSITION = [np.int64(0), np.int64(0), np.int64(0), np.int64(32)]
PyQUDA INFO: DOING SRC GAUSSIAN SMEARING
PyQUDA INFO: SOURCE GAUSSIAN SMEAR: 0.8135498389892746 secs
PyQUDA INFO: RELOADING GAUGE
PyQUDA INFO: RELOADING GAUGE: 0.26386464800452814 secs
PyQUDA INFO: SOLVING DIRAC EQ
GCR: Convergence at 17 iterations, n = 0, L2 relative residual: iterated = 5.223215e-11, true = 5.223215e-11 (requested = 1.000000e-10)
GCR: Convergence at 17 iterations, n = 1, L2 relative residual: iterated = 3.583629e-11, true = 3.583629e-11 (requested = 1.000000e-10)
GCR: Convergence at 17 iterations, n = 2, L2 relative residual: iterated = 5.604348e-11, true = 5.604348e-11 (requested = 1.000000e-10)
GCR: Convergence at 17 iterations, n = 3, L2 relative residual: iterated = 6.136846e-11, true = 6.136846e-11 (requested = 1.000000e-10)
GCR: Convergence at 17 iterations, n = 4, L2 relative residual: iterated = 6.210560e-11, true = 6.210560e-11 (requested = 1.000000e-10)
GCR: Convergence at 17 iterations, n = 5, L2 relative residual: iterated = 2.695481e-11, true = 2.695481e-11 (requested = 1.000000e-10)
GCR: Convergence at 17 iterations, n = 6, L2 relative residual: iterated = 3.631769e-11, true = 3.631769e-11 (requested = 1.000000e-10)
GCR: Convergence at 17 iterations, n = 7, L2 relative residual: iterated = 3.760991e-11, true = 3.760991e-11 (requested = 1.000000e-10)
GCR: Convergence at 17 iterations, n = 8, L2 relative residual: iterated = 3.314461e-11, true = 3.314461e-11 (requested = 1.000000e-10)
GCR: Convergence at 17 iterations, n = 9, L2 relative residual: iterated = 4.484526e-11, true = 4.484526e-11 (requested = 1.000000e-10)
GCR: Convergence at 17 iterations, n = 10, L2 relative residual: iterated = 3.168558e-11, true = 3.168558e-11 (requested = 1.000000e-10)
GCR: Convergence at 17 iterations, n = 11, L2 relative residual: iterated = 3.303081e-11, true = 3.303081e-11 (requested = 1.000000e-10)
PyQUDA INFO: Time = 1.663 secs, Performance = 14279.854 GFLOPS
GCR: Convergence at 17 iterations, n = 0, L2 relative residual: iterated = 5.618563e-11, true = 5.618563e-11 (requested = 1.000000e-10)
GCR: Convergence at 17 iterations, n = 1, L2 relative residual: iterated = 6.663138e-11, true = 6.663138e-11 (requested = 1.000000e-10)
GCR: Convergence at 17 iterations, n = 2, L2 relative residual: iterated = 6.660438e-11, true = 6.660438e-11 (requested = 1.000000e-10)
GCR: Convergence at 17 iterations, n = 3, L2 relative residual: iterated = 4.879229e-11, true = 4.879229e-11 (requested = 1.000000e-10)
GCR: Convergence at 17 iterations, n = 4, L2 relative residual: iterated = 4.809737e-11, true = 4.809737e-11 (requested = 1.000000e-10)
GCR: Convergence at 17 iterations, n = 5, L2 relative residual: iterated = 2.687020e-11, true = 2.687020e-11 (requested = 1.000000e-10)
GCR: Convergence at 17 iterations, n = 6, L2 relative residual: iterated = 5.735008e-11, true = 5.735008e-11 (requested = 1.000000e-10)
GCR: Convergence at 17 iterations, n = 7, L2 relative residual: iterated = 4.116293e-11, true = 4.116293e-11 (requested = 1.000000e-10)
GCR: Convergence at 17 iterations, n = 8, L2 relative residual: iterated = 5.978352e-11, true = 5.978352e-11 (requested = 1.000000e-10)
GCR: Convergence at 17 iterations, n = 9, L2 relative residual: iterated = 4.121223e-11, true = 4.121223e-11 (requested = 1.000000e-10)
GCR: Convergence at 17 iterations, n = 10, L2 relative residual: iterated = 3.030904e-11, true = 3.030904e-11 (requested = 1.000000e-10)
GCR: Convergence at 17 iterations, n = 11, L2 relative residual: iterated = 3.426635e-11, true = 3.426635e-11 (requested = 1.000000e-10)
PyQUDA INFO: Time = 1.692 secs, Performance = 14035.405 GFLOPS
PyQUDA INFO: INVERT 2 propagagors: 3.356975906994194 secs
PyQUDA INFO: DOING SINK GAUSSIAN SMEARING
PyQUDA INFO: SINK GAUSSIAN SMEAR: 0.9635200350021478 secs
PyQUDA INFO: GPU used 49.9 GB, cupy pool 38.3 GB, cupy live 13.4 GB
PyQUDA INFO: CONTRACT ALL: 0.9189458519977052 secs
PyQUDA INFO: UNTIL CONTRACTION: 6.361333303007996 secs
PyQUDA INFO: INNER LOOP STARTS
PyQUDA INFO: SOURCE POSITION = [np.int64(0), np.int64(0), np.int64(16), np.int64(32)]
PyQUDA INFO: DOING SRC GAUSSIAN SMEARING
PyQUDA INFO: SOURCE GAUSSIAN SMEAR: 0.8165086939989123 secs
PyQUDA INFO: RELOADING GAUGE
PyQUDA INFO: RELOADING GAUGE: 0.25834322097944096 secs
PyQUDA INFO: SOLVING DIRAC EQ
GCR: Convergence at 17 iterations, n = 0, L2 relative residual: iterated = 3.252928e-11, true = 3.252928e-11 (requested = 1.000000e-10)
GCR: Convergence at 17 iterations, n = 1, L2 relative residual: iterated = 1.421765e-11, true = 1.421765e-11 (requested = 1.000000e-10)
GCR: Convergence at 17 iterations, n = 2, L2 relative residual: iterated = 3.652734e-11, true = 3.652734e-11 (requested = 1.000000e-10)
GCR: Convergence at 17 iterations, n = 3, L2 relative residual: iterated = 3.246226e-11, true = 3.246226e-11 (requested = 1.000000e-10)
GCR: Convergence at 17 iterations, n = 4, L2 relative residual: iterated = 3.703763e-11, true = 3.703763e-11 (requested = 1.000000e-10)
GCR: Convergence at 17 iterations, n = 5, L2 relative residual: iterated = 3.473728e-11, true = 3.473728e-11 (requested = 1.000000e-10)
GCR: Convergence at 17 iterations, n = 6, L2 relative residual: iterated = 3.570924e-11, true = 3.570924e-11 (requested = 1.000000e-10)
GCR: Convergence at 17 iterations, n = 7, L2 relative residual: iterated = 5.965761e-11, true = 5.965761e-11 (requested = 1.000000e-10)
GCR: Convergence at 17 iterations, n = 8, L2 relative residual: iterated = 5.131796e-11, true = 5.131796e-11 (requested = 1.000000e-10)
GCR: Convergence at 17 iterations, n = 9, L2 relative residual: iterated = 5.306534e-11, true = 5.306534e-11 (requested = 1.000000e-10)
GCR: Convergence at 17 iterations, n = 10, L2 relative residual: iterated = 3.992943e-11, true = 3.992943e-11 (requested = 1.000000e-10)
GCR: Convergence at 17 iterations, n = 11, L2 relative residual: iterated = 2.811035e-11, true = 2.811035e-11 (requested = 1.000000e-10)
PyQUDA INFO: Time = 1.675 secs, Performance = 14229.347 GFLOPS
GCR: Convergence at 17 iterations, n = 0, L2 relative residual: iterated = 6.531856e-11, true = 6.531856e-11 (requested = 1.000000e-10)
GCR: Convergence at 17 iterations, n = 1, L2 relative residual: iterated = 4.043435e-11, true = 4.043435e-11 (requested = 1.000000e-10)
GCR: Convergence at 17 iterations, n = 2, L2 relative residual: iterated = 4.201541e-11, true = 4.201541e-11 (requested = 1.000000e-10)
GCR: Convergence at 17 iterations, n = 3, L2 relative residual: iterated = 3.345240e-11, true = 3.345240e-11 (requested = 1.000000e-10)
GCR: Convergence at 17 iterations, n = 4, L2 relative residual: iterated = 6.219731e-11, true = 6.219731e-11 (requested = 1.000000e-10)
GCR: Convergence at 17 iterations, n = 5, L2 relative residual: iterated = 3.449241e-11, true = 3.449241e-11 (requested = 1.000000e-10)
GCR: Convergence at 17 iterations, n = 6, L2 relative residual: iterated = 2.973170e-11, true = 2.973170e-11 (requested = 1.000000e-10)
GCR: Convergence at 17 iterations, n = 7, L2 relative residual: iterated = 5.482243e-11, true = 5.482243e-11 (requested = 1.000000e-10)
GCR: Convergence at 17 iterations, n = 8, L2 relative residual: iterated = 4.242061e-11, true = 4.242061e-11 (requested = 1.000000e-10)
GCR: Convergence at 17 iterations, n = 9, L2 relative residual: iterated = 6.260205e-11, true = 6.260205e-11 (requested = 1.000000e-10)
GCR: Convergence at 17 iterations, n = 10, L2 relative residual: iterated = 5.891856e-11, true = 5.891856e-11 (requested = 1.000000e-10)
GCR: Convergence at 17 iterations, n = 11, L2 relative residual: iterated = 6.562940e-11, true = 6.562940e-11 (requested = 1.000000e-10)
PyQUDA INFO: Time = 1.694 secs, Performance = 14030.860 GFLOPS
PyQUDA INFO: INVERT 2 propagagors: 3.3711706150206737 secs
PyQUDA INFO: DOING SINK GAUSSIAN SMEARING
PyQUDA INFO: SINK GAUSSIAN SMEAR: 0.9580530189850833 secs
PyQUDA INFO: GPU used 49.9 GB, cupy pool 38.3 GB, cupy live 13.4 GB
PyQUDA INFO: CONTRACT ALL: 0.9187445209827274 secs
PyQUDA INFO: UNTIL CONTRACTION: 6.369671333988663 secs
PyQUDA INFO: INNER LOOP STARTS
PyQUDA INFO: SOURCE POSITION = [np.int64(0), np.int64(16), np.int64(0), np.int64(32)]
PyQUDA INFO: DOING SRC GAUSSIAN SMEARING
PyQUDA INFO: SOURCE GAUSSIAN SMEAR: 0.8115715299791191 secs
PyQUDA INFO: RELOADING GAUGE
PyQUDA INFO: RELOADING GAUGE: 0.2599562289833557 secs
PyQUDA INFO: SOLVING DIRAC EQ
GCR: Convergence at 17 iterations, n = 0, L2 relative residual: iterated = 2.822692e-11, true = 2.822692e-11 (requested = 1.000000e-10)
GCR: Convergence at 17 iterations, n = 1, L2 relative residual: iterated = 4.760990e-11, true = 4.760990e-11 (requested = 1.000000e-10)
GCR: Convergence at 17 iterations, n = 2, L2 relative residual: iterated = 4.821301e-11, true = 4.821301e-11 (requested = 1.000000e-10)
GCR: Convergence at 17 iterations, n = 3, L2 relative residual: iterated = 8.246601e-11, true = 8.246601e-11 (requested = 1.000000e-10)
GCR: Convergence at 17 iterations, n = 4, L2 relative residual: iterated = 4.660349e-11, true = 4.660349e-11 (requested = 1.000000e-10)
GCR: Convergence at 17 iterations, n = 5, L2 relative residual: iterated = 6.084271e-11, true = 6.084271e-11 (requested = 1.000000e-10)
GCR: Convergence at 17 iterations, n = 6, L2 relative residual: iterated = 3.298738e-11, true = 3.298738e-11 (requested = 1.000000e-10)
GCR: Convergence at 17 iterations, n = 7, L2 relative residual: iterated = 2.836772e-11, true = 2.836772e-11 (requested = 1.000000e-10)
GCR: Convergence at 17 iterations, n = 8, L2 relative residual: iterated = 4.385658e-11, true = 4.385658e-11 (requested = 1.000000e-10)
GCR: Convergence at 17 iterations, n = 9, L2 relative residual: iterated = 4.097700e-11, true = 4.097700e-11 (requested = 1.000000e-10)
GCR: Convergence at 17 iterations, n = 10, L2 relative residual: iterated = 4.940588e-11, true = 4.940588e-11 (requested = 1.000000e-10)
GCR: Convergence at 17 iterations, n = 11, L2 relative residual: iterated = 4.494494e-11, true = 4.494494e-11 (requested = 1.000000e-10)
PyQUDA INFO: Time = 1.670 secs, Performance = 14228.964 GFLOPS
GCR: Convergence at 17 iterations, n = 0, L2 relative residual: iterated = 3.372604e-11, true = 3.372604e-11 (requested = 1.000000e-10)
GCR: Convergence at 17 iterations, n = 1, L2 relative residual: iterated = 3.159314e-11, true = 3.159314e-11 (requested = 1.000000e-10)
GCR: Convergence at 17 iterations, n = 2, L2 relative residual: iterated = 4.270352e-11, true = 4.270352e-11 (requested = 1.000000e-10)
GCR: Convergence at 17 iterations, n = 3, L2 relative residual: iterated = 4.166510e-11, true = 4.166510e-11 (requested = 1.000000e-10)
GCR: Convergence at 17 iterations, n = 4, L2 relative residual: iterated = 2.714645e-11, true = 2.714645e-11 (requested = 1.000000e-10)
GCR: Convergence at 17 iterations, n = 5, L2 relative residual: iterated = 4.197069e-11, true = 4.197069e-11 (requested = 1.000000e-10)
GCR: Convergence at 17 iterations, n = 6, L2 relative residual: iterated = 4.148342e-11, true = 4.148342e-11 (requested = 1.000000e-10)
GCR: Convergence at 17 iterations, n = 7, L2 relative residual: iterated = 4.132192e-11, true = 4.132192e-11 (requested = 1.000000e-10)
GCR: Convergence at 17 iterations, n = 8, L2 relative residual: iterated = 3.453686e-11, true = 3.453686e-11 (requested = 1.000000e-10)
GCR: Convergence at 17 iterations, n = 9, L2 relative residual: iterated = 3.001270e-11, true = 3.001270e-11 (requested = 1.000000e-10)
GCR: Convergence at 17 iterations, n = 10, L2 relative residual: iterated = 4.188969e-11, true = 4.188969e-11 (requested = 1.000000e-10)
GCR: Convergence at 17 iterations, n = 11, L2 relative residual: iterated = 2.774413e-11, true = 2.774413e-11 (requested = 1.000000e-10)
PyQUDA INFO: Time = 1.681 secs, Performance = 14010.676 GFLOPS
PyQUDA INFO: INVERT 2 propagagors: 3.3530118679918814 secs
PyQUDA INFO: DOING SINK GAUSSIAN SMEARING
PyQUDA INFO: SINK GAUSSIAN SMEAR: 0.8342384679999668 secs
PyQUDA INFO: GPU used 49.9 GB, cupy pool 38.3 GB, cupy live 13.4 GB
PyQUDA INFO: CONTRACT ALL: 0.9199455070192926 secs
PyQUDA INFO: UNTIL CONTRACTION: 6.223277445998974 secs
PyQUDA INFO: INNER LOOP STARTS
PyQUDA INFO: SOURCE POSITION = [np.int64(0), np.int64(16), np.int64(16), np.int64(32)]
PyQUDA INFO: DOING SRC GAUSSIAN SMEARING
PyQUDA INFO: SOURCE GAUSSIAN SMEAR: 0.815242668002611 secs
PyQUDA INFO: RELOADING GAUGE
PyQUDA INFO: RELOADING GAUGE: 0.26063860300928354 secs
PyQUDA INFO: SOLVING DIRAC EQ
GCR: Convergence at 17 iterations, n = 0, L2 relative residual: iterated = 5.405011e-11, true = 5.405011e-11 (requested = 1.000000e-10)
GCR: Convergence at 17 iterations, n = 1, L2 relative residual: iterated = 3.441076e-11, true = 3.441076e-11 (requested = 1.000000e-10)
GCR: Convergence at 17 iterations, n = 2, L2 relative residual: iterated = 4.251402e-11, true = 4.251402e-11 (requested = 1.000000e-10)
GCR: Convergence at 17 iterations, n = 3, L2 relative residual: iterated = 4.092515e-11, true = 4.092515e-11 (requested = 1.000000e-10)
GCR: Convergence at 17 iterations, n = 4, L2 relative residual: iterated = 7.423876e-11, true = 7.423876e-11 (requested = 1.000000e-10)
GCR: Convergence at 17 iterations, n = 5, L2 relative residual: iterated = 3.795694e-11, true = 3.795694e-11 (requested = 1.000000e-10)
GCR: Convergence at 17 iterations, n = 6, L2 relative residual: iterated = 4.636445e-11, true = 4.636445e-11 (requested = 1.000000e-10)
GCR: Convergence at 17 iterations, n = 7, L2 relative residual: iterated = 4.119918e-11, true = 4.119918e-11 (requested = 1.000000e-10)
GCR: Convergence at 17 iterations, n = 8, L2 relative residual: iterated = 2.923485e-11, true = 2.923485e-11 (requested = 1.000000e-10)
GCR: Convergence at 17 iterations, n = 9, L2 relative residual: iterated = 2.960929e-11, true = 2.960929e-11 (requested = 1.000000e-10)
GCR: Convergence at 17 iterations, n = 10, L2 relative residual: iterated = 5.023239e-11, true = 5.023239e-11 (requested = 1.000000e-10)
GCR: Convergence at 17 iterations, n = 11, L2 relative residual: iterated = 6.130776e-11, true = 6.130776e-11 (requested = 1.000000e-10)
PyQUDA INFO: Time = 1.660 secs, Performance = 14324.768 GFLOPS
GCR: Convergence at 17 iterations, n = 0, L2 relative residual: iterated = 6.220492e-11, true = 6.220492e-11 (requested = 1.000000e-10)
GCR: Convergence at 17 iterations, n = 1, L2 relative residual: iterated = 3.263999e-11, true = 3.263999e-11 (requested = 1.000000e-10)
GCR: Convergence at 17 iterations, n = 2, L2 relative residual: iterated = 4.901415e-11, true = 4.901415e-11 (requested = 1.000000e-10)
GCR: Convergence at 17 iterations, n = 3, L2 relative residual: iterated = 3.116954e-11, true = 3.116954e-11 (requested = 1.000000e-10)
GCR: Convergence at 17 iterations, n = 4, L2 relative residual: iterated = 4.340165e-11, true = 4.340165e-11 (requested = 1.000000e-10)
GCR: Convergence at 17 iterations, n = 5, L2 relative residual: iterated = 3.131527e-11, true = 3.131527e-11 (requested = 1.000000e-10)
GCR: Convergence at 17 iterations, n = 6, L2 relative residual: iterated = 4.321912e-11, true = 4.321912e-11 (requested = 1.000000e-10)
GCR: Convergence at 17 iterations, n = 7, L2 relative residual: iterated = 4.362813e-11, true = 4.362813e-11 (requested = 1.000000e-10)
GCR: Convergence at 17 iterations, n = 8, L2 relative residual: iterated = 4.942133e-11, true = 4.942133e-11 (requested = 1.000000e-10)
GCR: Convergence at 17 iterations, n = 9, L2 relative residual: iterated = 3.347312e-11, true = 3.347312e-11 (requested = 1.000000e-10)
GCR: Convergence at 17 iterations, n = 10, L2 relative residual: iterated = 3.001186e-11, true = 3.001186e-11 (requested = 1.000000e-10)
GCR: Convergence at 17 iterations, n = 11, L2 relative residual: iterated = 4.500629e-11, true = 4.500629e-11 (requested = 1.000000e-10)
PyQUDA INFO: Time = 1.689 secs, Performance = 14065.567 GFLOPS
PyQUDA INFO: INVERT 2 propagagors: 3.3515101419761777 secs
PyQUDA INFO: DOING SINK GAUSSIAN SMEARING
PyQUDA INFO: SINK GAUSSIAN SMEAR: 0.8487500570190605 secs
PyQUDA INFO: GPU used 49.9 GB, cupy pool 38.3 GB, cupy live 13.4 GB
PyQUDA INFO: CONTRACT ALL: 0.9199720169999637 secs
PyQUDA INFO: UNTIL CONTRACTION: 6.241077981016133 secs
PyQUDA INFO: INNER LOOP STARTS
PyQUDA INFO: SOURCE POSITION = [np.int64(16), np.int64(0), np.int64(0), np.int64(32)]
PyQUDA INFO: DOING SRC GAUSSIAN SMEARING
PyQUDA INFO: SOURCE GAUSSIAN SMEAR: 0.8153270980110392 secs
PyQUDA INFO: RELOADING GAUGE
PyQUDA INFO: RELOADING GAUGE: 0.25922448601340875 secs
PyQUDA INFO: SOLVING DIRAC EQ
GCR: Convergence at 17 iterations, n = 0, L2 relative residual: iterated = 3.487206e-11, true = 3.487206e-11 (requested = 1.000000e-10)
GCR: Convergence at 17 iterations, n = 1, L2 relative residual: iterated = 3.672879e-11, true = 3.672879e-11 (requested = 1.000000e-10)
GCR: Convergence at 17 iterations, n = 2, L2 relative residual: iterated = 4.050095e-11, true = 4.050095e-11 (requested = 1.000000e-10)
GCR: Convergence at 17 iterations, n = 3, L2 relative residual: iterated = 4.182143e-11, true = 4.182143e-11 (requested = 1.000000e-10)
GCR: Convergence at 17 iterations, n = 4, L2 relative residual: iterated = 2.475692e-11, true = 2.475692e-11 (requested = 1.000000e-10)
GCR: Convergence at 17 iterations, n = 5, L2 relative residual: iterated = 2.927510e-11, true = 2.927510e-11 (requested = 1.000000e-10)
GCR: Convergence at 17 iterations, n = 6, L2 relative residual: iterated = 9.678207e-11, true = 9.678207e-11 (requested = 1.000000e-10)
GCR: Convergence at 17 iterations, n = 7, L2 relative residual: iterated = 5.492603e-11, true = 5.492603e-11 (requested = 1.000000e-10)
GCR: Convergence at 17 iterations, n = 8, L2 relative residual: iterated = 7.532019e-11, true = 7.532019e-11 (requested = 1.000000e-10)
GCR: Convergence at 17 iterations, n = 9, L2 relative residual: iterated = 4.871623e-11, true = 4.871623e-11 (requested = 1.000000e-10)
GCR: Convergence at 17 iterations, n = 10, L2 relative residual: iterated = 7.127451e-11, true = 7.127451e-11 (requested = 1.000000e-10)
GCR: Convergence at 17 iterations, n = 11, L2 relative residual: iterated = 8.560912e-11, true = 8.560912e-11 (requested = 1.000000e-10)
PyQUDA INFO: Time = 1.663 secs, Performance = 14319.430 GFLOPS
GCR: Convergence at 17 iterations, n = 0, L2 relative residual: iterated = 2.905213e-11, true = 2.905213e-11 (requested = 1.000000e-10)
GCR: Convergence at 17 iterations, n = 1, L2 relative residual: iterated = 3.104384e-11, true = 3.104384e-11 (requested = 1.000000e-10)
GCR: Convergence at 17 iterations, n = 2, L2 relative residual: iterated = 2.267204e-11, true = 2.267204e-11 (requested = 1.000000e-10)
GCR: Convergence at 17 iterations, n = 3, L2 relative residual: iterated = 2.117893e-11, true = 2.117893e-11 (requested = 1.000000e-10)
GCR: Convergence at 17 iterations, n = 4, L2 relative residual: iterated = 3.578472e-11, true = 3.578472e-11 (requested = 1.000000e-10)
GCR: Convergence at 17 iterations, n = 5, L2 relative residual: iterated = 2.855818e-11, true = 2.855818e-11 (requested = 1.000000e-10)
GCR: Convergence at 17 iterations, n = 6, L2 relative residual: iterated = 2.814293e-11, true = 2.814293e-11 (requested = 1.000000e-10)
GCR: Convergence at 17 iterations, n = 7, L2 relative residual: iterated = 7.380587e-11, true = 7.380587e-11 (requested = 1.000000e-10)
GCR: Convergence at 17 iterations, n = 8, L2 relative residual: iterated = 5.312641e-11, true = 5.312641e-11 (requested = 1.000000e-10)
GCR: Convergence at 17 iterations, n = 9, L2 relative residual: iterated = 3.935992e-11, true = 3.935992e-11 (requested = 1.000000e-10)
GCR: Convergence at 17 iterations, n = 10, L2 relative residual: iterated = 6.047362e-11, true = 6.047362e-11 (requested = 1.000000e-10)
GCR: Convergence at 17 iterations, n = 11, L2 relative residual: iterated = 5.693496e-11, true = 5.693496e-11 (requested = 1.000000e-10)
PyQUDA INFO: Time = 1.693 secs, Performance = 14041.625 GFLOPS
PyQUDA INFO: INVERT 2 propagagors: 3.3576996810152195 secs
PyQUDA INFO: DOING SINK GAUSSIAN SMEARING
PyQUDA INFO: SINK GAUSSIAN SMEAR: 0.9584101100044791 secs
PyQUDA INFO: GPU used 49.9 GB, cupy pool 38.3 GB, cupy live 13.4 GB
PyQUDA INFO: CONTRACT ALL: 0.9199467569997068 secs
PyQUDA INFO: UNTIL CONTRACTION: 6.355470265989425 secs
PyQUDA INFO: INNER LOOP STARTS
PyQUDA INFO: SOURCE POSITION = [np.int64(16), np.int64(0), np.int64(16), np.int64(32)]
PyQUDA INFO: DOING SRC GAUSSIAN SMEARING
PyQUDA INFO: SOURCE GAUSSIAN SMEAR: 0.814503974019317 secs
PyQUDA INFO: RELOADING GAUGE
PyQUDA INFO: RELOADING GAUGE: 0.256236461980734 secs
PyQUDA INFO: SOLVING DIRAC EQ
GCR: Convergence at 17 iterations, n = 0, L2 relative residual: iterated = 3.483661e-11, true = 3.483661e-11 (requested = 1.000000e-10)
GCR: Convergence at 17 iterations, n = 1, L2 relative residual: iterated = 4.375157e-11, true = 4.375157e-11 (requested = 1.000000e-10)
GCR: Convergence at 17 iterations, n = 2, L2 relative residual: iterated = 7.798921e-11, true = 7.798921e-11 (requested = 1.000000e-10)
GCR: Convergence at 17 iterations, n = 3, L2 relative residual: iterated = 3.856412e-11, true = 3.856412e-11 (requested = 1.000000e-10)
GCR: Convergence at 17 iterations, n = 4, L2 relative residual: iterated = 8.488088e-11, true = 8.488088e-11 (requested = 1.000000e-10)
GCR: Convergence at 17 iterations, n = 5, L2 relative residual: iterated = 2.059355e-11, true = 2.059355e-11 (requested = 1.000000e-10)
GCR: Convergence at 17 iterations, n = 6, L2 relative residual: iterated = 4.094889e-11, true = 4.094889e-11 (requested = 1.000000e-10)
GCR: Convergence at 17 iterations, n = 7, L2 relative residual: iterated = 4.268500e-11, true = 4.268500e-11 (requested = 1.000000e-10)
GCR: Convergence at 17 iterations, n = 8, L2 relative residual: iterated = 4.550263e-11, true = 4.550263e-11 (requested = 1.000000e-10)
GCR: Convergence at 17 iterations, n = 9, L2 relative residual: iterated = 4.282559e-11, true = 4.282559e-11 (requested = 1.000000e-10)
GCR: Convergence at 17 iterations, n = 10, L2 relative residual: iterated = 4.056509e-11, true = 4.056509e-11 (requested = 1.000000e-10)
GCR: Convergence at 17 iterations, n = 11, L2 relative residual: iterated = 4.002013e-11, true = 4.002013e-11 (requested = 1.000000e-10)
PyQUDA INFO: Time = 1.664 secs, Performance = 14291.314 GFLOPS
GCR: Convergence at 17 iterations, n = 0, L2 relative residual: iterated = 3.611922e-11, true = 3.611922e-11 (requested = 1.000000e-10)
GCR: Convergence at 17 iterations, n = 1, L2 relative residual: iterated = 3.877818e-11, true = 3.877818e-11 (requested = 1.000000e-10)
GCR: Convergence at 17 iterations, n = 2, L2 relative residual: iterated = 9.366081e-11, true = 9.366081e-11 (requested = 1.000000e-10)
GCR: Convergence at 17 iterations, n = 3, L2 relative residual: iterated = 4.341857e-11, true = 4.341857e-11 (requested = 1.000000e-10)
GCR: Convergence at 17 iterations, n = 4, L2 relative residual: iterated = 9.373900e-11, true = 9.373900e-11 (requested = 1.000000e-10)
GCR: Convergence at 17 iterations, n = 5, L2 relative residual: iterated = 4.882096e-11, true = 4.882096e-11 (requested = 1.000000e-10)
GCR: Convergence at 17 iterations, n = 6, L2 relative residual: iterated = 4.404309e-11, true = 4.404309e-11 (requested = 1.000000e-10)
GCR: Convergence at 17 iterations, n = 7, L2 relative residual: iterated = 4.611406e-11, true = 4.611406e-11 (requested = 1.000000e-10)
GCR: Convergence at 17 iterations, n = 8, L2 relative residual: iterated = 4.819567e-11, true = 4.819567e-11 (requested = 1.000000e-10)
GCR: Convergence at 17 iterations, n = 9, L2 relative residual: iterated = 5.614004e-11, true = 5.614004e-11 (requested = 1.000000e-10)
GCR: Convergence at 17 iterations, n = 10, L2 relative residual: iterated = 4.940174e-11, true = 4.940174e-11 (requested = 1.000000e-10)
GCR: Convergence at 17 iterations, n = 11, L2 relative residual: iterated = 5.531887e-11, true = 5.531887e-11 (requested = 1.000000e-10)
PyQUDA INFO: Time = 1.688 secs, Performance = 14081.084 GFLOPS
PyQUDA INFO: INVERT 2 propagagors: 3.3532000700070057 secs
PyQUDA INFO: DOING SINK GAUSSIAN SMEARING
PyQUDA INFO: SINK GAUSSIAN SMEAR: 0.9654566840035841 secs
PyQUDA INFO: GPU used 49.9 GB, cupy pool 38.3 GB, cupy live 13.4 GB
PyQUDA INFO: CONTRACT ALL: 0.9192207230080385 secs
PyQUDA INFO: UNTIL CONTRACTION: 6.35205116000725 secs
PyQUDA INFO: INNER LOOP STARTS
PyQUDA INFO: SOURCE POSITION = [np.int64(16), np.int64(16), np.int64(0), np.int64(32)]
PyQUDA INFO: DOING SRC GAUSSIAN SMEARING
PyQUDA INFO: SOURCE GAUSSIAN SMEAR: 0.8145484039850999 secs
PyQUDA INFO: RELOADING GAUGE
PyQUDA INFO: RELOADING GAUGE: 0.2621665699989535 secs
PyQUDA INFO: SOLVING DIRAC EQ
GCR: Convergence at 17 iterations, n = 0, L2 relative residual: iterated = 3.649865e-11, true = 3.649865e-11 (requested = 1.000000e-10)
GCR: Convergence at 17 iterations, n = 1, L2 relative residual: iterated = 2.844935e-11, true = 2.844935e-11 (requested = 1.000000e-10)
GCR: Convergence at 17 iterations, n = 2, L2 relative residual: iterated = 3.348362e-11, true = 3.348362e-11 (requested = 1.000000e-10)
GCR: Convergence at 17 iterations, n = 3, L2 relative residual: iterated = 4.605634e-11, true = 4.605634e-11 (requested = 1.000000e-10)
GCR: Convergence at 17 iterations, n = 4, L2 relative residual: iterated = 4.481673e-11, true = 4.481673e-11 (requested = 1.000000e-10)
GCR: Convergence at 17 iterations, n = 5, L2 relative residual: iterated = 3.671918e-11, true = 3.671918e-11 (requested = 1.000000e-10)
GCR: Convergence at 17 iterations, n = 6, L2 relative residual: iterated = 2.679144e-11, true = 2.679144e-11 (requested = 1.000000e-10)
GCR: Convergence at 17 iterations, n = 7, L2 relative residual: iterated = 3.187139e-11, true = 3.187139e-11 (requested = 1.000000e-10)
GCR: Convergence at 17 iterations, n = 8, L2 relative residual: iterated = 3.651720e-11, true = 3.651720e-11 (requested = 1.000000e-10)
GCR: Convergence at 17 iterations, n = 9, L2 relative residual: iterated = 2.262992e-11, true = 2.262992e-11 (requested = 1.000000e-10)
GCR: Convergence at 17 iterations, n = 10, L2 relative residual: iterated = 3.701866e-11, true = 3.701866e-11 (requested = 1.000000e-10)
GCR: Convergence at 17 iterations, n = 11, L2 relative residual: iterated = 3.197987e-11, true = 3.197987e-11 (requested = 1.000000e-10)
PyQUDA INFO: Time = 1.646 secs, Performance = 14301.784 GFLOPS
GCR: Convergence at 17 iterations, n = 0, L2 relative residual: iterated = 4.391156e-11, true = 4.391156e-11 (requested = 1.000000e-10)
GCR: Convergence at 17 iterations, n = 1, L2 relative residual: iterated = 3.044699e-11, true = 3.044699e-11 (requested = 1.000000e-10)
GCR: Convergence at 17 iterations, n = 2, L2 relative residual: iterated = 2.969103e-11, true = 2.969103e-11 (requested = 1.000000e-10)
GCR: Convergence at 17 iterations, n = 3, L2 relative residual: iterated = 3.144836e-11, true = 3.144836e-11 (requested = 1.000000e-10)
GCR: Convergence at 17 iterations, n = 4, L2 relative residual: iterated = 3.125108e-11, true = 3.125108e-11 (requested = 1.000000e-10)
GCR: Convergence at 17 iterations, n = 5, L2 relative residual: iterated = 2.472395e-11, true = 2.472395e-11 (requested = 1.000000e-10)
GCR: Convergence at 17 iterations, n = 6, L2 relative residual: iterated = 2.837861e-11, true = 2.837861e-11 (requested = 1.000000e-10)
GCR: Convergence at 17 iterations, n = 7, L2 relative residual: iterated = 2.577229e-11, true = 2.577229e-11 (requested = 1.000000e-10)
GCR: Convergence at 17 iterations, n = 8, L2 relative residual: iterated = 3.442817e-11, true = 3.442817e-11 (requested = 1.000000e-10)
GCR: Convergence at 17 iterations, n = 9, L2 relative residual: iterated = 2.922470e-11, true = 2.922470e-11 (requested = 1.000000e-10)
GCR: Convergence at 17 iterations, n = 10, L2 relative residual: iterated = 3.530093e-11, true = 3.530093e-11 (requested = 1.000000e-10)
GCR: Convergence at 17 iterations, n = 11, L2 relative residual: iterated = 2.295364e-11, true = 2.295364e-11 (requested = 1.000000e-10)
PyQUDA INFO: Time = 1.687 secs, Performance = 13945.491 GFLOPS
PyQUDA INFO: INVERT 2 propagagors: 3.335458994988585 secs
PyQUDA INFO: DOING SINK GAUSSIAN SMEARING
PyQUDA INFO: SINK GAUSSIAN SMEAR: 0.9557586080045439 secs
PyQUDA INFO: GPU used 49.9 GB, cupy pool 38.3 GB, cupy live 13.4 GB
PyQUDA INFO: CONTRACT ALL: 0.9199848969874438 secs
PyQUDA INFO: UNTIL CONTRACTION: 6.333121358999051 secs
PyQUDA INFO: INNER LOOP STARTS
PyQUDA INFO: SOURCE POSITION = [np.int64(16), np.int64(16), np.int64(16), np.int64(32)]
PyQUDA INFO: DOING SRC GAUSSIAN SMEARING
PyQUDA INFO: SOURCE GAUSSIAN SMEAR: 0.8180849209893495 secs
PyQUDA INFO: RELOADING GAUGE
PyQUDA INFO: RELOADING GAUGE: 0.26351837601396255 secs
PyQUDA INFO: SOLVING DIRAC EQ
GCR: Convergence at 17 iterations, n = 0, L2 relative residual: iterated = 4.028792e-11, true = 4.028792e-11 (requested = 1.000000e-10)
GCR: Convergence at 17 iterations, n = 1, L2 relative residual: iterated = 5.898429e-11, true = 5.898429e-11 (requested = 1.000000e-10)
GCR: Convergence at 17 iterations, n = 2, L2 relative residual: iterated = 2.929343e-11, true = 2.929343e-11 (requested = 1.000000e-10)
GCR: Convergence at 17 iterations, n = 3, L2 relative residual: iterated = 3.890232e-11, true = 3.890232e-11 (requested = 1.000000e-10)
GCR: Convergence at 17 iterations, n = 4, L2 relative residual: iterated = 3.602204e-11, true = 3.602204e-11 (requested = 1.000000e-10)
GCR: Convergence at 17 iterations, n = 5, L2 relative residual: iterated = 4.296210e-11, true = 4.296210e-11 (requested = 1.000000e-10)
GCR: Convergence at 17 iterations, n = 6, L2 relative residual: iterated = 3.680325e-11, true = 3.680325e-11 (requested = 1.000000e-10)
GCR: Convergence at 17 iterations, n = 7, L2 relative residual: iterated = 5.121448e-11, true = 5.121448e-11 (requested = 1.000000e-10)
GCR: Convergence at 17 iterations, n = 8, L2 relative residual: iterated = 2.712272e-11, true = 2.712272e-11 (requested = 1.000000e-10)
GCR: Convergence at 17 iterations, n = 9, L2 relative residual: iterated = 2.729105e-11, true = 2.729105e-11 (requested = 1.000000e-10)
GCR: Convergence at 17 iterations, n = 10, L2 relative residual: iterated = 5.773776e-11, true = 5.773776e-11 (requested = 1.000000e-10)
GCR: Convergence at 17 iterations, n = 11, L2 relative residual: iterated = 2.889594e-11, true = 2.889594e-11 (requested = 1.000000e-10)
PyQUDA INFO: Time = 1.656 secs, Performance = 14188.773 GFLOPS
GCR: Convergence at 17 iterations, n = 0, L2 relative residual: iterated = 3.799358e-11, true = 3.799358e-11 (requested = 1.000000e-10)
GCR: Convergence at 17 iterations, n = 1, L2 relative residual: iterated = 3.124465e-11, true = 3.124465e-11 (requested = 1.000000e-10)
GCR: Convergence at 17 iterations, n = 2, L2 relative residual: iterated = 4.900528e-11, true = 4.900528e-11 (requested = 1.000000e-10)
GCR: Convergence at 17 iterations, n = 3, L2 relative residual: iterated = 3.679906e-11, true = 3.679906e-11 (requested = 1.000000e-10)
GCR: Convergence at 17 iterations, n = 4, L2 relative residual: iterated = 3.494351e-11, true = 3.494351e-11 (requested = 1.000000e-10)
GCR: Convergence at 17 iterations, n = 5, L2 relative residual: iterated = 3.984594e-11, true = 3.984594e-11 (requested = 1.000000e-10)
GCR: Convergence at 17 iterations, n = 6, L2 relative residual: iterated = 4.030918e-11, true = 4.030918e-11 (requested = 1.000000e-10)
GCR: Convergence at 17 iterations, n = 7, L2 relative residual: iterated = 2.569010e-11, true = 2.569010e-11 (requested = 1.000000e-10)
GCR: Convergence at 17 iterations, n = 8, L2 relative residual: iterated = 5.717900e-11, true = 5.717900e-11 (requested = 1.000000e-10)
GCR: Convergence at 17 iterations, n = 9, L2 relative residual: iterated = 3.641588e-11, true = 3.641588e-11 (requested = 1.000000e-10)
GCR: Convergence at 17 iterations, n = 10, L2 relative residual: iterated = 3.670720e-11, true = 3.670720e-11 (requested = 1.000000e-10)
GCR: Convergence at 17 iterations, n = 11, L2 relative residual: iterated = 5.044633e-11, true = 5.044633e-11 (requested = 1.000000e-10)
PyQUDA INFO: Time = 1.683 secs, Performance = 14014.776 GFLOPS
PyQUDA INFO: INVERT 2 propagagors: 3.3405851790157612 secs
PyQUDA INFO: DOING SINK GAUSSIAN SMEARING
PyQUDA INFO: SINK GAUSSIAN SMEAR: 0.8439024850085843 secs
PyQUDA INFO: GPU used 49.9 GB, cupy pool 38.3 GB, cupy live 13.4 GB
PyQUDA INFO: CONTRACT ALL: 0.9196117749961559 secs
PyQUDA INFO: UNTIL CONTRACTION: 6.230958672997076 secs
PyQUDA INFO: INNER LOOP STARTS
PyQUDA INFO: SOURCE POSITION = [np.int64(0), np.int64(0), np.int64(0), np.int64(64)]
PyQUDA INFO: DOING SRC GAUSSIAN SMEARING
PyQUDA INFO: SOURCE GAUSSIAN SMEAR: 0.8145109839970246 secs
PyQUDA INFO: RELOADING GAUGE
PyQUDA INFO: RELOADING GAUGE: 0.2565768630011007 secs
PyQUDA INFO: SOLVING DIRAC EQ
GCR: Convergence at 17 iterations, n = 0, L2 relative residual: iterated = 3.966277e-11, true = 3.966277e-11 (requested = 1.000000e-10)
GCR: Convergence at 17 iterations, n = 1, L2 relative residual: iterated = 5.213159e-11, true = 5.213159e-11 (requested = 1.000000e-10)
GCR: Convergence at 17 iterations, n = 2, L2 relative residual: iterated = 3.388750e-11, true = 3.388750e-11 (requested = 1.000000e-10)
GCR: Convergence at 17 iterations, n = 3, L2 relative residual: iterated = 4.431329e-11, true = 4.431329e-11 (requested = 1.000000e-10)
GCR: Convergence at 17 iterations, n = 4, L2 relative residual: iterated = 3.842829e-11, true = 3.842829e-11 (requested = 1.000000e-10)
GCR: Convergence at 17 iterations, n = 5, L2 relative residual: iterated = 3.362281e-11, true = 3.362281e-11 (requested = 1.000000e-10)
GCR: Convergence at 17 iterations, n = 6, L2 relative residual: iterated = 2.390491e-11, true = 2.390491e-11 (requested = 1.000000e-10)
GCR: Convergence at 17 iterations, n = 7, L2 relative residual: iterated = 3.819994e-11, true = 3.819994e-11 (requested = 1.000000e-10)
GCR: Convergence at 17 iterations, n = 8, L2 relative residual: iterated = 2.436209e-11, true = 2.436209e-11 (requested = 1.000000e-10)
GCR: Convergence at 17 iterations, n = 9, L2 relative residual: iterated = 3.650603e-11, true = 3.650603e-11 (requested = 1.000000e-10)
GCR: Convergence at 17 iterations, n = 10, L2 relative residual: iterated = 3.263331e-11, true = 3.263331e-11 (requested = 1.000000e-10)
GCR: Convergence at 17 iterations, n = 11, L2 relative residual: iterated = 3.171430e-11, true = 3.171430e-11 (requested = 1.000000e-10)
PyQUDA INFO: Time = 1.655 secs, Performance = 14237.887 GFLOPS
GCR: Convergence at 17 iterations, n = 0, L2 relative residual: iterated = 4.507944e-11, true = 4.507944e-11 (requested = 1.000000e-10)
GCR: Convergence at 17 iterations, n = 1, L2 relative residual: iterated = 4.277127e-11, true = 4.277127e-11 (requested = 1.000000e-10)
GCR: Convergence at 17 iterations, n = 2, L2 relative residual: iterated = 3.355969e-11, true = 3.355969e-11 (requested = 1.000000e-10)
GCR: Convergence at 17 iterations, n = 3, L2 relative residual: iterated = 4.584188e-11, true = 4.584188e-11 (requested = 1.000000e-10)
GCR: Convergence at 17 iterations, n = 4, L2 relative residual: iterated = 4.364778e-11, true = 4.364778e-11 (requested = 1.000000e-10)
GCR: Convergence at 17 iterations, n = 5, L2 relative residual: iterated = 4.489372e-11, true = 4.489372e-11 (requested = 1.000000e-10)
GCR: Convergence at 17 iterations, n = 6, L2 relative residual: iterated = 4.083357e-11, true = 4.083357e-11 (requested = 1.000000e-10)
GCR: Convergence at 17 iterations, n = 7, L2 relative residual: iterated = 3.756908e-11, true = 3.756908e-11 (requested = 1.000000e-10)
GCR: Convergence at 17 iterations, n = 8, L2 relative residual: iterated = 4.718316e-11, true = 4.718316e-11 (requested = 1.000000e-10)
GCR: Convergence at 17 iterations, n = 9, L2 relative residual: iterated = 4.015077e-11, true = 4.015077e-11 (requested = 1.000000e-10)
GCR: Convergence at 17 iterations, n = 10, L2 relative residual: iterated = 3.509893e-11, true = 3.509893e-11 (requested = 1.000000e-10)
GCR: Convergence at 17 iterations, n = 11, L2 relative residual: iterated = 3.743491e-11, true = 3.743491e-11 (requested = 1.000000e-10)
PyQUDA INFO: Time = 1.681 secs, Performance = 14014.993 GFLOPS
PyQUDA INFO: INVERT 2 propagagors: 3.338428128976375 secs
PyQUDA INFO: DOING SINK GAUSSIAN SMEARING
PyQUDA INFO: SINK GAUSSIAN SMEAR: 0.9637802859942894 secs
PyQUDA INFO: GPU used 49.9 GB, cupy pool 38.3 GB, cupy live 13.4 GB
PyQUDA INFO: CONTRACT ALL: 0.918956501991488 secs
PyQUDA INFO: UNTIL CONTRACTION: 6.336770046997117 secs
PyQUDA INFO: INNER LOOP STARTS
PyQUDA INFO: SOURCE POSITION = [np.int64(0), np.int64(0), np.int64(16), np.int64(64)]
PyQUDA INFO: DOING SRC GAUSSIAN SMEARING
PyQUDA INFO: SOURCE GAUSSIAN SMEAR: 0.8172824670036789 secs
PyQUDA INFO: RELOADING GAUGE
PyQUDA INFO: RELOADING GAUGE: 0.26023653100128286 secs
PyQUDA INFO: SOLVING DIRAC EQ
GCR: Convergence at 17 iterations, n = 0, L2 relative residual: iterated = 2.577804e-11, true = 2.577804e-11 (requested = 1.000000e-10)
GCR: Convergence at 17 iterations, n = 1, L2 relative residual: iterated = 2.371409e-11, true = 2.371409e-11 (requested = 1.000000e-10)
GCR: Convergence at 17 iterations, n = 2, L2 relative residual: iterated = 2.513502e-11, true = 2.513502e-11 (requested = 1.000000e-10)
GCR: Convergence at 17 iterations, n = 3, L2 relative residual: iterated = 5.449162e-11, true = 5.449162e-11 (requested = 1.000000e-10)
GCR: Convergence at 17 iterations, n = 4, L2 relative residual: iterated = 2.211227e-11, true = 2.211227e-11 (requested = 1.000000e-10)
GCR: Convergence at 17 iterations, n = 5, L2 relative residual: iterated = 2.707824e-11, true = 2.707824e-11 (requested = 1.000000e-10)
GCR: Convergence at 17 iterations, n = 6, L2 relative residual: iterated = 6.710338e-11, true = 6.710338e-11 (requested = 1.000000e-10)
GCR: Convergence at 17 iterations, n = 7, L2 relative residual: iterated = 5.125823e-11, true = 5.125823e-11 (requested = 1.000000e-10)
GCR: Convergence at 17 iterations, n = 8, L2 relative residual: iterated = 3.857797e-11, true = 3.857797e-11 (requested = 1.000000e-10)
GCR: Convergence at 17 iterations, n = 9, L2 relative residual: iterated = 5.103523e-11, true = 5.103523e-11 (requested = 1.000000e-10)
GCR: Convergence at 17 iterations, n = 10, L2 relative residual: iterated = 6.258041e-11, true = 6.258041e-11 (requested = 1.000000e-10)
GCR: Convergence at 17 iterations, n = 11, L2 relative residual: iterated = 5.947193e-11, true = 5.947193e-11 (requested = 1.000000e-10)
PyQUDA INFO: Time = 1.661 secs, Performance = 14303.375 GFLOPS
GCR: Convergence at 17 iterations, n = 0, L2 relative residual: iterated = 2.339185e-11, true = 2.339185e-11 (requested = 1.000000e-10)
GCR: Convergence at 17 iterations, n = 1, L2 relative residual: iterated = 4.819869e-11, true = 4.819869e-11 (requested = 1.000000e-10)
GCR: Convergence at 17 iterations, n = 2, L2 relative residual: iterated = 3.911595e-11, true = 3.911595e-11 (requested = 1.000000e-10)
GCR: Convergence at 17 iterations, n = 3, L2 relative residual: iterated = 2.776692e-11, true = 2.776692e-11 (requested = 1.000000e-10)
GCR: Convergence at 17 iterations, n = 4, L2 relative residual: iterated = 3.360404e-11, true = 3.360404e-11 (requested = 1.000000e-10)
GCR: Convergence at 17 iterations, n = 5, L2 relative residual: iterated = 2.433784e-11, true = 2.433784e-11 (requested = 1.000000e-10)
GCR: Convergence at 17 iterations, n = 6, L2 relative residual: iterated = 7.926780e-11, true = 7.926780e-11 (requested = 1.000000e-10)
GCR: Convergence at 17 iterations, n = 7, L2 relative residual: iterated = 3.970711e-11, true = 3.970711e-11 (requested = 1.000000e-10)
GCR: Convergence at 17 iterations, n = 8, L2 relative residual: iterated = 5.202060e-11, true = 5.202060e-11 (requested = 1.000000e-10)
GCR: Convergence at 17 iterations, n = 9, L2 relative residual: iterated = 3.942308e-11, true = 3.942308e-11 (requested = 1.000000e-10)
GCR: Convergence at 17 iterations, n = 10, L2 relative residual: iterated = 5.379059e-11, true = 5.379059e-11 (requested = 1.000000e-10)
GCR: Convergence at 17 iterations, n = 11, L2 relative residual: iterated = 6.607488e-11, true = 6.607488e-11 (requested = 1.000000e-10)
PyQUDA INFO: Time = 1.699 secs, Performance = 13997.685 GFLOPS
PyQUDA INFO: INVERT 2 propagagors: 3.362656095006969 secs
PyQUDA INFO: DOING SINK GAUSSIAN SMEARING
PyQUDA INFO: SINK GAUSSIAN SMEAR: 0.9697741139971185 secs
PyQUDA INFO: GPU used 49.9 GB, cupy pool 38.3 GB, cupy live 13.4 GB
PyQUDA INFO: CONTRACT ALL: 0.9189016119926237 secs
PyQUDA INFO: UNTIL CONTRACTION: 6.375162979995366 secs
PyQUDA INFO: INNER LOOP STARTS
PyQUDA INFO: SOURCE POSITION = [np.int64(0), np.int64(16), np.int64(0), np.int64(64)]
PyQUDA INFO: DOING SRC GAUSSIAN SMEARING
PyQUDA INFO: SOURCE GAUSSIAN SMEAR: 0.8203768219973426 secs
PyQUDA INFO: RELOADING GAUGE
PyQUDA INFO: RELOADING GAUGE: 0.2628686139942147 secs
PyQUDA INFO: SOLVING DIRAC EQ
GCR: Convergence at 17 iterations, n = 0, L2 relative residual: iterated = 2.719373e-11, true = 2.719373e-11 (requested = 1.000000e-10)
GCR: Convergence at 17 iterations, n = 1, L2 relative residual: iterated = 4.246415e-11, true = 4.246415e-11 (requested = 1.000000e-10)
GCR: Convergence at 17 iterations, n = 2, L2 relative residual: iterated = 3.933426e-11, true = 3.933426e-11 (requested = 1.000000e-10)
GCR: Convergence at 17 iterations, n = 3, L2 relative residual: iterated = 5.604585e-11, true = 5.604585e-11 (requested = 1.000000e-10)
GCR: Convergence at 17 iterations, n = 4, L2 relative residual: iterated = 5.565005e-11, true = 5.565005e-11 (requested = 1.000000e-10)
GCR: Convergence at 17 iterations, n = 5, L2 relative residual: iterated = 6.088835e-11, true = 6.088835e-11 (requested = 1.000000e-10)
GCR: Convergence at 17 iterations, n = 6, L2 relative residual: iterated = 6.563432e-11, true = 6.563432e-11 (requested = 1.000000e-10)
GCR: Convergence at 17 iterations, n = 7, L2 relative residual: iterated = 5.806847e-11, true = 5.806847e-11 (requested = 1.000000e-10)
GCR: Convergence at 17 iterations, n = 8, L2 relative residual: iterated = 5.853965e-11, true = 5.853965e-11 (requested = 1.000000e-10)
GCR: Convergence at 17 iterations, n = 9, L2 relative residual: iterated = 5.518695e-11, true = 5.518695e-11 (requested = 1.000000e-10)
GCR: Convergence at 17 iterations, n = 10, L2 relative residual: iterated = 3.691160e-11, true = 3.691160e-11 (requested = 1.000000e-10)
GCR: Convergence at 17 iterations, n = 11, L2 relative residual: iterated = 6.349327e-11, true = 6.349327e-11 (requested = 1.000000e-10)
PyQUDA INFO: Time = 1.664 secs, Performance = 14294.483 GFLOPS
GCR: Convergence at 17 iterations, n = 0, L2 relative residual: iterated = 4.767797e-11, true = 4.767797e-11 (requested = 1.000000e-10)
GCR: Convergence at 17 iterations, n = 1, L2 relative residual: iterated = 4.457030e-11, true = 4.457030e-11 (requested = 1.000000e-10)
GCR: Convergence at 17 iterations, n = 2, L2 relative residual: iterated = 4.381358e-11, true = 4.381358e-11 (requested = 1.000000e-10)
GCR: Convergence at 17 iterations, n = 3, L2 relative residual: iterated = 5.240491e-11, true = 5.240491e-11 (requested = 1.000000e-10)
GCR: Convergence at 17 iterations, n = 4, L2 relative residual: iterated = 2.944139e-11, true = 2.944139e-11 (requested = 1.000000e-10)
GCR: Convergence at 17 iterations, n = 5, L2 relative residual: iterated = 2.012802e-11, true = 2.012802e-11 (requested = 1.000000e-10)
GCR: Convergence at 17 iterations, n = 6, L2 relative residual: iterated = 4.166506e-11, true = 4.166506e-11 (requested = 1.000000e-10)
GCR: Convergence at 17 iterations, n = 7, L2 relative residual: iterated = 4.986221e-11, true = 4.986221e-11 (requested = 1.000000e-10)
GCR: Convergence at 17 iterations, n = 8, L2 relative residual: iterated = 4.695330e-11, true = 4.695330e-11 (requested = 1.000000e-10)
GCR: Convergence at 17 iterations, n = 9, L2 relative residual: iterated = 5.033415e-11, true = 5.033415e-11 (requested = 1.000000e-10)
GCR: Convergence at 17 iterations, n = 10, L2 relative residual: iterated = 3.812256e-11, true = 3.812256e-11 (requested = 1.000000e-10)
GCR: Convergence at 17 iterations, n = 11, L2 relative residual: iterated = 5.637897e-11, true = 5.637897e-11 (requested = 1.000000e-10)
PyQUDA INFO: Time = 1.684 secs, Performance = 14013.762 GFLOPS
PyQUDA INFO: INVERT 2 propagagors: 3.3494711320090573 secs
PyQUDA INFO: DOING SINK GAUSSIAN SMEARING
PyQUDA INFO: SINK GAUSSIAN SMEAR: 0.8323917690140661 secs
PyQUDA INFO: GPU used 49.9 GB, cupy pool 38.3 GB, cupy live 13.4 GB
PyQUDA INFO: CONTRACT ALL: 0.9200016270042397 secs
PyQUDA INFO: UNTIL CONTRACTION: 6.230140458006645 secs
PyQUDA INFO: INNER LOOP STARTS
PyQUDA INFO: SOURCE POSITION = [np.int64(0), np.int64(16), np.int64(16), np.int64(64)]
PyQUDA INFO: DOING SRC GAUSSIAN SMEARING
PyQUDA INFO: SOURCE GAUSSIAN SMEAR: 0.813052637007786 secs
PyQUDA INFO: RELOADING GAUGE
PyQUDA INFO: RELOADING GAUGE: 0.25649926299229264 secs
PyQUDA INFO: SOLVING DIRAC EQ
GCR: Convergence at 17 iterations, n = 0, L2 relative residual: iterated = 4.935033e-11, true = 4.935033e-11 (requested = 1.000000e-10)
GCR: Convergence at 17 iterations, n = 1, L2 relative residual: iterated = 2.288858e-11, true = 2.288858e-11 (requested = 1.000000e-10)
GCR: Convergence at 17 iterations, n = 2, L2 relative residual: iterated = 6.428513e-11, true = 6.428513e-11 (requested = 1.000000e-10)
GCR: Convergence at 17 iterations, n = 3, L2 relative residual: iterated = 2.452200e-11, true = 2.452200e-11 (requested = 1.000000e-10)
GCR: Convergence at 17 iterations, n = 4, L2 relative residual: iterated = 5.319682e-11, true = 5.319682e-11 (requested = 1.000000e-10)
GCR: Convergence at 17 iterations, n = 5, L2 relative residual: iterated = 4.412854e-11, true = 4.412854e-11 (requested = 1.000000e-10)
GCR: Convergence at 17 iterations, n = 6, L2 relative residual: iterated = 2.363582e-11, true = 2.363582e-11 (requested = 1.000000e-10)
GCR: Convergence at 17 iterations, n = 7, L2 relative residual: iterated = 3.201146e-11, true = 3.201146e-11 (requested = 1.000000e-10)
GCR: Convergence at 17 iterations, n = 8, L2 relative residual: iterated = 2.705168e-11, true = 2.705168e-11 (requested = 1.000000e-10)
GCR: Convergence at 17 iterations, n = 9, L2 relative residual: iterated = 2.502566e-11, true = 2.502566e-11 (requested = 1.000000e-10)
GCR: Convergence at 17 iterations, n = 10, L2 relative residual: iterated = 2.275529e-11, true = 2.275529e-11 (requested = 1.000000e-10)
GCR: Convergence at 17 iterations, n = 11, L2 relative residual: iterated = 2.208929e-11, true = 2.208929e-11 (requested = 1.000000e-10)
PyQUDA INFO: Time = 1.660 secs, Performance = 14329.024 GFLOPS
GCR: Convergence at 17 iterations, n = 0, L2 relative residual: iterated = 5.936499e-11, true = 5.936499e-11 (requested = 1.000000e-10)
GCR: Convergence at 17 iterations, n = 1, L2 relative residual: iterated = 3.852841e-11, true = 3.852841e-11 (requested = 1.000000e-10)
GCR: Convergence at 17 iterations, n = 2, L2 relative residual: iterated = 7.133758e-11, true = 7.133758e-11 (requested = 1.000000e-10)
GCR: Convergence at 17 iterations, n = 3, L2 relative residual: iterated = 5.162809e-11, true = 5.162809e-11 (requested = 1.000000e-10)
GCR: Convergence at 17 iterations, n = 4, L2 relative residual: iterated = 6.945203e-11, true = 6.945203e-11 (requested = 1.000000e-10)
GCR: Convergence at 17 iterations, n = 5, L2 relative residual: iterated = 3.451124e-11, true = 3.451124e-11 (requested = 1.000000e-10)
GCR: Convergence at 17 iterations, n = 6, L2 relative residual: iterated = 3.515451e-11, true = 3.515451e-11 (requested = 1.000000e-10)
GCR: Convergence at 17 iterations, n = 7, L2 relative residual: iterated = 4.895964e-11, true = 4.895964e-11 (requested = 1.000000e-10)
GCR: Convergence at 17 iterations, n = 8, L2 relative residual: iterated = 2.740596e-11, true = 2.740596e-11 (requested = 1.000000e-10)
GCR: Convergence at 17 iterations, n = 9, L2 relative residual: iterated = 4.269681e-11, true = 4.269681e-11 (requested = 1.000000e-10)
GCR: Convergence at 17 iterations, n = 10, L2 relative residual: iterated = 2.860921e-11, true = 2.860921e-11 (requested = 1.000000e-10)
GCR: Convergence at 17 iterations, n = 11, L2 relative residual: iterated = 3.572331e-11, true = 3.572331e-11 (requested = 1.000000e-10)
PyQUDA INFO: Time = 1.693 secs, Performance = 14014.227 GFLOPS
PyQUDA INFO: INVERT 2 propagagors: 3.3554320609837305 secs
PyQUDA INFO: DOING SINK GAUSSIAN SMEARING
PyQUDA INFO: SINK GAUSSIAN SMEAR: 0.954021190002095 secs
PyQUDA INFO: GPU used 49.9 GB, cupy pool 38.3 GB, cupy live 13.4 GB
PyQUDA INFO: CONTRACT ALL: 0.9199733270215802 secs
PyQUDA INFO: UNTIL CONTRACTION: 6.342449824005598 secs
PyQUDA INFO: INNER LOOP STARTS
PyQUDA INFO: SOURCE POSITION = [np.int64(16), np.int64(0), np.int64(0), np.int64(64)]
PyQUDA INFO: DOING SRC GAUSSIAN SMEARING
PyQUDA INFO: SOURCE GAUSSIAN SMEAR: 0.8154649389907718 secs
PyQUDA INFO: RELOADING GAUGE
PyQUDA INFO: RELOADING GAUGE: 0.26053452299674973 secs
PyQUDA INFO: SOLVING DIRAC EQ
GCR: Convergence at 17 iterations, n = 0, L2 relative residual: iterated = 3.327424e-11, true = 3.327424e-11 (requested = 1.000000e-10)
GCR: Convergence at 17 iterations, n = 1, L2 relative residual: iterated = 7.874532e-11, true = 7.874532e-11 (requested = 1.000000e-10)
GCR: Convergence at 17 iterations, n = 2, L2 relative residual: iterated = 3.662426e-11, true = 3.662426e-11 (requested = 1.000000e-10)
GCR: Convergence at 17 iterations, n = 3, L2 relative residual: iterated = 7.257123e-11, true = 7.257123e-11 (requested = 1.000000e-10)
GCR: Convergence at 17 iterations, n = 4, L2 relative residual: iterated = 4.063856e-11, true = 4.063856e-11 (requested = 1.000000e-10)
GCR: Convergence at 17 iterations, n = 5, L2 relative residual: iterated = 5.733757e-11, true = 5.733757e-11 (requested = 1.000000e-10)
GCR: Convergence at 17 iterations, n = 6, L2 relative residual: iterated = 2.829039e-11, true = 2.829039e-11 (requested = 1.000000e-10)
GCR: Convergence at 17 iterations, n = 7, L2 relative residual: iterated = 3.991734e-11, true = 3.991734e-11 (requested = 1.000000e-10)
GCR: Convergence at 17 iterations, n = 8, L2 relative residual: iterated = 2.885565e-11, true = 2.885565e-11 (requested = 1.000000e-10)
GCR: Convergence at 17 iterations, n = 9, L2 relative residual: iterated = 3.353058e-11, true = 3.353058e-11 (requested = 1.000000e-10)
GCR: Convergence at 17 iterations, n = 10, L2 relative residual: iterated = 2.498623e-11, true = 2.498623e-11 (requested = 1.000000e-10)
GCR: Convergence at 17 iterations, n = 11, L2 relative residual: iterated = 3.088870e-11, true = 3.088870e-11 (requested = 1.000000e-10)
PyQUDA INFO: Time = 1.667 secs, Performance = 14323.924 GFLOPS
GCR: Convergence at 17 iterations, n = 0, L2 relative residual: iterated = 4.442866e-11, true = 4.442866e-11 (requested = 1.000000e-10)
GCR: Convergence at 17 iterations, n = 1, L2 relative residual: iterated = 9.436057e-11, true = 9.436057e-11 (requested = 1.000000e-10)
GCR: Convergence at 17 iterations, n = 2, L2 relative residual: iterated = 3.546207e-11, true = 3.546207e-11 (requested = 1.000000e-10)
GCR: Convergence at 17 iterations, n = 3, L2 relative residual: iterated = 6.298040e-11, true = 6.298040e-11 (requested = 1.000000e-10)
GCR: Convergence at 17 iterations, n = 4, L2 relative residual: iterated = 2.231090e-11, true = 2.231090e-11 (requested = 1.000000e-10)
GCR: Convergence at 17 iterations, n = 5, L2 relative residual: iterated = 7.116168e-11, true = 7.116168e-11 (requested = 1.000000e-10)
GCR: Convergence at 17 iterations, n = 6, L2 relative residual: iterated = 3.010856e-11, true = 3.010856e-11 (requested = 1.000000e-10)
GCR: Convergence at 17 iterations, n = 7, L2 relative residual: iterated = 3.216800e-11, true = 3.216800e-11 (requested = 1.000000e-10)
GCR: Convergence at 17 iterations, n = 8, L2 relative residual: iterated = 2.985582e-11, true = 2.985582e-11 (requested = 1.000000e-10)
GCR: Convergence at 17 iterations, n = 9, L2 relative residual: iterated = 3.334058e-11, true = 3.334058e-11 (requested = 1.000000e-10)
GCR: Convergence at 17 iterations, n = 10, L2 relative residual: iterated = 2.465830e-11, true = 2.465830e-11 (requested = 1.000000e-10)
GCR: Convergence at 17 iterations, n = 11, L2 relative residual: iterated = 3.049192e-11, true = 3.049192e-11 (requested = 1.000000e-10)
PyQUDA INFO: Time = 1.697 secs, Performance = 14046.021 GFLOPS
PyQUDA INFO: INVERT 2 propagagors: 3.365952960011782 secs
PyQUDA INFO: DOING SINK GAUSSIAN SMEARING
PyQUDA INFO: SINK GAUSSIAN SMEAR: 0.9597760679898784 secs
PyQUDA INFO: GPU used 49.9 GB, cupy pool 38.3 GB, cupy live 13.4 GB
PyQUDA INFO: CONTRACT ALL: 0.9196161159779876 secs
PyQUDA INFO: UNTIL CONTRACTION: 6.36657554100384 secs
PyQUDA INFO: INNER LOOP STARTS
PyQUDA INFO: SOURCE POSITION = [np.int64(16), np.int64(0), np.int64(16), np.int64(64)]
PyQUDA INFO: DOING SRC GAUSSIAN SMEARING
PyQUDA INFO: SOURCE GAUSSIAN SMEAR: 0.8121795330080204 secs
PyQUDA INFO: RELOADING GAUGE
PyQUDA INFO: RELOADING GAUGE: 0.25659608299611136 secs
PyQUDA INFO: SOLVING DIRAC EQ
GCR: Convergence at 17 iterations, n = 0, L2 relative residual: iterated = 3.586324e-11, true = 3.586324e-11 (requested = 1.000000e-10)
GCR: Convergence at 17 iterations, n = 1, L2 relative residual: iterated = 3.261384e-11, true = 3.261384e-11 (requested = 1.000000e-10)
GCR: Convergence at 17 iterations, n = 2, L2 relative residual: iterated = 3.526080e-11, true = 3.526080e-11 (requested = 1.000000e-10)
GCR: Convergence at 17 iterations, n = 3, L2 relative residual: iterated = 5.108346e-11, true = 5.108346e-11 (requested = 1.000000e-10)
GCR: Convergence at 17 iterations, n = 4, L2 relative residual: iterated = 3.178390e-11, true = 3.178390e-11 (requested = 1.000000e-10)
GCR: Convergence at 17 iterations, n = 5, L2 relative residual: iterated = 2.719756e-11, true = 2.719756e-11 (requested = 1.000000e-10)
GCR: Convergence at 17 iterations, n = 6, L2 relative residual: iterated = 3.154636e-11, true = 3.154636e-11 (requested = 1.000000e-10)
GCR: Convergence at 17 iterations, n = 7, L2 relative residual: iterated = 2.907720e-11, true = 2.907720e-11 (requested = 1.000000e-10)
GCR: Convergence at 17 iterations, n = 8, L2 relative residual: iterated = 2.378103e-11, true = 2.378103e-11 (requested = 1.000000e-10)
GCR: Convergence at 17 iterations, n = 9, L2 relative residual: iterated = 2.917512e-11, true = 2.917512e-11 (requested = 1.000000e-10)
GCR: Convergence at 17 iterations, n = 10, L2 relative residual: iterated = 3.822445e-11, true = 3.822445e-11 (requested = 1.000000e-10)
GCR: Convergence at 17 iterations, n = 11, L2 relative residual: iterated = 4.312114e-11, true = 4.312114e-11 (requested = 1.000000e-10)
PyQUDA INFO: Time = 1.659 secs, Performance = 14198.273 GFLOPS
GCR: Convergence at 17 iterations, n = 0, L2 relative residual: iterated = 3.637606e-11, true = 3.637606e-11 (requested = 1.000000e-10)
GCR: Convergence at 17 iterations, n = 1, L2 relative residual: iterated = 2.781033e-11, true = 2.781033e-11 (requested = 1.000000e-10)
GCR: Convergence at 17 iterations, n = 2, L2 relative residual: iterated = 4.261684e-11, true = 4.261684e-11 (requested = 1.000000e-10)
GCR: Convergence at 17 iterations, n = 3, L2 relative residual: iterated = 3.473891e-11, true = 3.473891e-11 (requested = 1.000000e-10)
GCR: Convergence at 17 iterations, n = 4, L2 relative residual: iterated = 2.436625e-11, true = 2.436625e-11 (requested = 1.000000e-10)
GCR: Convergence at 17 iterations, n = 5, L2 relative residual: iterated = 4.735334e-11, true = 4.735334e-11 (requested = 1.000000e-10)
GCR: Convergence at 17 iterations, n = 6, L2 relative residual: iterated = 3.637399e-11, true = 3.637399e-11 (requested = 1.000000e-10)
GCR: Convergence at 17 iterations, n = 7, L2 relative residual: iterated = 3.269542e-11, true = 3.269542e-11 (requested = 1.000000e-10)
GCR: Convergence at 17 iterations, n = 8, L2 relative residual: iterated = 3.512224e-11, true = 3.512224e-11 (requested = 1.000000e-10)
GCR: Convergence at 17 iterations, n = 9, L2 relative residual: iterated = 3.894832e-11, true = 3.894832e-11 (requested = 1.000000e-10)
GCR: Convergence at 17 iterations, n = 10, L2 relative residual: iterated = 2.872254e-11, true = 2.872254e-11 (requested = 1.000000e-10)
GCR: Convergence at 17 iterations, n = 11, L2 relative residual: iterated = 4.086604e-11, true = 4.086604e-11 (requested = 1.000000e-10)
PyQUDA INFO: Time = 1.683 secs, Performance = 13997.220 GFLOPS
PyQUDA INFO: INVERT 2 propagagors: 3.344718783017015 secs
PyQUDA INFO: DOING SINK GAUSSIAN SMEARING
PyQUDA INFO: SINK GAUSSIAN SMEAR: 0.9554648920020554 secs
PyQUDA INFO: GPU used 49.9 GB, cupy pool 38.3 GB, cupy live 13.4 GB
PyQUDA INFO: CONTRACT ALL: 0.9189399589959066 secs
PyQUDA INFO: UNTIL CONTRACTION: 6.333374097011983 secs
PyQUDA INFO: INNER LOOP STARTS
PyQUDA INFO: SOURCE POSITION = [np.int64(16), np.int64(16), np.int64(0), np.int64(64)]
PyQUDA INFO: DOING SRC GAUSSIAN SMEARING
PyQUDA INFO: SOURCE GAUSSIAN SMEAR: 0.8138090389838908 secs
PyQUDA INFO: RELOADING GAUGE
PyQUDA INFO: RELOADING GAUGE: 0.2569967710005585 secs
PyQUDA INFO: SOLVING DIRAC EQ
GCR: Convergence at 17 iterations, n = 0, L2 relative residual: iterated = 3.793362e-11, true = 3.793362e-11 (requested = 1.000000e-10)
GCR: Convergence at 17 iterations, n = 1, L2 relative residual: iterated = 6.056387e-11, true = 6.056387e-11 (requested = 1.000000e-10)
GCR: Convergence at 17 iterations, n = 2, L2 relative residual: iterated = 3.632763e-11, true = 3.632763e-11 (requested = 1.000000e-10)
GCR: Convergence at 17 iterations, n = 3, L2 relative residual: iterated = 2.101564e-11, true = 2.101564e-11 (requested = 1.000000e-10)
GCR: Convergence at 17 iterations, n = 4, L2 relative residual: iterated = 3.635277e-11, true = 3.635277e-11 (requested = 1.000000e-10)
GCR: Convergence at 17 iterations, n = 5, L2 relative residual: iterated = 5.356467e-11, true = 5.356467e-11 (requested = 1.000000e-10)
GCR: Convergence at 17 iterations, n = 6, L2 relative residual: iterated = 2.798021e-11, true = 2.798021e-11 (requested = 1.000000e-10)
GCR: Convergence at 17 iterations, n = 7, L2 relative residual: iterated = 4.586263e-11, true = 4.586263e-11 (requested = 1.000000e-10)
GCR: Convergence at 17 iterations, n = 8, L2 relative residual: iterated = 3.938013e-11, true = 3.938013e-11 (requested = 1.000000e-10)
GCR: Convergence at 17 iterations, n = 9, L2 relative residual: iterated = 3.544656e-11, true = 3.544656e-11 (requested = 1.000000e-10)
GCR: Convergence at 17 iterations, n = 10, L2 relative residual: iterated = 3.476708e-11, true = 3.476708e-11 (requested = 1.000000e-10)
GCR: Convergence at 17 iterations, n = 11, L2 relative residual: iterated = 2.756123e-11, true = 2.756123e-11 (requested = 1.000000e-10)
PyQUDA INFO: Time = 1.673 secs, Performance = 14226.507 GFLOPS
GCR: Convergence at 17 iterations, n = 0, L2 relative residual: iterated = 3.704810e-11, true = 3.704810e-11 (requested = 1.000000e-10)
GCR: Convergence at 17 iterations, n = 1, L2 relative residual: iterated = 6.157310e-11, true = 6.157310e-11 (requested = 1.000000e-10)
GCR: Convergence at 17 iterations, n = 2, L2 relative residual: iterated = 3.458029e-11, true = 3.458029e-11 (requested = 1.000000e-10)
GCR: Convergence at 17 iterations, n = 3, L2 relative residual: iterated = 4.196417e-11, true = 4.196417e-11 (requested = 1.000000e-10)
GCR: Convergence at 17 iterations, n = 4, L2 relative residual: iterated = 5.689540e-11, true = 5.689540e-11 (requested = 1.000000e-10)
GCR: Convergence at 17 iterations, n = 5, L2 relative residual: iterated = 4.975001e-11, true = 4.975001e-11 (requested = 1.000000e-10)
GCR: Convergence at 17 iterations, n = 6, L2 relative residual: iterated = 4.950865e-11, true = 4.950865e-11 (requested = 1.000000e-10)
GCR: Convergence at 17 iterations, n = 7, L2 relative residual: iterated = 2.355411e-11, true = 2.355411e-11 (requested = 1.000000e-10)
GCR: Convergence at 17 iterations, n = 8, L2 relative residual: iterated = 6.787259e-11, true = 6.787259e-11 (requested = 1.000000e-10)
GCR: Convergence at 17 iterations, n = 9, L2 relative residual: iterated = 5.085365e-11, true = 5.085365e-11 (requested = 1.000000e-10)
GCR: Convergence at 17 iterations, n = 10, L2 relative residual: iterated = 2.614862e-11, true = 2.614862e-11 (requested = 1.000000e-10)
GCR: Convergence at 17 iterations, n = 11, L2 relative residual: iterated = 3.485371e-11, true = 3.485371e-11 (requested = 1.000000e-10)
PyQUDA INFO: Time = 1.696 secs, Performance = 14038.716 GFLOPS
PyQUDA INFO: INVERT 2 propagagors: 3.3706694729917217 secs
PyQUDA INFO: DOING SINK GAUSSIAN SMEARING
PyQUDA INFO: SINK GAUSSIAN SMEAR: 0.8385863669973332 secs
PyQUDA INFO: GPU used 49.9 GB, cupy pool 38.3 GB, cupy live 13.4 GB
PyQUDA INFO: CONTRACT ALL: 0.9197349619935267 secs
PyQUDA INFO: UNTIL CONTRACTION: 6.245294659980573 secs
PyQUDA INFO: INNER LOOP STARTS
PyQUDA INFO: SOURCE POSITION = [np.int64(16), np.int64(16), np.int64(16), np.int64(64)]
PyQUDA INFO: DOING SRC GAUSSIAN SMEARING
PyQUDA INFO: SOURCE GAUSSIAN SMEAR: 0.8222391690069344 secs
PyQUDA INFO: RELOADING GAUGE
PyQUDA INFO: RELOADING GAUGE: 0.25564102598582394 secs
PyQUDA INFO: SOLVING DIRAC EQ
GCR: Convergence at 17 iterations, n = 0, L2 relative residual: iterated = 4.789411e-11, true = 4.789411e-11 (requested = 1.000000e-10)
GCR: Convergence at 17 iterations, n = 1, L2 relative residual: iterated = 4.263273e-11, true = 4.263273e-11 (requested = 1.000000e-10)
GCR: Convergence at 17 iterations, n = 2, L2 relative residual: iterated = 2.658606e-11, true = 2.658606e-11 (requested = 1.000000e-10)
GCR: Convergence at 17 iterations, n = 3, L2 relative residual: iterated = 3.343193e-11, true = 3.343193e-11 (requested = 1.000000e-10)
GCR: Convergence at 17 iterations, n = 4, L2 relative residual: iterated = 3.937243e-11, true = 3.937243e-11 (requested = 1.000000e-10)
GCR: Convergence at 17 iterations, n = 5, L2 relative residual: iterated = 4.363484e-11, true = 4.363484e-11 (requested = 1.000000e-10)
GCR: Convergence at 17 iterations, n = 6, L2 relative residual: iterated = 9.198691e-11, true = 9.198691e-11 (requested = 1.000000e-10)
GCR: Convergence at 17 iterations, n = 7, L2 relative residual: iterated = 4.200261e-11, true = 4.200261e-11 (requested = 1.000000e-10)
GCR: Convergence at 17 iterations, n = 8, L2 relative residual: iterated = 9.089327e-11, true = 9.089327e-11 (requested = 1.000000e-10)
GCR: Convergence at 17 iterations, n = 9, L2 relative residual: iterated = 7.196621e-11, true = 7.196621e-11 (requested = 1.000000e-10)
GCR: Convergence at 17 iterations, n = 10, L2 relative residual: iterated = 4.625274e-11, true = 4.625274e-11 (requested = 1.000000e-10)
GCR: Convergence at 17 iterations, n = 11, L2 relative residual: iterated = 8.561681e-11, true = 8.561681e-11 (requested = 1.000000e-10)
PyQUDA INFO: Time = 1.649 secs, Performance = 14271.339 GFLOPS
GCR: Convergence at 17 iterations, n = 0, L2 relative residual: iterated = 3.103455e-11, true = 3.103455e-11 (requested = 1.000000e-10)
GCR: Convergence at 17 iterations, n = 1, L2 relative residual: iterated = 4.304094e-11, true = 4.304094e-11 (requested = 1.000000e-10)
GCR: Convergence at 17 iterations, n = 2, L2 relative residual: iterated = 3.028085e-11, true = 3.028085e-11 (requested = 1.000000e-10)
GCR: Convergence at 17 iterations, n = 3, L2 relative residual: iterated = 2.963257e-11, true = 2.963257e-11 (requested = 1.000000e-10)
GCR: Convergence at 17 iterations, n = 4, L2 relative residual: iterated = 2.307108e-11, true = 2.307108e-11 (requested = 1.000000e-10)
GCR: Convergence at 17 iterations, n = 5, L2 relative residual: iterated = 2.673790e-11, true = 2.673790e-11 (requested = 1.000000e-10)
GCR: Convergence at 17 iterations, n = 6, L2 relative residual: iterated = 5.748726e-11, true = 5.748726e-11 (requested = 1.000000e-10)
GCR: Convergence at 17 iterations, n = 7, L2 relative residual: iterated = 3.319138e-11, true = 3.319138e-11 (requested = 1.000000e-10)
GCR: Convergence at 17 iterations, n = 8, L2 relative residual: iterated = 5.124060e-11, true = 5.124060e-11 (requested = 1.000000e-10)
GCR: Convergence at 17 iterations, n = 9, L2 relative residual: iterated = 5.503955e-11, true = 5.503955e-11 (requested = 1.000000e-10)
GCR: Convergence at 17 iterations, n = 10, L2 relative residual: iterated = 4.675020e-11, true = 4.675020e-11 (requested = 1.000000e-10)
GCR: Convergence at 17 iterations, n = 11, L2 relative residual: iterated = 6.437138e-11, true = 6.437138e-11 (requested = 1.000000e-10)
PyQUDA INFO: Time = 1.704 secs, Performance = 13999.768 GFLOPS
PyQUDA INFO: INVERT 2 propagagors: 3.35500443901401 secs
PyQUDA INFO: DOING SINK GAUSSIAN SMEARING
PyQUDA INFO: SINK GAUSSIAN SMEAR: 0.9606848379771691 secs
PyQUDA INFO: GPU used 49.9 GB, cupy pool 38.3 GB, cupy live 13.4 GB
PyQUDA INFO: CONTRACT ALL: 0.9199722330085933 secs
PyQUDA INFO: UNTIL CONTRACTION: 6.359339240996633 secs
PyQUDA INFO: SAVING SECTION:4.736169844021788 secs
PyQUDA INFO: END CFG #204: GPU used 49.9 GB, cupy pool 38.3 GB, cupy live 13.4 GB
PyQUDA INFO: READ GAUGE #234: 3.393654322018847 secs
PyQUDA INFO: DOING HYP SMEARING
PyQUDA INFO: plaq_hyp_before = [0.5839709641727673, 0.5839715535147699, 0.5839703748307647]
performGaugeSmearQuda: step 000 plaquette (mean 5.8397096417276728e-01, spatial 5.8397155351476993e-01 temporal 5.8397037483076475e-01) Q charge = -4.6134678849334207e+00
PyQUDA INFO: plaq_hyp_after = [0.946118512451033, 0.946121231807008, 0.9461157930950578]
PyQUDA INFO: HYP SMEAR: 0.6359980230045039 secs
PyQUDA INFO: DOING APE SMEARING
PyQUDA INFO: plaq_ape_before = [0.5839709641727673, 0.5839715535147699, 0.5839703748307647]
performGaugeSmearQuda: step 000 plaquette (mean 5.8397096417276728e-01, spatial 5.8397155351476993e-01 temporal 5.8397037483076475e-01) Q charge = -4.6134678849334207e+00
PyQUDA INFO: plaq_ape_after = [0.8194203507546614, 0.998848126500461, 0.6399925750088618]
PyQUDA INFO: APE SMEAR: 0.7054910630104132 secs
PyQUDA INFO: INNER LOOP STARTS
PyQUDA INFO: SOURCE POSITION = [np.int64(15), np.int64(15), np.int64(15), np.int64(25)]
PyQUDA INFO: DOING SRC GAUSSIAN SMEARING
PyQUDA INFO: SOURCE GAUSSIAN SMEAR: 0.8247634510044008 secs
PyQUDA INFO: RELOADING GAUGE
PyQUDA INFO: RELOADING GAUGE: 0.25670595999690704 secs
PyQUDA INFO: SOLVING DIRAC EQ
GCR: Convergence at 21 iterations, n = 0, L2 relative residual: iterated = 1.536218e-11, true = 1.536218e-11 (requested = 1.000000e-10)
GCR: Convergence at 21 iterations, n = 1, L2 relative residual: iterated = 3.845186e-11, true = 3.845186e-11 (requested = 1.000000e-10)
GCR: Convergence at 21 iterations, n = 2, L2 relative residual: iterated = 9.458258e-12, true = 9.458258e-12 (requested = 1.000000e-10)
GCR: Convergence at 21 iterations, n = 3, L2 relative residual: iterated = 1.078846e-11, true = 1.078846e-11 (requested = 1.000000e-10)
GCR: Convergence at 21 iterations, n = 4, L2 relative residual: iterated = 9.641202e-12, true = 9.641202e-12 (requested = 1.000000e-10)
GCR: Convergence at 21 iterations, n = 5, L2 relative residual: iterated = 1.734062e-11, true = 1.734062e-11 (requested = 1.000000e-10)
GCR: Convergence at 21 iterations, n = 6, L2 relative residual: iterated = 3.349178e-11, true = 3.349178e-11 (requested = 1.000000e-10)
GCR: Convergence at 21 iterations, n = 7, L2 relative residual: iterated = 2.173978e-11, true = 2.173978e-11 (requested = 1.000000e-10)
GCR: Convergence at 21 iterations, n = 8, L2 relative residual: iterated = 2.196939e-11, true = 2.196939e-11 (requested = 1.000000e-10)
GCR: Convergence at 21 iterations, n = 9, L2 relative residual: iterated = 3.044159e-11, true = 3.044159e-11 (requested = 1.000000e-10)
GCR: Convergence at 21 iterations, n = 10, L2 relative residual: iterated = 2.803695e-11, true = 2.803695e-11 (requested = 1.000000e-10)
GCR: Convergence at 21 iterations, n = 11, L2 relative residual: iterated = 1.611328e-11, true = 1.611328e-11 (requested = 1.000000e-10)
PyQUDA INFO: Time = 1.938 secs, Performance = 13852.653 GFLOPS
GCR: Convergence at 20 iterations, n = 0, L2 relative residual: iterated = 5.619148e-11, true = 5.619148e-11 (requested = 1.000000e-10)
GCR: Convergence at 20 iterations, n = 1, L2 relative residual: iterated = 4.664674e-11, true = 4.664674e-11 (requested = 1.000000e-10)
GCR: Convergence at 20 iterations, n = 2, L2 relative residual: iterated = 3.915464e-11, true = 3.915464e-11 (requested = 1.000000e-10)
GCR: Convergence at 20 iterations, n = 3, L2 relative residual: iterated = 8.413059e-11, true = 8.413059e-11 (requested = 1.000000e-10)
GCR: Convergence at 20 iterations, n = 4, L2 relative residual: iterated = 3.352577e-11, true = 3.352577e-11 (requested = 1.000000e-10)
GCR: Convergence at 20 iterations, n = 5, L2 relative residual: iterated = 8.956628e-11, true = 8.956628e-11 (requested = 1.000000e-10)
GCR: Convergence at 20 iterations, n = 6, L2 relative residual: iterated = 6.636807e-11, true = 6.636807e-11 (requested = 1.000000e-10)
GCR: Convergence at 20 iterations, n = 7, L2 relative residual: iterated = 6.715922e-11, true = 6.715922e-11 (requested = 1.000000e-10)
GCR: Convergence at 20 iterations, n = 8, L2 relative residual: iterated = 8.114265e-11, true = 8.114265e-11 (requested = 1.000000e-10)
GCR: Convergence at 20 iterations, n = 9, L2 relative residual: iterated = 7.540309e-11, true = 7.540309e-11 (requested = 1.000000e-10)
GCR: Convergence at 20 iterations, n = 10, L2 relative residual: iterated = 5.837966e-11, true = 5.837966e-11 (requested = 1.000000e-10)
GCR: Convergence at 20 iterations, n = 11, L2 relative residual: iterated = 7.636147e-11, true = 7.636147e-11 (requested = 1.000000e-10)
PyQUDA INFO: Time = 1.785 secs, Performance = 14306.212 GFLOPS
PyQUDA INFO: INVERT 2 propagagors: 3.7251145880145486 secs
PyQUDA INFO: DOING SINK GAUSSIAN SMEARING
PyQUDA INFO: SINK GAUSSIAN SMEAR: 0.9642877039732412 secs
PyQUDA INFO: GPU used 49.9 GB, cupy pool 38.3 GB, cupy live 13.4 GB
PyQUDA INFO: CONTRACT ALL: 0.9198487030225806 secs
PyQUDA INFO: UNTIL CONTRACTION: 6.735666479013162 secs
PyQUDA INFO: INNER LOOP STARTS
PyQUDA INFO: SOURCE POSITION = [np.int64(15), np.int64(15), np.int64(31), np.int64(25)]
PyQUDA INFO: DOING SRC GAUSSIAN SMEARING
PyQUDA INFO: SOURCE GAUSSIAN SMEAR: 0.8197127470048144 secs
PyQUDA INFO: RELOADING GAUGE
PyQUDA INFO: RELOADING GAUGE: 0.2607699400105048 secs
PyQUDA INFO: SOLVING DIRAC EQ
GCR: Convergence at 20 iterations, n = 0, L2 relative residual: iterated = 4.553547e-11, true = 4.553547e-11 (requested = 1.000000e-10)
GCR: Convergence at 20 iterations, n = 1, L2 relative residual: iterated = 7.410356e-11, true = 7.410356e-11 (requested = 1.000000e-10)
GCR: Convergence at 20 iterations, n = 2, L2 relative residual: iterated = 5.800064e-11, true = 5.800064e-11 (requested = 1.000000e-10)
GCR: Convergence at 20 iterations, n = 3, L2 relative residual: iterated = 6.364625e-11, true = 6.364625e-11 (requested = 1.000000e-10)
GCR: Convergence at 20 iterations, n = 4, L2 relative residual: iterated = 6.821387e-11, true = 6.821387e-11 (requested = 1.000000e-10)
GCR: Convergence at 20 iterations, n = 5, L2 relative residual: iterated = 6.813687e-11, true = 6.813687e-11 (requested = 1.000000e-10)
GCR: Convergence at 20 iterations, n = 6, L2 relative residual: iterated = 7.406389e-11, true = 7.406389e-11 (requested = 1.000000e-10)
GCR: Convergence at 20 iterations, n = 7, L2 relative residual: iterated = 6.892686e-11, true = 6.892686e-11 (requested = 1.000000e-10)
GCR: Convergence at 20 iterations, n = 8, L2 relative residual: iterated = 7.336969e-11, true = 7.336969e-11 (requested = 1.000000e-10)
GCR: Convergence at 20 iterations, n = 9, L2 relative residual: iterated = 9.788500e-11, true = 9.788500e-11 (requested = 1.000000e-10)
GCR: Convergence at 20 iterations, n = 10, L2 relative residual: iterated = 6.143136e-11, true = 6.143136e-11 (requested = 1.000000e-10)
GCR: Convergence at 20 iterations, n = 11, L2 relative residual: iterated = 4.083590e-11, true = 4.083590e-11 (requested = 1.000000e-10)
PyQUDA INFO: Time = 1.751 secs, Performance = 14568.947 GFLOPS
GCR: Convergence at 20 iterations, n = 0, L2 relative residual: iterated = 4.551029e-11, true = 4.551029e-11 (requested = 1.000000e-10)
GCR: Convergence at 20 iterations, n = 1, L2 relative residual: iterated = 5.753253e-11, true = 5.753253e-11 (requested = 1.000000e-10)
GCR: Convergence at 20 iterations, n = 2, L2 relative residual: iterated = 6.381418e-11, true = 6.381418e-11 (requested = 1.000000e-10)
GCR: Convergence at 20 iterations, n = 3, L2 relative residual: iterated = 6.248743e-11, true = 6.248743e-11 (requested = 1.000000e-10)
GCR: Convergence at 20 iterations, n = 4, L2 relative residual: iterated = 6.355855e-11, true = 6.355855e-11 (requested = 1.000000e-10)
GCR: Convergence at 20 iterations, n = 5, L2 relative residual: iterated = 6.492880e-11, true = 6.492880e-11 (requested = 1.000000e-10)
GCR: Convergence at 20 iterations, n = 6, L2 relative residual: iterated = 4.686137e-11, true = 4.686137e-11 (requested = 1.000000e-10)
GCR: Convergence at 20 iterations, n = 7, L2 relative residual: iterated = 4.036211e-11, true = 4.036211e-11 (requested = 1.000000e-10)
GCR: Convergence at 20 iterations, n = 8, L2 relative residual: iterated = 7.831246e-11, true = 7.831246e-11 (requested = 1.000000e-10)
GCR: Convergence at 20 iterations, n = 9, L2 relative residual: iterated = 6.951453e-11, true = 6.951453e-11 (requested = 1.000000e-10)
GCR: Convergence at 20 iterations, n = 10, L2 relative residual: iterated = 6.832002e-11, true = 6.832002e-11 (requested = 1.000000e-10)
GCR: Convergence at 20 iterations, n = 11, L2 relative residual: iterated = 5.341691e-11, true = 5.341691e-11 (requested = 1.000000e-10)
PyQUDA INFO: Time = 1.784 secs, Performance = 14309.644 GFLOPS
PyQUDA INFO: INVERT 2 propagagors: 3.5371358749980573 secs
PyQUDA INFO: DOING SINK GAUSSIAN SMEARING
PyQUDA INFO: SINK GAUSSIAN SMEAR: 0.8384361850039568 secs
PyQUDA INFO: GPU used 49.9 GB, cupy pool 38.3 GB, cupy live 13.4 GB
PyQUDA INFO: CONTRACT ALL: 0.9191543500055559 secs
PyQUDA INFO: UNTIL CONTRACTION: 6.4212738549977075 secs
PyQUDA INFO: INNER LOOP STARTS
PyQUDA INFO: SOURCE POSITION = [np.int64(15), np.int64(31), np.int64(15), np.int64(25)]
PyQUDA INFO: DOING SRC GAUSSIAN SMEARING
PyQUDA INFO: SOURCE GAUSSIAN SMEAR: 0.8213122849992942 secs
PyQUDA INFO: RELOADING GAUGE
PyQUDA INFO: RELOADING GAUGE: 0.2558616359892767 secs
PyQUDA INFO: SOLVING DIRAC EQ
GCR: Convergence at 20 iterations, n = 0, L2 relative residual: iterated = 4.878673e-11, true = 4.878673e-11 (requested = 1.000000e-10)
GCR: Convergence at 20 iterations, n = 1, L2 relative residual: iterated = 4.760675e-11, true = 4.760675e-11 (requested = 1.000000e-10)
GCR: Convergence at 20 iterations, n = 2, L2 relative residual: iterated = 5.589153e-11, true = 5.589153e-11 (requested = 1.000000e-10)
GCR: Convergence at 20 iterations, n = 3, L2 relative residual: iterated = 4.053447e-11, true = 4.053447e-11 (requested = 1.000000e-10)
GCR: Convergence at 20 iterations, n = 4, L2 relative residual: iterated = 4.439599e-11, true = 4.439599e-11 (requested = 1.000000e-10)
GCR: Convergence at 20 iterations, n = 5, L2 relative residual: iterated = 6.101485e-11, true = 6.101485e-11 (requested = 1.000000e-10)
GCR: Convergence at 20 iterations, n = 6, L2 relative residual: iterated = 4.554259e-11, true = 4.554259e-11 (requested = 1.000000e-10)
GCR: Convergence at 20 iterations, n = 7, L2 relative residual: iterated = 3.116179e-11, true = 3.116179e-11 (requested = 1.000000e-10)
GCR: Convergence at 20 iterations, n = 8, L2 relative residual: iterated = 3.434271e-11, true = 3.434271e-11 (requested = 1.000000e-10)
GCR: Convergence at 20 iterations, n = 9, L2 relative residual: iterated = 3.637974e-11, true = 3.637974e-11 (requested = 1.000000e-10)
GCR: Convergence at 20 iterations, n = 10, L2 relative residual: iterated = 4.065783e-11, true = 4.065783e-11 (requested = 1.000000e-10)
GCR: Convergence at 20 iterations, n = 11, L2 relative residual: iterated = 4.455493e-11, true = 4.455493e-11 (requested = 1.000000e-10)
PyQUDA INFO: Time = 1.750 secs, Performance = 14584.918 GFLOPS
GCR: Convergence at 20 iterations, n = 0, L2 relative residual: iterated = 6.284806e-11, true = 6.284806e-11 (requested = 1.000000e-10)
GCR: Convergence at 20 iterations, n = 1, L2 relative residual: iterated = 3.722553e-11, true = 3.722553e-11 (requested = 1.000000e-10)
GCR: Convergence at 20 iterations, n = 2, L2 relative residual: iterated = 4.148297e-11, true = 4.148297e-11 (requested = 1.000000e-10)
GCR: Convergence at 20 iterations, n = 3, L2 relative residual: iterated = 5.147414e-11, true = 5.147414e-11 (requested = 1.000000e-10)
GCR: Convergence at 20 iterations, n = 4, L2 relative residual: iterated = 4.590911e-11, true = 4.590911e-11 (requested = 1.000000e-10)
GCR: Convergence at 20 iterations, n = 5, L2 relative residual: iterated = 5.344683e-11, true = 5.344683e-11 (requested = 1.000000e-10)
GCR: Convergence at 20 iterations, n = 6, L2 relative residual: iterated = 4.943595e-11, true = 4.943595e-11 (requested = 1.000000e-10)
GCR: Convergence at 20 iterations, n = 7, L2 relative residual: iterated = 3.304329e-11, true = 3.304329e-11 (requested = 1.000000e-10)
GCR: Convergence at 20 iterations, n = 8, L2 relative residual: iterated = 2.701816e-11, true = 2.701816e-11 (requested = 1.000000e-10)
GCR: Convergence at 20 iterations, n = 9, L2 relative residual: iterated = 3.562651e-11, true = 3.562651e-11 (requested = 1.000000e-10)
GCR: Convergence at 20 iterations, n = 10, L2 relative residual: iterated = 5.231259e-11, true = 5.231259e-11 (requested = 1.000000e-10)
GCR: Convergence at 20 iterations, n = 11, L2 relative residual: iterated = 2.079142e-11, true = 2.079142e-11 (requested = 1.000000e-10)
PyQUDA INFO: Time = 1.783 secs, Performance = 14320.615 GFLOPS
PyQUDA INFO: INVERT 2 propagagors: 3.534911794005893 secs
PyQUDA INFO: DOING SINK GAUSSIAN SMEARING
PyQUDA INFO: SINK GAUSSIAN SMEAR: 0.8372490100155119 secs
PyQUDA INFO: GPU used 49.9 GB, cupy pool 38.3 GB, cupy live 13.4 GB
PyQUDA INFO: CONTRACT ALL: 0.9209809180174489 secs
PyQUDA INFO: UNTIL CONTRACTION: 6.413657598983264 secs
PyQUDA INFO: INNER LOOP STARTS
PyQUDA INFO: SOURCE POSITION = [np.int64(15), np.int64(31), np.int64(31), np.int64(25)]
PyQUDA INFO: DOING SRC GAUSSIAN SMEARING
PyQUDA INFO: SOURCE GAUSSIAN SMEAR: 0.817765536980005 secs
PyQUDA INFO: RELOADING GAUGE
PyQUDA INFO: RELOADING GAUGE: 0.2577044259815011 secs
PyQUDA INFO: SOLVING DIRAC EQ
GCR: Convergence at 21 iterations, n = 0, L2 relative residual: iterated = 1.436710e-11, true = 1.436710e-11 (requested = 1.000000e-10)
GCR: Convergence at 21 iterations, n = 1, L2 relative residual: iterated = 3.508224e-11, true = 3.508224e-11 (requested = 1.000000e-10)
GCR: Convergence at 21 iterations, n = 2, L2 relative residual: iterated = 2.704769e-11, true = 2.704769e-11 (requested = 1.000000e-10)
GCR: Convergence at 21 iterations, n = 3, L2 relative residual: iterated = 3.030829e-11, true = 3.030829e-11 (requested = 1.000000e-10)
GCR: Convergence at 21 iterations, n = 4, L2 relative residual: iterated = 2.785118e-11, true = 2.785118e-11 (requested = 1.000000e-10)
GCR: Convergence at 21 iterations, n = 5, L2 relative residual: iterated = 2.325408e-11, true = 2.325408e-11 (requested = 1.000000e-10)
GCR: Convergence at 21 iterations, n = 6, L2 relative residual: iterated = 2.194276e-11, true = 2.194276e-11 (requested = 1.000000e-10)
GCR: Convergence at 21 iterations, n = 7, L2 relative residual: iterated = 2.400869e-11, true = 2.400869e-11 (requested = 1.000000e-10)
GCR: Convergence at 21 iterations, n = 8, L2 relative residual: iterated = 1.933432e-11, true = 1.933432e-11 (requested = 1.000000e-10)
GCR: Convergence at 21 iterations, n = 9, L2 relative residual: iterated = 1.271122e-11, true = 1.271122e-11 (requested = 1.000000e-10)
GCR: Convergence at 21 iterations, n = 10, L2 relative residual: iterated = 1.506569e-11, true = 1.506569e-11 (requested = 1.000000e-10)
GCR: Convergence at 21 iterations, n = 11, L2 relative residual: iterated = 2.020627e-11, true = 2.020627e-11 (requested = 1.000000e-10)
PyQUDA INFO: Time = 1.835 secs, Performance = 14619.155 GFLOPS
GCR: Convergence at 20 iterations, n = 0, L2 relative residual: iterated = 3.956978e-11, true = 3.956978e-11 (requested = 1.000000e-10)
GCR: Convergence at 20 iterations, n = 1, L2 relative residual: iterated = 6.635565e-11, true = 6.635565e-11 (requested = 1.000000e-10)
GCR: Convergence at 20 iterations, n = 2, L2 relative residual: iterated = 7.756436e-11, true = 7.756436e-11 (requested = 1.000000e-10)
GCR: Convergence at 20 iterations, n = 3, L2 relative residual: iterated = 9.768432e-11, true = 9.768432e-11 (requested = 1.000000e-10)
GCR: Convergence at 20 iterations, n = 4, L2 relative residual: iterated = 3.211184e-11, true = 3.211184e-11 (requested = 1.000000e-10)
GCR: Convergence at 20 iterations, n = 5, L2 relative residual: iterated = 5.216617e-11, true = 5.216617e-11 (requested = 1.000000e-10)
GCR: Convergence at 20 iterations, n = 6, L2 relative residual: iterated = 4.545997e-11, true = 4.545997e-11 (requested = 1.000000e-10)
GCR: Convergence at 20 iterations, n = 7, L2 relative residual: iterated = 3.925869e-11, true = 3.925869e-11 (requested = 1.000000e-10)
GCR: Convergence at 20 iterations, n = 8, L2 relative residual: iterated = 4.265815e-11, true = 4.265815e-11 (requested = 1.000000e-10)
GCR: Convergence at 20 iterations, n = 9, L2 relative residual: iterated = 4.657951e-11, true = 4.657951e-11 (requested = 1.000000e-10)
GCR: Convergence at 20 iterations, n = 10, L2 relative residual: iterated = 4.318226e-11, true = 4.318226e-11 (requested = 1.000000e-10)
GCR: Convergence at 20 iterations, n = 11, L2 relative residual: iterated = 5.116475e-11, true = 5.116475e-11 (requested = 1.000000e-10)
PyQUDA INFO: Time = 1.783 secs, Performance = 14311.826 GFLOPS
PyQUDA INFO: INVERT 2 propagagors: 3.6208453819854185 secs
PyQUDA INFO: DOING SINK GAUSSIAN SMEARING
PyQUDA INFO: SINK GAUSSIAN SMEAR: 0.9504005879862234 secs
PyQUDA INFO: GPU used 49.9 GB, cupy pool 38.3 GB, cupy live 13.4 GB
PyQUDA INFO: CONTRACT ALL: 0.9211989990144502 secs
PyQUDA INFO: UNTIL CONTRACTION: 6.613810330018168 secs
PyQUDA INFO: INNER LOOP STARTS
PyQUDA INFO: SOURCE POSITION = [np.int64(31), np.int64(15), np.int64(15), np.int64(25)]
PyQUDA INFO: DOING SRC GAUSSIAN SMEARING
PyQUDA INFO: SOURCE GAUSSIAN SMEAR: 0.8233006240043323 secs
PyQUDA INFO: RELOADING GAUGE
PyQUDA INFO: RELOADING GAUGE: 0.2564440989808645 secs
PyQUDA INFO: SOLVING DIRAC EQ
GCR: Convergence at 20 iterations, n = 0, L2 relative residual: iterated = 5.098969e-11, true = 5.098969e-11 (requested = 1.000000e-10)
GCR: Convergence at 20 iterations, n = 1, L2 relative residual: iterated = 3.820834e-11, true = 3.820834e-11 (requested = 1.000000e-10)
GCR: Convergence at 20 iterations, n = 2, L2 relative residual: iterated = 3.866418e-11, true = 3.866418e-11 (requested = 1.000000e-10)
GCR: Convergence at 20 iterations, n = 3, L2 relative residual: iterated = 3.431001e-11, true = 3.431001e-11 (requested = 1.000000e-10)
GCR: Convergence at 20 iterations, n = 4, L2 relative residual: iterated = 4.540600e-11, true = 4.540600e-11 (requested = 1.000000e-10)
GCR: Convergence at 20 iterations, n = 5, L2 relative residual: iterated = 5.944711e-11, true = 5.944711e-11 (requested = 1.000000e-10)
GCR: Convergence at 20 iterations, n = 6, L2 relative residual: iterated = 5.201204e-11, true = 5.201204e-11 (requested = 1.000000e-10)
GCR: Convergence at 20 iterations, n = 7, L2 relative residual: iterated = 5.367336e-11, true = 5.367336e-11 (requested = 1.000000e-10)
GCR: Convergence at 20 iterations, n = 8, L2 relative residual: iterated = 7.673089e-11, true = 7.673089e-11 (requested = 1.000000e-10)
GCR: Convergence at 20 iterations, n = 9, L2 relative residual: iterated = 5.008151e-11, true = 5.008151e-11 (requested = 1.000000e-10)
GCR: Convergence at 20 iterations, n = 10, L2 relative residual: iterated = 6.105484e-11, true = 6.105484e-11 (requested = 1.000000e-10)
GCR: Convergence at 20 iterations, n = 11, L2 relative residual: iterated = 7.306865e-11, true = 7.306865e-11 (requested = 1.000000e-10)
PyQUDA INFO: Time = 1.766 secs, Performance = 14466.415 GFLOPS
GCR: Convergence at 20 iterations, n = 0, L2 relative residual: iterated = 5.882823e-11, true = 5.882823e-11 (requested = 1.000000e-10)
GCR: Convergence at 20 iterations, n = 1, L2 relative residual: iterated = 5.127599e-11, true = 5.127599e-11 (requested = 1.000000e-10)
GCR: Convergence at 20 iterations, n = 2, L2 relative residual: iterated = 4.587583e-11, true = 4.587583e-11 (requested = 1.000000e-10)
GCR: Convergence at 20 iterations, n = 3, L2 relative residual: iterated = 4.292223e-11, true = 4.292223e-11 (requested = 1.000000e-10)
GCR: Convergence at 20 iterations, n = 4, L2 relative residual: iterated = 6.078017e-11, true = 6.078017e-11 (requested = 1.000000e-10)
GCR: Convergence at 20 iterations, n = 5, L2 relative residual: iterated = 3.308197e-11, true = 3.308197e-11 (requested = 1.000000e-10)
GCR: Convergence at 20 iterations, n = 6, L2 relative residual: iterated = 7.430633e-11, true = 7.430633e-11 (requested = 1.000000e-10)
GCR: Convergence at 20 iterations, n = 7, L2 relative residual: iterated = 4.699162e-11, true = 4.699162e-11 (requested = 1.000000e-10)
GCR: Convergence at 20 iterations, n = 8, L2 relative residual: iterated = 5.153788e-11, true = 5.153788e-11 (requested = 1.000000e-10)
GCR: Convergence at 20 iterations, n = 9, L2 relative residual: iterated = 6.004096e-11, true = 6.004096e-11 (requested = 1.000000e-10)
GCR: Convergence at 20 iterations, n = 10, L2 relative residual: iterated = 8.718013e-11, true = 8.718013e-11 (requested = 1.000000e-10)
GCR: Convergence at 20 iterations, n = 11, L2 relative residual: iterated = 3.387632e-11, true = 3.387632e-11 (requested = 1.000000e-10)
PyQUDA INFO: Time = 1.785 secs, Performance = 14300.459 GFLOPS
PyQUDA INFO: INVERT 2 propagagors: 3.553272752003977 secs
PyQUDA INFO: DOING SINK GAUSSIAN SMEARING
PyQUDA INFO: SINK GAUSSIAN SMEAR: 0.9704865630192216 secs
PyQUDA INFO: GPU used 49.9 GB, cupy pool 38.3 GB, cupy live 13.4 GB
PyQUDA INFO: CONTRACT ALL: 0.9199291930126492 secs
PyQUDA INFO: UNTIL CONTRACTION: 6.568449425016297 secs
PyQUDA INFO: INNER LOOP STARTS
PyQUDA INFO: SOURCE POSITION = [np.int64(31), np.int64(15), np.int64(31), np.int64(25)]
PyQUDA INFO: DOING SRC GAUSSIAN SMEARING
PyQUDA INFO: SOURCE GAUSSIAN SMEAR: 0.8183632800064515 secs
PyQUDA INFO: RELOADING GAUGE
PyQUDA INFO: RELOADING GAUGE: 0.2606924389838241 secs
PyQUDA INFO: SOLVING DIRAC EQ
GCR: Convergence at 21 iterations, n = 0, L2 relative residual: iterated = 1.959655e-11, true = 1.959655e-11 (requested = 1.000000e-10)
GCR: Convergence at 21 iterations, n = 1, L2 relative residual: iterated = 2.274332e-11, true = 2.274332e-11 (requested = 1.000000e-10)
GCR: Convergence at 21 iterations, n = 2, L2 relative residual: iterated = 2.879813e-11, true = 2.879813e-11 (requested = 1.000000e-10)
GCR: Convergence at 21 iterations, n = 3, L2 relative residual: iterated = 1.785646e-11, true = 1.785646e-11 (requested = 1.000000e-10)
GCR: Convergence at 21 iterations, n = 4, L2 relative residual: iterated = 3.375370e-11, true = 3.375370e-11 (requested = 1.000000e-10)
GCR: Convergence at 21 iterations, n = 5, L2 relative residual: iterated = 2.179146e-11, true = 2.179146e-11 (requested = 1.000000e-10)
GCR: Convergence at 21 iterations, n = 6, L2 relative residual: iterated = 2.762909e-11, true = 2.762909e-11 (requested = 1.000000e-10)
GCR: Convergence at 21 iterations, n = 7, L2 relative residual: iterated = 3.910899e-11, true = 3.910899e-11 (requested = 1.000000e-10)
GCR: Convergence at 21 iterations, n = 8, L2 relative residual: iterated = 2.677393e-11, true = 2.677393e-11 (requested = 1.000000e-10)
GCR: Convergence at 21 iterations, n = 9, L2 relative residual: iterated = 2.352730e-11, true = 2.352730e-11 (requested = 1.000000e-10)
GCR: Convergence at 21 iterations, n = 10, L2 relative residual: iterated = 2.583096e-11, true = 2.583096e-11 (requested = 1.000000e-10)
GCR: Convergence at 21 iterations, n = 11, L2 relative residual: iterated = 3.163750e-11, true = 3.163750e-11 (requested = 1.000000e-10)
PyQUDA INFO: Time = 1.825 secs, Performance = 14705.370 GFLOPS
GCR: Convergence at 20 iterations, n = 0, L2 relative residual: iterated = 5.438636e-11, true = 5.438636e-11 (requested = 1.000000e-10)
GCR: Convergence at 20 iterations, n = 1, L2 relative residual: iterated = 2.704940e-11, true = 2.704940e-11 (requested = 1.000000e-10)
GCR: Convergence at 20 iterations, n = 2, L2 relative residual: iterated = 2.851910e-11, true = 2.851910e-11 (requested = 1.000000e-10)
GCR: Convergence at 20 iterations, n = 3, L2 relative residual: iterated = 4.334883e-11, true = 4.334883e-11 (requested = 1.000000e-10)
GCR: Convergence at 20 iterations, n = 4, L2 relative residual: iterated = 3.454058e-11, true = 3.454058e-11 (requested = 1.000000e-10)
GCR: Convergence at 20 iterations, n = 5, L2 relative residual: iterated = 3.747625e-11, true = 3.747625e-11 (requested = 1.000000e-10)
GCR: Convergence at 20 iterations, n = 6, L2 relative residual: iterated = 4.686326e-11, true = 4.686326e-11 (requested = 1.000000e-10)
GCR: Convergence at 20 iterations, n = 7, L2 relative residual: iterated = 4.873880e-11, true = 4.873880e-11 (requested = 1.000000e-10)
GCR: Convergence at 20 iterations, n = 8, L2 relative residual: iterated = 4.792498e-11, true = 4.792498e-11 (requested = 1.000000e-10)
GCR: Convergence at 20 iterations, n = 9, L2 relative residual: iterated = 5.413417e-11, true = 5.413417e-11 (requested = 1.000000e-10)
GCR: Convergence at 20 iterations, n = 10, L2 relative residual: iterated = 3.644659e-11, true = 3.644659e-11 (requested = 1.000000e-10)
GCR: Convergence at 20 iterations, n = 11, L2 relative residual: iterated = 7.018061e-11, true = 7.018061e-11 (requested = 1.000000e-10)
PyQUDA INFO: Time = 1.788 secs, Performance = 14293.893 GFLOPS
PyQUDA INFO: INVERT 2 propagagors: 3.614386582019506 secs
PyQUDA INFO: DOING SINK GAUSSIAN SMEARING
PyQUDA INFO: SINK GAUSSIAN SMEAR: 0.9671355279861018 secs
PyQUDA INFO: GPU used 49.9 GB, cupy pool 38.3 GB, cupy live 13.4 GB
PyQUDA INFO: CONTRACT ALL: 0.9197892630181741 secs
PyQUDA INFO: UNTIL CONTRACTION: 6.626119788998039 secs
PyQUDA INFO: INNER LOOP STARTS
PyQUDA INFO: SOURCE POSITION = [np.int64(31), np.int64(31), np.int64(15), np.int64(25)]
PyQUDA INFO: DOING SRC GAUSSIAN SMEARING
PyQUDA INFO: SOURCE GAUSSIAN SMEAR: 0.8192088840005454 secs
PyQUDA INFO: RELOADING GAUGE
PyQUDA INFO: RELOADING GAUGE: 0.25321276401518844 secs
PyQUDA INFO: SOLVING DIRAC EQ
GCR: Convergence at 20 iterations, n = 0, L2 relative residual: iterated = 4.479733e-11, true = 4.479733e-11 (requested = 1.000000e-10)
GCR: Convergence at 20 iterations, n = 1, L2 relative residual: iterated = 5.864247e-11, true = 5.864247e-11 (requested = 1.000000e-10)
GCR: Convergence at 20 iterations, n = 2, L2 relative residual: iterated = 7.190330e-11, true = 7.190330e-11 (requested = 1.000000e-10)
GCR: Convergence at 20 iterations, n = 3, L2 relative residual: iterated = 4.536089e-11, true = 4.536089e-11 (requested = 1.000000e-10)
GCR: Convergence at 20 iterations, n = 4, L2 relative residual: iterated = 6.043957e-11, true = 6.043957e-11 (requested = 1.000000e-10)
GCR: Convergence at 20 iterations, n = 5, L2 relative residual: iterated = 5.506768e-11, true = 5.506768e-11 (requested = 1.000000e-10)
GCR: Convergence at 20 iterations, n = 6, L2 relative residual: iterated = 4.130548e-11, true = 4.130548e-11 (requested = 1.000000e-10)
GCR: Convergence at 20 iterations, n = 7, L2 relative residual: iterated = 4.402290e-11, true = 4.402290e-11 (requested = 1.000000e-10)
GCR: Convergence at 20 iterations, n = 8, L2 relative residual: iterated = 3.024646e-11, true = 3.024646e-11 (requested = 1.000000e-10)
GCR: Convergence at 20 iterations, n = 9, L2 relative residual: iterated = 4.200758e-11, true = 4.200758e-11 (requested = 1.000000e-10)
GCR: Convergence at 20 iterations, n = 10, L2 relative residual: iterated = 5.389023e-11, true = 5.389023e-11 (requested = 1.000000e-10)
GCR: Convergence at 20 iterations, n = 11, L2 relative residual: iterated = 5.285224e-11, true = 5.285224e-11 (requested = 1.000000e-10)
PyQUDA INFO: Time = 1.755 secs, Performance = 14541.905 GFLOPS
GCR: Convergence at 20 iterations, n = 0, L2 relative residual: iterated = 5.559604e-11, true = 5.559604e-11 (requested = 1.000000e-10)
GCR: Convergence at 20 iterations, n = 1, L2 relative residual: iterated = 5.987790e-11, true = 5.987790e-11 (requested = 1.000000e-10)
GCR: Convergence at 20 iterations, n = 2, L2 relative residual: iterated = 4.689155e-11, true = 4.689155e-11 (requested = 1.000000e-10)
GCR: Convergence at 20 iterations, n = 3, L2 relative residual: iterated = 4.496630e-11, true = 4.496630e-11 (requested = 1.000000e-10)
GCR: Convergence at 20 iterations, n = 4, L2 relative residual: iterated = 7.237025e-11, true = 7.237025e-11 (requested = 1.000000e-10)
GCR: Convergence at 20 iterations, n = 5, L2 relative residual: iterated = 4.284742e-11, true = 4.284742e-11 (requested = 1.000000e-10)
GCR: Convergence at 20 iterations, n = 6, L2 relative residual: iterated = 3.793684e-11, true = 3.793684e-11 (requested = 1.000000e-10)
GCR: Convergence at 20 iterations, n = 7, L2 relative residual: iterated = 3.047780e-11, true = 3.047780e-11 (requested = 1.000000e-10)
GCR: Convergence at 20 iterations, n = 8, L2 relative residual: iterated = 3.671556e-11, true = 3.671556e-11 (requested = 1.000000e-10)
GCR: Convergence at 20 iterations, n = 9, L2 relative residual: iterated = 3.217583e-11, true = 3.217583e-11 (requested = 1.000000e-10)
GCR: Convergence at 20 iterations, n = 10, L2 relative residual: iterated = 3.589940e-11, true = 3.589940e-11 (requested = 1.000000e-10)
GCR: Convergence at 20 iterations, n = 11, L2 relative residual: iterated = 3.460762e-11, true = 3.460762e-11 (requested = 1.000000e-10)
PyQUDA INFO: Time = 1.783 secs, Performance = 14318.222 GFLOPS
PyQUDA INFO: INVERT 2 propagagors: 3.5408256519876886 secs
PyQUDA INFO: DOING SINK GAUSSIAN SMEARING
PyQUDA INFO: SINK GAUSSIAN SMEAR: 0.9656330000143498 secs
PyQUDA INFO: GPU used 49.9 GB, cupy pool 38.3 GB, cupy live 13.4 GB
PyQUDA INFO: CONTRACT ALL: 0.9191670290019829 secs
PyQUDA INFO: UNTIL CONTRACTION: 6.543887548003113 secs
PyQUDA INFO: INNER LOOP STARTS
PyQUDA INFO: SOURCE POSITION = [np.int64(31), np.int64(31), np.int64(31), np.int64(25)]
PyQUDA INFO: DOING SRC GAUSSIAN SMEARING
PyQUDA INFO: SOURCE GAUSSIAN SMEAR: 0.8156262270058505 secs
PyQUDA INFO: RELOADING GAUGE
PyQUDA INFO: RELOADING GAUGE: 0.25359010498505086 secs
PyQUDA INFO: SOLVING DIRAC EQ
GCR: Convergence at 20 iterations, n = 0, L2 relative residual: iterated = 2.982896e-11, true = 2.982896e-11 (requested = 1.000000e-10)
GCR: Convergence at 20 iterations, n = 1, L2 relative residual: iterated = 3.771390e-11, true = 3.771390e-11 (requested = 1.000000e-10)
GCR: Convergence at 20 iterations, n = 2, L2 relative residual: iterated = 3.396107e-11, true = 3.396107e-11 (requested = 1.000000e-10)
GCR: Convergence at 20 iterations, n = 3, L2 relative residual: iterated = 2.535156e-11, true = 2.535156e-11 (requested = 1.000000e-10)
GCR: Convergence at 20 iterations, n = 4, L2 relative residual: iterated = 2.975161e-11, true = 2.975161e-11 (requested = 1.000000e-10)
GCR: Convergence at 20 iterations, n = 5, L2 relative residual: iterated = 4.448115e-11, true = 4.448115e-11 (requested = 1.000000e-10)
GCR: Convergence at 20 iterations, n = 6, L2 relative residual: iterated = 4.700554e-11, true = 4.700554e-11 (requested = 1.000000e-10)
GCR: Convergence at 20 iterations, n = 7, L2 relative residual: iterated = 6.102379e-11, true = 6.102379e-11 (requested = 1.000000e-10)
GCR: Convergence at 20 iterations, n = 8, L2 relative residual: iterated = 3.350599e-11, true = 3.350599e-11 (requested = 1.000000e-10)
GCR: Convergence at 20 iterations, n = 9, L2 relative residual: iterated = 3.919675e-11, true = 3.919675e-11 (requested = 1.000000e-10)
GCR: Convergence at 20 iterations, n = 10, L2 relative residual: iterated = 3.689397e-11, true = 3.689397e-11 (requested = 1.000000e-10)
GCR: Convergence at 20 iterations, n = 11, L2 relative residual: iterated = 4.806960e-11, true = 4.806960e-11 (requested = 1.000000e-10)
PyQUDA INFO: Time = 1.756 secs, Performance = 14581.669 GFLOPS
GCR: Convergence at 20 iterations, n = 0, L2 relative residual: iterated = 5.379913e-11, true = 5.379913e-11 (requested = 1.000000e-10)
GCR: Convergence at 20 iterations, n = 1, L2 relative residual: iterated = 5.315178e-11, true = 5.315178e-11 (requested = 1.000000e-10)
GCR: Convergence at 20 iterations, n = 2, L2 relative residual: iterated = 5.095536e-11, true = 5.095536e-11 (requested = 1.000000e-10)
GCR: Convergence at 20 iterations, n = 3, L2 relative residual: iterated = 3.524364e-11, true = 3.524364e-11 (requested = 1.000000e-10)
GCR: Convergence at 20 iterations, n = 4, L2 relative residual: iterated = 4.320872e-11, true = 4.320872e-11 (requested = 1.000000e-10)
GCR: Convergence at 20 iterations, n = 5, L2 relative residual: iterated = 5.024790e-11, true = 5.024790e-11 (requested = 1.000000e-10)
GCR: Convergence at 20 iterations, n = 6, L2 relative residual: iterated = 5.788651e-11, true = 5.788651e-11 (requested = 1.000000e-10)
GCR: Convergence at 20 iterations, n = 7, L2 relative residual: iterated = 5.997439e-11, true = 5.997439e-11 (requested = 1.000000e-10)
GCR: Convergence at 20 iterations, n = 8, L2 relative residual: iterated = 4.649034e-11, true = 4.649034e-11 (requested = 1.000000e-10)
GCR: Convergence at 20 iterations, n = 9, L2 relative residual: iterated = 4.215242e-11, true = 4.215242e-11 (requested = 1.000000e-10)
GCR: Convergence at 20 iterations, n = 10, L2 relative residual: iterated = 4.110228e-11, true = 4.110228e-11 (requested = 1.000000e-10)
GCR: Convergence at 20 iterations, n = 11, L2 relative residual: iterated = 6.584524e-11, true = 6.584524e-11 (requested = 1.000000e-10)
PyQUDA INFO: Time = 1.785 secs, Performance = 14305.900 GFLOPS
PyQUDA INFO: INVERT 2 propagagors: 3.543196173006436 secs
PyQUDA INFO: DOING SINK GAUSSIAN SMEARING
PyQUDA INFO: SINK GAUSSIAN SMEAR: 0.9697135190072004 secs
PyQUDA INFO: GPU used 49.9 GB, cupy pool 38.3 GB, cupy live 13.4 GB
PyQUDA INFO: CONTRACT ALL: 0.9203667049878277 secs
PyQUDA INFO: UNTIL CONTRACTION: 6.546709360991372 secs
PyQUDA INFO: INNER LOOP STARTS
PyQUDA INFO: SOURCE POSITION = [np.int64(15), np.int64(15), np.int64(15), np.int64(57)]
PyQUDA INFO: DOING SRC GAUSSIAN SMEARING
PyQUDA INFO: SOURCE GAUSSIAN SMEAR: 0.8214826949988492 secs
PyQUDA INFO: RELOADING GAUGE
PyQUDA INFO: RELOADING GAUGE: 0.2531844129844103 secs
PyQUDA INFO: SOLVING DIRAC EQ
GCR: Convergence at 20 iterations, n = 0, L2 relative residual: iterated = 4.438238e-11, true = 4.438238e-11 (requested = 1.000000e-10)
GCR: Convergence at 20 iterations, n = 1, L2 relative residual: iterated = 7.723735e-11, true = 7.723735e-11 (requested = 1.000000e-10)
GCR: Convergence at 20 iterations, n = 2, L2 relative residual: iterated = 5.432351e-11, true = 5.432351e-11 (requested = 1.000000e-10)
GCR: Convergence at 20 iterations, n = 3, L2 relative residual: iterated = 6.285165e-11, true = 6.285165e-11 (requested = 1.000000e-10)
GCR: Convergence at 20 iterations, n = 4, L2 relative residual: iterated = 2.805232e-11, true = 2.805232e-11 (requested = 1.000000e-10)
GCR: Convergence at 20 iterations, n = 5, L2 relative residual: iterated = 6.848105e-11, true = 6.848105e-11 (requested = 1.000000e-10)
GCR: Convergence at 20 iterations, n = 6, L2 relative residual: iterated = 5.688751e-11, true = 5.688751e-11 (requested = 1.000000e-10)
GCR: Convergence at 20 iterations, n = 7, L2 relative residual: iterated = 4.334910e-11, true = 4.334910e-11 (requested = 1.000000e-10)
GCR: Convergence at 20 iterations, n = 8, L2 relative residual: iterated = 4.334690e-11, true = 4.334690e-11 (requested = 1.000000e-10)
GCR: Convergence at 20 iterations, n = 9, L2 relative residual: iterated = 4.633965e-11, true = 4.633965e-11 (requested = 1.000000e-10)
GCR: Convergence at 20 iterations, n = 10, L2 relative residual: iterated = 4.123660e-11, true = 4.123660e-11 (requested = 1.000000e-10)
GCR: Convergence at 20 iterations, n = 11, L2 relative residual: iterated = 5.621389e-11, true = 5.621389e-11 (requested = 1.000000e-10)
PyQUDA INFO: Time = 1.752 secs, Performance = 14582.946 GFLOPS
GCR: Convergence at 20 iterations, n = 0, L2 relative residual: iterated = 3.571771e-11, true = 3.571771e-11 (requested = 1.000000e-10)
GCR: Convergence at 20 iterations, n = 1, L2 relative residual: iterated = 9.221856e-11, true = 9.221856e-11 (requested = 1.000000e-10)
GCR: Convergence at 20 iterations, n = 2, L2 relative residual: iterated = 3.679909e-11, true = 3.679909e-11 (requested = 1.000000e-10)
GCR: Convergence at 20 iterations, n = 3, L2 relative residual: iterated = 4.186078e-11, true = 4.186078e-11 (requested = 1.000000e-10)
GCR: Convergence at 20 iterations, n = 4, L2 relative residual: iterated = 3.667637e-11, true = 3.667637e-11 (requested = 1.000000e-10)
GCR: Convergence at 20 iterations, n = 5, L2 relative residual: iterated = 6.828649e-11, true = 6.828649e-11 (requested = 1.000000e-10)
GCR: Convergence at 20 iterations, n = 6, L2 relative residual: iterated = 5.057793e-11, true = 5.057793e-11 (requested = 1.000000e-10)
GCR: Convergence at 20 iterations, n = 7, L2 relative residual: iterated = 6.725071e-11, true = 6.725071e-11 (requested = 1.000000e-10)
GCR: Convergence at 20 iterations, n = 8, L2 relative residual: iterated = 3.747434e-11, true = 3.747434e-11 (requested = 1.000000e-10)
GCR: Convergence at 20 iterations, n = 9, L2 relative residual: iterated = 3.984647e-11, true = 3.984647e-11 (requested = 1.000000e-10)
GCR: Convergence at 20 iterations, n = 10, L2 relative residual: iterated = 5.012259e-11, true = 5.012259e-11 (requested = 1.000000e-10)
GCR: Convergence at 20 iterations, n = 11, L2 relative residual: iterated = 4.351618e-11, true = 4.351618e-11 (requested = 1.000000e-10)
PyQUDA INFO: Time = 1.784 secs, Performance = 14307.871 GFLOPS
PyQUDA INFO: INVERT 2 propagagors: 3.537689157004934 secs
PyQUDA INFO: DOING SINK GAUSSIAN SMEARING
PyQUDA INFO: SINK GAUSSIAN SMEAR: 0.8361568950058427 secs
PyQUDA INFO: GPU used 49.9 GB, cupy pool 38.3 GB, cupy live 13.4 GB
PyQUDA INFO: CONTRACT ALL: 0.9197490620135795 secs
PyQUDA INFO: UNTIL CONTRACTION: 6.413675048010191 secs
PyQUDA INFO: INNER LOOP STARTS
PyQUDA INFO: SOURCE POSITION = [np.int64(15), np.int64(15), np.int64(31), np.int64(57)]
PyQUDA INFO: DOING SRC GAUSSIAN SMEARING
PyQUDA INFO: SOURCE GAUSSIAN SMEAR: 0.8165941319894046 secs
PyQUDA INFO: RELOADING GAUGE
PyQUDA INFO: RELOADING GAUGE: 0.25248861001455225 secs
PyQUDA INFO: SOLVING DIRAC EQ
GCR: Convergence at 20 iterations, n = 0, L2 relative residual: iterated = 3.942420e-11, true = 3.942420e-11 (requested = 1.000000e-10)
GCR: Convergence at 20 iterations, n = 1, L2 relative residual: iterated = 4.971736e-11, true = 4.971736e-11 (requested = 1.000000e-10)
GCR: Convergence at 20 iterations, n = 2, L2 relative residual: iterated = 7.726593e-11, true = 7.726593e-11 (requested = 1.000000e-10)
GCR: Convergence at 20 iterations, n = 3, L2 relative residual: iterated = 6.678536e-11, true = 6.678536e-11 (requested = 1.000000e-10)
GCR: Convergence at 20 iterations, n = 4, L2 relative residual: iterated = 6.542040e-11, true = 6.542040e-11 (requested = 1.000000e-10)
GCR: Convergence at 20 iterations, n = 5, L2 relative residual: iterated = 4.327331e-11, true = 4.327331e-11 (requested = 1.000000e-10)
GCR: Convergence at 20 iterations, n = 6, L2 relative residual: iterated = 8.473187e-11, true = 8.473187e-11 (requested = 1.000000e-10)
GCR: Convergence at 20 iterations, n = 7, L2 relative residual: iterated = 4.979782e-11, true = 4.979782e-11 (requested = 1.000000e-10)
GCR: Convergence at 20 iterations, n = 8, L2 relative residual: iterated = 4.225927e-11, true = 4.225927e-11 (requested = 1.000000e-10)
GCR: Convergence at 20 iterations, n = 9, L2 relative residual: iterated = 7.195457e-11, true = 7.195457e-11 (requested = 1.000000e-10)
GCR: Convergence at 20 iterations, n = 10, L2 relative residual: iterated = 5.178935e-11, true = 5.178935e-11 (requested = 1.000000e-10)
GCR: Convergence at 20 iterations, n = 11, L2 relative residual: iterated = 8.422987e-11, true = 8.422987e-11 (requested = 1.000000e-10)
PyQUDA INFO: Time = 1.750 secs, Performance = 14585.894 GFLOPS
GCR: Convergence at 20 iterations, n = 0, L2 relative residual: iterated = 2.812713e-11, true = 2.812713e-11 (requested = 1.000000e-10)
GCR: Convergence at 20 iterations, n = 1, L2 relative residual: iterated = 7.005280e-11, true = 7.005280e-11 (requested = 1.000000e-10)
GCR: Convergence at 20 iterations, n = 2, L2 relative residual: iterated = 6.972408e-11, true = 6.972408e-11 (requested = 1.000000e-10)
GCR: Convergence at 20 iterations, n = 3, L2 relative residual: iterated = 5.916396e-11, true = 5.916396e-11 (requested = 1.000000e-10)
GCR: Convergence at 20 iterations, n = 4, L2 relative residual: iterated = 6.402623e-11, true = 6.402623e-11 (requested = 1.000000e-10)
GCR: Convergence at 20 iterations, n = 5, L2 relative residual: iterated = 4.688634e-11, true = 4.688634e-11 (requested = 1.000000e-10)
GCR: Convergence at 20 iterations, n = 6, L2 relative residual: iterated = 7.238013e-11, true = 7.238013e-11 (requested = 1.000000e-10)
GCR: Convergence at 20 iterations, n = 7, L2 relative residual: iterated = 8.371621e-11, true = 8.371621e-11 (requested = 1.000000e-10)
GCR: Convergence at 20 iterations, n = 8, L2 relative residual: iterated = 8.965912e-11, true = 8.965912e-11 (requested = 1.000000e-10)
GCR: Convergence at 20 iterations, n = 9, L2 relative residual: iterated = 6.747449e-11, true = 6.747449e-11 (requested = 1.000000e-10)
GCR: Convergence at 20 iterations, n = 10, L2 relative residual: iterated = 6.160756e-11, true = 6.160756e-11 (requested = 1.000000e-10)
GCR: Convergence at 20 iterations, n = 11, L2 relative residual: iterated = 5.380395e-11, true = 5.380395e-11 (requested = 1.000000e-10)
PyQUDA INFO: Time = 1.789 secs, Performance = 14310.537 GFLOPS
PyQUDA INFO: INVERT 2 propagagors: 3.5405466810043436 secs
PyQUDA INFO: DOING SINK GAUSSIAN SMEARING
PyQUDA INFO: SINK GAUSSIAN SMEAR: 0.9678693010064308 secs
PyQUDA INFO: GPU used 49.9 GB, cupy pool 38.3 GB, cupy live 13.4 GB
PyQUDA INFO: CONTRACT ALL: 0.9202434050093871 secs
PyQUDA INFO: UNTIL CONTRACTION: 6.542793402011739 secs
PyQUDA INFO: INNER LOOP STARTS
PyQUDA INFO: SOURCE POSITION = [np.int64(15), np.int64(31), np.int64(15), np.int64(57)]
PyQUDA INFO: DOING SRC GAUSSIAN SMEARING
PyQUDA INFO: SOURCE GAUSSIAN SMEAR: 0.8187245330191217 secs
PyQUDA INFO: RELOADING GAUGE
PyQUDA INFO: RELOADING GAUGE: 0.2523772100103088 secs
PyQUDA INFO: SOLVING DIRAC EQ
GCR: Convergence at 20 iterations, n = 0, L2 relative residual: iterated = 4.729455e-11, true = 4.729455e-11 (requested = 1.000000e-10)
GCR: Convergence at 20 iterations, n = 1, L2 relative residual: iterated = 4.382139e-11, true = 4.382139e-11 (requested = 1.000000e-10)
GCR: Convergence at 20 iterations, n = 2, L2 relative residual: iterated = 3.980471e-11, true = 3.980471e-11 (requested = 1.000000e-10)
GCR: Convergence at 20 iterations, n = 3, L2 relative residual: iterated = 3.192966e-11, true = 3.192966e-11 (requested = 1.000000e-10)
GCR: Convergence at 20 iterations, n = 4, L2 relative residual: iterated = 3.260395e-11, true = 3.260395e-11 (requested = 1.000000e-10)
GCR: Convergence at 20 iterations, n = 5, L2 relative residual: iterated = 4.156242e-11, true = 4.156242e-11 (requested = 1.000000e-10)
GCR: Convergence at 20 iterations, n = 6, L2 relative residual: iterated = 5.166257e-11, true = 5.166257e-11 (requested = 1.000000e-10)
GCR: Convergence at 20 iterations, n = 7, L2 relative residual: iterated = 2.924595e-11, true = 2.924595e-11 (requested = 1.000000e-10)
GCR: Convergence at 20 iterations, n = 8, L2 relative residual: iterated = 5.614472e-11, true = 5.614472e-11 (requested = 1.000000e-10)
GCR: Convergence at 20 iterations, n = 9, L2 relative residual: iterated = 4.407409e-11, true = 4.407409e-11 (requested = 1.000000e-10)
GCR: Convergence at 20 iterations, n = 10, L2 relative residual: iterated = 4.483317e-11, true = 4.483317e-11 (requested = 1.000000e-10)
GCR: Convergence at 20 iterations, n = 11, L2 relative residual: iterated = 4.122511e-11, true = 4.122511e-11 (requested = 1.000000e-10)
PyQUDA INFO: Time = 1.754 secs, Performance = 14567.212 GFLOPS
GCR: Convergence at 20 iterations, n = 0, L2 relative residual: iterated = 3.773332e-11, true = 3.773332e-11 (requested = 1.000000e-10)
GCR: Convergence at 20 iterations, n = 1, L2 relative residual: iterated = 3.434406e-11, true = 3.434406e-11 (requested = 1.000000e-10)
GCR: Convergence at 20 iterations, n = 2, L2 relative residual: iterated = 3.291123e-11, true = 3.291123e-11 (requested = 1.000000e-10)
GCR: Convergence at 20 iterations, n = 3, L2 relative residual: iterated = 3.412348e-11, true = 3.412348e-11 (requested = 1.000000e-10)
GCR: Convergence at 20 iterations, n = 4, L2 relative residual: iterated = 4.616804e-11, true = 4.616804e-11 (requested = 1.000000e-10)
GCR: Convergence at 20 iterations, n = 5, L2 relative residual: iterated = 5.406233e-11, true = 5.406233e-11 (requested = 1.000000e-10)
GCR: Convergence at 20 iterations, n = 6, L2 relative residual: iterated = 4.622335e-11, true = 4.622335e-11 (requested = 1.000000e-10)
GCR: Convergence at 20 iterations, n = 7, L2 relative residual: iterated = 3.914091e-11, true = 3.914091e-11 (requested = 1.000000e-10)
GCR: Convergence at 20 iterations, n = 8, L2 relative residual: iterated = 2.520622e-11, true = 2.520622e-11 (requested = 1.000000e-10)
GCR: Convergence at 20 iterations, n = 9, L2 relative residual: iterated = 4.098064e-11, true = 4.098064e-11 (requested = 1.000000e-10)
GCR: Convergence at 20 iterations, n = 10, L2 relative residual: iterated = 4.751641e-11, true = 4.751641e-11 (requested = 1.000000e-10)
GCR: Convergence at 20 iterations, n = 11, L2 relative residual: iterated = 3.285855e-11, true = 3.285855e-11 (requested = 1.000000e-10)
PyQUDA INFO: Time = 1.786 secs, Performance = 14304.686 GFLOPS
PyQUDA INFO: INVERT 2 propagagors: 3.5420114079897758 secs
PyQUDA INFO: DOING SINK GAUSSIAN SMEARING
PyQUDA INFO: SINK GAUSSIAN SMEAR: 0.8428579759784043 secs
PyQUDA INFO: GPU used 49.9 GB, cupy pool 38.3 GB, cupy live 13.4 GB
PyQUDA INFO: CONTRACT ALL: 0.9198091319995001 secs
PyQUDA INFO: UNTIL CONTRACTION: 6.42137084598653 secs
PyQUDA INFO: INNER LOOP STARTS
PyQUDA INFO: SOURCE POSITION = [np.int64(15), np.int64(31), np.int64(31), np.int64(57)]
PyQUDA INFO: DOING SRC GAUSSIAN SMEARING
PyQUDA INFO: SOURCE GAUSSIAN SMEAR: 0.8150311339995824 secs
PyQUDA INFO: RELOADING GAUGE
PyQUDA INFO: RELOADING GAUGE: 0.2516393960104324 secs
PyQUDA INFO: SOLVING DIRAC EQ
GCR: Convergence at 20 iterations, n = 0, L2 relative residual: iterated = 5.947570e-11, true = 5.947570e-11 (requested = 1.000000e-10)
GCR: Convergence at 20 iterations, n = 1, L2 relative residual: iterated = 2.826925e-11, true = 2.826925e-11 (requested = 1.000000e-10)
GCR: Convergence at 20 iterations, n = 2, L2 relative residual: iterated = 7.414534e-11, true = 7.414534e-11 (requested = 1.000000e-10)
GCR: Convergence at 20 iterations, n = 3, L2 relative residual: iterated = 4.518548e-11, true = 4.518548e-11 (requested = 1.000000e-10)
GCR: Convergence at 20 iterations, n = 4, L2 relative residual: iterated = 4.599624e-11, true = 4.599624e-11 (requested = 1.000000e-10)
GCR: Convergence at 20 iterations, n = 5, L2 relative residual: iterated = 3.565614e-11, true = 3.565614e-11 (requested = 1.000000e-10)
GCR: Convergence at 20 iterations, n = 6, L2 relative residual: iterated = 7.039559e-11, true = 7.039559e-11 (requested = 1.000000e-10)
GCR: Convergence at 20 iterations, n = 7, L2 relative residual: iterated = 4.990579e-11, true = 4.990579e-11 (requested = 1.000000e-10)
GCR: Convergence at 20 iterations, n = 8, L2 relative residual: iterated = 3.185858e-11, true = 3.185858e-11 (requested = 1.000000e-10)
GCR: Convergence at 20 iterations, n = 9, L2 relative residual: iterated = 2.905624e-11, true = 2.905624e-11 (requested = 1.000000e-10)
GCR: Convergence at 20 iterations, n = 10, L2 relative residual: iterated = 2.391149e-11, true = 2.391149e-11 (requested = 1.000000e-10)
GCR: Convergence at 20 iterations, n = 11, L2 relative residual: iterated = 4.134999e-11, true = 4.134999e-11 (requested = 1.000000e-10)
PyQUDA INFO: Time = 1.756 secs, Performance = 14551.340 GFLOPS
GCR: Convergence at 21 iterations, n = 0, L2 relative residual: iterated = 1.943579e-11, true = 1.943579e-11 (requested = 1.000000e-10)
GCR: Convergence at 21 iterations, n = 1, L2 relative residual: iterated = 2.794584e-11, true = 2.794584e-11 (requested = 1.000000e-10)
GCR: Convergence at 21 iterations, n = 2, L2 relative residual: iterated = 1.577283e-11, true = 1.577283e-11 (requested = 1.000000e-10)
GCR: Convergence at 21 iterations, n = 3, L2 relative residual: iterated = 1.642369e-11, true = 1.642369e-11 (requested = 1.000000e-10)
GCR: Convergence at 21 iterations, n = 4, L2 relative residual: iterated = 3.974493e-11, true = 3.974493e-11 (requested = 1.000000e-10)
GCR: Convergence at 21 iterations, n = 5, L2 relative residual: iterated = 1.762534e-11, true = 1.762534e-11 (requested = 1.000000e-10)
GCR: Convergence at 21 iterations, n = 6, L2 relative residual: iterated = 1.407981e-11, true = 1.407981e-11 (requested = 1.000000e-10)
GCR: Convergence at 21 iterations, n = 7, L2 relative residual: iterated = 1.555343e-11, true = 1.555343e-11 (requested = 1.000000e-10)
GCR: Convergence at 21 iterations, n = 8, L2 relative residual: iterated = 1.187212e-11, true = 1.187212e-11 (requested = 1.000000e-10)
GCR: Convergence at 21 iterations, n = 9, L2 relative residual: iterated = 1.649567e-11, true = 1.649567e-11 (requested = 1.000000e-10)
GCR: Convergence at 21 iterations, n = 10, L2 relative residual: iterated = 1.870622e-11, true = 1.870622e-11 (requested = 1.000000e-10)
GCR: Convergence at 21 iterations, n = 11, L2 relative residual: iterated = 2.623359e-11, true = 2.623359e-11 (requested = 1.000000e-10)
PyQUDA INFO: Time = 1.861 secs, Performance = 14430.141 GFLOPS
PyQUDA INFO: INVERT 2 propagagors: 3.619909478002228 secs
PyQUDA INFO: DOING SINK GAUSSIAN SMEARING
PyQUDA INFO: SINK GAUSSIAN SMEAR: 0.9513966329977848 secs
PyQUDA INFO: GPU used 49.9 GB, cupy pool 38.3 GB, cupy live 13.4 GB
PyQUDA INFO: CONTRACT ALL: 0.9202353850123473 secs
PyQUDA INFO: UNTIL CONTRACTION: 6.604132334003225 secs
PyQUDA INFO: INNER LOOP STARTS
PyQUDA INFO: SOURCE POSITION = [np.int64(31), np.int64(15), np.int64(15), np.int64(57)]
PyQUDA INFO: DOING SRC GAUSSIAN SMEARING
PyQUDA INFO: SOURCE GAUSSIAN SMEAR: 0.820245890005026 secs
PyQUDA INFO: RELOADING GAUGE
PyQUDA INFO: RELOADING GAUGE: 0.2539924479788169 secs
PyQUDA INFO: SOLVING DIRAC EQ
GCR: Convergence at 20 iterations, n = 0, L2 relative residual: iterated = 3.640709e-11, true = 3.640709e-11 (requested = 1.000000e-10)
GCR: Convergence at 20 iterations, n = 1, L2 relative residual: iterated = 6.411203e-11, true = 6.411203e-11 (requested = 1.000000e-10)
GCR: Convergence at 20 iterations, n = 2, L2 relative residual: iterated = 4.924240e-11, true = 4.924240e-11 (requested = 1.000000e-10)
GCR: Convergence at 20 iterations, n = 3, L2 relative residual: iterated = 3.733178e-11, true = 3.733178e-11 (requested = 1.000000e-10)
GCR: Convergence at 20 iterations, n = 4, L2 relative residual: iterated = 4.722070e-11, true = 4.722070e-11 (requested = 1.000000e-10)
GCR: Convergence at 20 iterations, n = 5, L2 relative residual: iterated = 4.465040e-11, true = 4.465040e-11 (requested = 1.000000e-10)
GCR: Convergence at 20 iterations, n = 6, L2 relative residual: iterated = 2.167725e-11, true = 2.167725e-11 (requested = 1.000000e-10)
GCR: Convergence at 20 iterations, n = 7, L2 relative residual: iterated = 2.096984e-11, true = 2.096984e-11 (requested = 1.000000e-10)
GCR: Convergence at 20 iterations, n = 8, L2 relative residual: iterated = 1.813526e-11, true = 1.813526e-11 (requested = 1.000000e-10)
GCR: Convergence at 20 iterations, n = 9, L2 relative residual: iterated = 2.767494e-11, true = 2.767494e-11 (requested = 1.000000e-10)
GCR: Convergence at 20 iterations, n = 10, L2 relative residual: iterated = 3.837755e-11, true = 3.837755e-11 (requested = 1.000000e-10)
GCR: Convergence at 20 iterations, n = 11, L2 relative residual: iterated = 3.078408e-11, true = 3.078408e-11 (requested = 1.000000e-10)
PyQUDA INFO: Time = 1.753 secs, Performance = 14569.073 GFLOPS
GCR: Convergence at 20 iterations, n = 0, L2 relative residual: iterated = 6.673385e-11, true = 6.673385e-11 (requested = 1.000000e-10)
GCR: Convergence at 20 iterations, n = 1, L2 relative residual: iterated = 3.728364e-11, true = 3.728364e-11 (requested = 1.000000e-10)
GCR: Convergence at 20 iterations, n = 2, L2 relative residual: iterated = 3.519726e-11, true = 3.519726e-11 (requested = 1.000000e-10)
GCR: Convergence at 20 iterations, n = 3, L2 relative residual: iterated = 5.457327e-11, true = 5.457327e-11 (requested = 1.000000e-10)
GCR: Convergence at 20 iterations, n = 4, L2 relative residual: iterated = 2.219483e-11, true = 2.219483e-11 (requested = 1.000000e-10)
GCR: Convergence at 20 iterations, n = 5, L2 relative residual: iterated = 5.176183e-11, true = 5.176183e-11 (requested = 1.000000e-10)
GCR: Convergence at 20 iterations, n = 6, L2 relative residual: iterated = 3.126078e-11, true = 3.126078e-11 (requested = 1.000000e-10)
GCR: Convergence at 20 iterations, n = 7, L2 relative residual: iterated = 2.972498e-11, true = 2.972498e-11 (requested = 1.000000e-10)
GCR: Convergence at 20 iterations, n = 8, L2 relative residual: iterated = 3.300992e-11, true = 3.300992e-11 (requested = 1.000000e-10)
GCR: Convergence at 20 iterations, n = 9, L2 relative residual: iterated = 2.478738e-11, true = 2.478738e-11 (requested = 1.000000e-10)
GCR: Convergence at 20 iterations, n = 10, L2 relative residual: iterated = 2.535379e-11, true = 2.535379e-11 (requested = 1.000000e-10)
GCR: Convergence at 20 iterations, n = 11, L2 relative residual: iterated = 2.284739e-11, true = 2.284739e-11 (requested = 1.000000e-10)
PyQUDA INFO: Time = 1.786 secs, Performance = 14298.799 GFLOPS
PyQUDA INFO: INVERT 2 propagagors: 3.541769736999413 secs
PyQUDA INFO: DOING SINK GAUSSIAN SMEARING
PyQUDA INFO: SINK GAUSSIAN SMEAR: 0.9579535940138157 secs
PyQUDA INFO: GPU used 49.9 GB, cupy pool 38.3 GB, cupy live 13.4 GB
PyQUDA INFO: CONTRACT ALL: 0.9190578089910559 secs
PyQUDA INFO: UNTIL CONTRACTION: 6.538409992004745 secs
PyQUDA INFO: INNER LOOP STARTS
PyQUDA INFO: SOURCE POSITION = [np.int64(31), np.int64(15), np.int64(31), np.int64(57)]
PyQUDA INFO: DOING SRC GAUSSIAN SMEARING
PyQUDA INFO: SOURCE GAUSSIAN SMEAR: 0.8160075189953204 secs
PyQUDA INFO: RELOADING GAUGE
PyQUDA INFO: RELOADING GAUGE: 0.2538868070114404 secs
PyQUDA INFO: SOLVING DIRAC EQ
GCR: Convergence at 20 iterations, n = 0, L2 relative residual: iterated = 4.330760e-11, true = 4.330760e-11 (requested = 1.000000e-10)
GCR: Convergence at 20 iterations, n = 1, L2 relative residual: iterated = 2.601605e-11, true = 2.601605e-11 (requested = 1.000000e-10)
GCR: Convergence at 20 iterations, n = 2, L2 relative residual: iterated = 4.241956e-11, true = 4.241956e-11 (requested = 1.000000e-10)
GCR: Convergence at 20 iterations, n = 3, L2 relative residual: iterated = 4.701124e-11, true = 4.701124e-11 (requested = 1.000000e-10)
GCR: Convergence at 20 iterations, n = 4, L2 relative residual: iterated = 3.842364e-11, true = 3.842364e-11 (requested = 1.000000e-10)
GCR: Convergence at 20 iterations, n = 5, L2 relative residual: iterated = 4.647748e-11, true = 4.647748e-11 (requested = 1.000000e-10)
GCR: Convergence at 20 iterations, n = 6, L2 relative residual: iterated = 2.960729e-11, true = 2.960729e-11 (requested = 1.000000e-10)
GCR: Convergence at 20 iterations, n = 7, L2 relative residual: iterated = 3.601924e-11, true = 3.601924e-11 (requested = 1.000000e-10)
GCR: Convergence at 20 iterations, n = 8, L2 relative residual: iterated = 3.271857e-11, true = 3.271857e-11 (requested = 1.000000e-10)
GCR: Convergence at 20 iterations, n = 9, L2 relative residual: iterated = 5.351799e-11, true = 5.351799e-11 (requested = 1.000000e-10)
GCR: Convergence at 20 iterations, n = 10, L2 relative residual: iterated = 3.190880e-11, true = 3.190880e-11 (requested = 1.000000e-10)
GCR: Convergence at 20 iterations, n = 11, L2 relative residual: iterated = 2.905103e-11, true = 2.905103e-11 (requested = 1.000000e-10)
PyQUDA INFO: Time = 1.754 secs, Performance = 14566.921 GFLOPS
GCR: Convergence at 20 iterations, n = 0, L2 relative residual: iterated = 4.126671e-11, true = 4.126671e-11 (requested = 1.000000e-10)
GCR: Convergence at 20 iterations, n = 1, L2 relative residual: iterated = 4.164805e-11, true = 4.164805e-11 (requested = 1.000000e-10)
GCR: Convergence at 20 iterations, n = 2, L2 relative residual: iterated = 4.469307e-11, true = 4.469307e-11 (requested = 1.000000e-10)
GCR: Convergence at 20 iterations, n = 3, L2 relative residual: iterated = 3.749323e-11, true = 3.749323e-11 (requested = 1.000000e-10)
GCR: Convergence at 20 iterations, n = 4, L2 relative residual: iterated = 2.694340e-11, true = 2.694340e-11 (requested = 1.000000e-10)
GCR: Convergence at 20 iterations, n = 5, L2 relative residual: iterated = 4.605853e-11, true = 4.605853e-11 (requested = 1.000000e-10)
GCR: Convergence at 20 iterations, n = 6, L2 relative residual: iterated = 3.750560e-11, true = 3.750560e-11 (requested = 1.000000e-10)
GCR: Convergence at 20 iterations, n = 7, L2 relative residual: iterated = 4.031846e-11, true = 4.031846e-11 (requested = 1.000000e-10)
GCR: Convergence at 20 iterations, n = 8, L2 relative residual: iterated = 4.427343e-11, true = 4.427343e-11 (requested = 1.000000e-10)
GCR: Convergence at 20 iterations, n = 9, L2 relative residual: iterated = 3.552380e-11, true = 3.552380e-11 (requested = 1.000000e-10)
GCR: Convergence at 20 iterations, n = 10, L2 relative residual: iterated = 2.751379e-11, true = 2.751379e-11 (requested = 1.000000e-10)
GCR: Convergence at 20 iterations, n = 11, L2 relative residual: iterated = 3.522391e-11, true = 3.522391e-11 (requested = 1.000000e-10)
PyQUDA INFO: Time = 1.789 secs, Performance = 14269.379 GFLOPS
PyQUDA INFO: INVERT 2 propagagors: 3.545317464013351 secs
PyQUDA INFO: DOING SINK GAUSSIAN SMEARING
PyQUDA INFO: SINK GAUSSIAN SMEAR: 0.8380173839977942 secs
PyQUDA INFO: GPU used 49.9 GB, cupy pool 38.3 GB, cupy live 13.4 GB
PyQUDA INFO: CONTRACT ALL: 0.9195405110076535 secs
PyQUDA INFO: UNTIL CONTRACTION: 6.416190541000105 secs
PyQUDA INFO: INNER LOOP STARTS
PyQUDA INFO: SOURCE POSITION = [np.int64(31), np.int64(31), np.int64(15), np.int64(57)]
PyQUDA INFO: DOING SRC GAUSSIAN SMEARING
PyQUDA INFO: SOURCE GAUSSIAN SMEAR: 0.8220953480049502 secs
PyQUDA INFO: RELOADING GAUGE
PyQUDA INFO: RELOADING GAUGE: 0.26212532600038685 secs
PyQUDA INFO: SOLVING DIRAC EQ
GCR: Convergence at 21 iterations, n = 0, L2 relative residual: iterated = 1.279939e-11, true = 1.279939e-11 (requested = 1.000000e-10)
GCR: Convergence at 21 iterations, n = 1, L2 relative residual: iterated = 1.780988e-11, true = 1.780988e-11 (requested = 1.000000e-10)
GCR: Convergence at 21 iterations, n = 2, L2 relative residual: iterated = 1.422567e-11, true = 1.422567e-11 (requested = 1.000000e-10)
GCR: Convergence at 21 iterations, n = 3, L2 relative residual: iterated = 1.803053e-11, true = 1.803053e-11 (requested = 1.000000e-10)
GCR: Convergence at 21 iterations, n = 4, L2 relative residual: iterated = 1.844087e-11, true = 1.844087e-11 (requested = 1.000000e-10)
GCR: Convergence at 21 iterations, n = 5, L2 relative residual: iterated = 1.211027e-11, true = 1.211027e-11 (requested = 1.000000e-10)
GCR: Convergence at 21 iterations, n = 6, L2 relative residual: iterated = 3.676963e-11, true = 3.676963e-11 (requested = 1.000000e-10)
GCR: Convergence at 21 iterations, n = 7, L2 relative residual: iterated = 1.258142e-11, true = 1.258142e-11 (requested = 1.000000e-10)
GCR: Convergence at 21 iterations, n = 8, L2 relative residual: iterated = 2.069594e-11, true = 2.069594e-11 (requested = 1.000000e-10)
GCR: Convergence at 21 iterations, n = 9, L2 relative residual: iterated = 1.797432e-11, true = 1.797432e-11 (requested = 1.000000e-10)
GCR: Convergence at 21 iterations, n = 10, L2 relative residual: iterated = 1.542397e-11, true = 1.542397e-11 (requested = 1.000000e-10)
GCR: Convergence at 21 iterations, n = 11, L2 relative residual: iterated = 2.920120e-11, true = 2.920120e-11 (requested = 1.000000e-10)
PyQUDA INFO: Time = 1.829 secs, Performance = 14677.493 GFLOPS
GCR: Convergence at 21 iterations, n = 0, L2 relative residual: iterated = 1.511909e-11, true = 1.511909e-11 (requested = 1.000000e-10)
GCR: Convergence at 21 iterations, n = 1, L2 relative residual: iterated = 1.270185e-11, true = 1.270185e-11 (requested = 1.000000e-10)
GCR: Convergence at 21 iterations, n = 2, L2 relative residual: iterated = 2.367106e-11, true = 2.367106e-11 (requested = 1.000000e-10)
GCR: Convergence at 21 iterations, n = 3, L2 relative residual: iterated = 1.490407e-11, true = 1.490407e-11 (requested = 1.000000e-10)
GCR: Convergence at 21 iterations, n = 4, L2 relative residual: iterated = 1.159734e-11, true = 1.159734e-11 (requested = 1.000000e-10)
GCR: Convergence at 21 iterations, n = 5, L2 relative residual: iterated = 9.256098e-12, true = 9.256098e-12 (requested = 1.000000e-10)
GCR: Convergence at 21 iterations, n = 6, L2 relative residual: iterated = 3.705252e-11, true = 3.705252e-11 (requested = 1.000000e-10)
GCR: Convergence at 21 iterations, n = 7, L2 relative residual: iterated = 1.812626e-11, true = 1.812626e-11 (requested = 1.000000e-10)
GCR: Convergence at 21 iterations, n = 8, L2 relative residual: iterated = 2.593684e-11, true = 2.593684e-11 (requested = 1.000000e-10)
GCR: Convergence at 21 iterations, n = 9, L2 relative residual: iterated = 1.686841e-11, true = 1.686841e-11 (requested = 1.000000e-10)
GCR: Convergence at 21 iterations, n = 10, L2 relative residual: iterated = 1.709316e-11, true = 1.709316e-11 (requested = 1.000000e-10)
GCR: Convergence at 21 iterations, n = 11, L2 relative residual: iterated = 2.190316e-11, true = 2.190316e-11 (requested = 1.000000e-10)
PyQUDA INFO: Time = 1.866 secs, Performance = 14386.692 GFLOPS
PyQUDA INFO: INVERT 2 propagagors: 3.6972291660204064 secs
PyQUDA INFO: DOING SINK GAUSSIAN SMEARING
PyQUDA INFO: SINK GAUSSIAN SMEAR: 0.959521881013643 secs
PyQUDA INFO: GPU used 49.9 GB, cupy pool 38.3 GB, cupy live 13.4 GB
PyQUDA INFO: CONTRACT ALL: 0.9196206709893886 secs
PyQUDA INFO: UNTIL CONTRACTION: 6.706787813018309 secs
PyQUDA INFO: INNER LOOP STARTS
PyQUDA INFO: SOURCE POSITION = [np.int64(31), np.int64(31), np.int64(31), np.int64(57)]
PyQUDA INFO: DOING SRC GAUSSIAN SMEARING
PyQUDA INFO: SOURCE GAUSSIAN SMEAR: 0.8157619280100334 secs
PyQUDA INFO: RELOADING GAUGE
PyQUDA INFO: RELOADING GAUGE: 0.2535200949932914 secs
PyQUDA INFO: SOLVING DIRAC EQ
GCR: Convergence at 20 iterations, n = 0, L2 relative residual: iterated = 4.591340e-11, true = 4.591340e-11 (requested = 1.000000e-10)
GCR: Convergence at 20 iterations, n = 1, L2 relative residual: iterated = 2.176538e-11, true = 2.176538e-11 (requested = 1.000000e-10)
GCR: Convergence at 20 iterations, n = 2, L2 relative residual: iterated = 3.690622e-11, true = 3.690622e-11 (requested = 1.000000e-10)
GCR: Convergence at 20 iterations, n = 3, L2 relative residual: iterated = 3.852945e-11, true = 3.852945e-11 (requested = 1.000000e-10)
GCR: Convergence at 20 iterations, n = 4, L2 relative residual: iterated = 3.932773e-11, true = 3.932773e-11 (requested = 1.000000e-10)
GCR: Convergence at 20 iterations, n = 5, L2 relative residual: iterated = 3.331546e-11, true = 3.331546e-11 (requested = 1.000000e-10)
GCR: Convergence at 20 iterations, n = 6, L2 relative residual: iterated = 6.824326e-11, true = 6.824326e-11 (requested = 1.000000e-10)
GCR: Convergence at 20 iterations, n = 7, L2 relative residual: iterated = 7.803749e-11, true = 7.803749e-11 (requested = 1.000000e-10)
GCR: Convergence at 20 iterations, n = 8, L2 relative residual: iterated = 6.888608e-11, true = 6.888608e-11 (requested = 1.000000e-10)
GCR: Convergence at 20 iterations, n = 9, L2 relative residual: iterated = 4.946634e-11, true = 4.946634e-11 (requested = 1.000000e-10)
GCR: Convergence at 20 iterations, n = 10, L2 relative residual: iterated = 3.677547e-11, true = 3.677547e-11 (requested = 1.000000e-10)
GCR: Convergence at 20 iterations, n = 11, L2 relative residual: iterated = 6.281349e-11, true = 6.281349e-11 (requested = 1.000000e-10)
PyQUDA INFO: Time = 1.755 secs, Performance = 14557.847 GFLOPS
GCR: Convergence at 20 iterations, n = 0, L2 relative residual: iterated = 1.844313e-11, true = 1.844313e-11 (requested = 1.000000e-10)
GCR: Convergence at 20 iterations, n = 1, L2 relative residual: iterated = 2.395802e-11, true = 2.395802e-11 (requested = 1.000000e-10)
GCR: Convergence at 20 iterations, n = 2, L2 relative residual: iterated = 2.890525e-11, true = 2.890525e-11 (requested = 1.000000e-10)
GCR: Convergence at 20 iterations, n = 3, L2 relative residual: iterated = 2.836526e-11, true = 2.836526e-11 (requested = 1.000000e-10)
GCR: Convergence at 20 iterations, n = 4, L2 relative residual: iterated = 3.035963e-11, true = 3.035963e-11 (requested = 1.000000e-10)
GCR: Convergence at 20 iterations, n = 5, L2 relative residual: iterated = 1.973111e-11, true = 1.973111e-11 (requested = 1.000000e-10)
GCR: Convergence at 20 iterations, n = 6, L2 relative residual: iterated = 4.843043e-11, true = 4.843043e-11 (requested = 1.000000e-10)
GCR: Convergence at 20 iterations, n = 7, L2 relative residual: iterated = 3.387763e-11, true = 3.387763e-11 (requested = 1.000000e-10)
GCR: Convergence at 20 iterations, n = 8, L2 relative residual: iterated = 3.374971e-11, true = 3.374971e-11 (requested = 1.000000e-10)
GCR: Convergence at 20 iterations, n = 9, L2 relative residual: iterated = 4.146584e-11, true = 4.146584e-11 (requested = 1.000000e-10)
GCR: Convergence at 20 iterations, n = 10, L2 relative residual: iterated = 2.445649e-11, true = 2.445649e-11 (requested = 1.000000e-10)
GCR: Convergence at 20 iterations, n = 11, L2 relative residual: iterated = 6.112154e-11, true = 6.112154e-11 (requested = 1.000000e-10)
PyQUDA INFO: Time = 1.808 secs, Performance = 14312.318 GFLOPS
PyQUDA INFO: INVERT 2 propagagors: 3.5647016059956513 secs
PyQUDA INFO: DOING SINK GAUSSIAN SMEARING
PyQUDA INFO: SINK GAUSSIAN SMEAR: 0.9595945320033934 secs
PyQUDA INFO: GPU used 49.9 GB, cupy pool 38.3 GB, cupy live 13.4 GB
PyQUDA INFO: CONTRACT ALL: 0.9207897369924467 secs
PyQUDA INFO: UNTIL CONTRACTION: 6.558802808984183 secs
PyQUDA INFO: INNER LOOP STARTS
PyQUDA INFO: SOURCE POSITION = [np.int64(15), np.int64(15), np.int64(15), np.int64(89)]
PyQUDA INFO: DOING SRC GAUSSIAN SMEARING
PyQUDA INFO: SOURCE GAUSSIAN SMEAR: 0.821152324002469 secs
PyQUDA INFO: RELOADING GAUGE
PyQUDA INFO: RELOADING GAUGE: 0.2612008719879668 secs
PyQUDA INFO: SOLVING DIRAC EQ
GCR: Convergence at 20 iterations, n = 0, L2 relative residual: iterated = 3.386058e-11, true = 3.386058e-11 (requested = 1.000000e-10)
GCR: Convergence at 20 iterations, n = 1, L2 relative residual: iterated = 3.281152e-11, true = 3.281152e-11 (requested = 1.000000e-10)
GCR: Convergence at 20 iterations, n = 2, L2 relative residual: iterated = 5.443892e-11, true = 5.443892e-11 (requested = 1.000000e-10)
GCR: Convergence at 20 iterations, n = 3, L2 relative residual: iterated = 4.158955e-11, true = 4.158955e-11 (requested = 1.000000e-10)
GCR: Convergence at 20 iterations, n = 4, L2 relative residual: iterated = 4.719424e-11, true = 4.719424e-11 (requested = 1.000000e-10)
GCR: Convergence at 20 iterations, n = 5, L2 relative residual: iterated = 4.482244e-11, true = 4.482244e-11 (requested = 1.000000e-10)
GCR: Convergence at 20 iterations, n = 6, L2 relative residual: iterated = 5.595042e-11, true = 5.595042e-11 (requested = 1.000000e-10)
GCR: Convergence at 20 iterations, n = 7, L2 relative residual: iterated = 5.584532e-11, true = 5.584532e-11 (requested = 1.000000e-10)
GCR: Convergence at 20 iterations, n = 8, L2 relative residual: iterated = 4.943733e-11, true = 4.943733e-11 (requested = 1.000000e-10)
GCR: Convergence at 20 iterations, n = 9, L2 relative residual: iterated = 3.459435e-11, true = 3.459435e-11 (requested = 1.000000e-10)
GCR: Convergence at 20 iterations, n = 10, L2 relative residual: iterated = 4.934394e-11, true = 4.934394e-11 (requested = 1.000000e-10)
GCR: Convergence at 20 iterations, n = 11, L2 relative residual: iterated = 4.755666e-11, true = 4.755666e-11 (requested = 1.000000e-10)
PyQUDA INFO: Time = 1.749 secs, Performance = 14589.687 GFLOPS
GCR: Convergence at 20 iterations, n = 0, L2 relative residual: iterated = 4.339186e-11, true = 4.339186e-11 (requested = 1.000000e-10)
GCR: Convergence at 20 iterations, n = 1, L2 relative residual: iterated = 2.782986e-11, true = 2.782986e-11 (requested = 1.000000e-10)
GCR: Convergence at 20 iterations, n = 2, L2 relative residual: iterated = 3.088626e-11, true = 3.088626e-11 (requested = 1.000000e-10)
GCR: Convergence at 20 iterations, n = 3, L2 relative residual: iterated = 5.240923e-11, true = 5.240923e-11 (requested = 1.000000e-10)
GCR: Convergence at 20 iterations, n = 4, L2 relative residual: iterated = 3.161089e-11, true = 3.161089e-11 (requested = 1.000000e-10)
GCR: Convergence at 20 iterations, n = 5, L2 relative residual: iterated = 4.569468e-11, true = 4.569468e-11 (requested = 1.000000e-10)
GCR: Convergence at 20 iterations, n = 6, L2 relative residual: iterated = 3.963659e-11, true = 3.963659e-11 (requested = 1.000000e-10)
GCR: Convergence at 20 iterations, n = 7, L2 relative residual: iterated = 4.521358e-11, true = 4.521358e-11 (requested = 1.000000e-10)
GCR: Convergence at 20 iterations, n = 8, L2 relative residual: iterated = 3.281185e-11, true = 3.281185e-11 (requested = 1.000000e-10)
GCR: Convergence at 20 iterations, n = 9, L2 relative residual: iterated = 5.658590e-11, true = 5.658590e-11 (requested = 1.000000e-10)
GCR: Convergence at 20 iterations, n = 10, L2 relative residual: iterated = 5.781267e-11, true = 5.781267e-11 (requested = 1.000000e-10)
GCR: Convergence at 20 iterations, n = 11, L2 relative residual: iterated = 3.635859e-11, true = 3.635859e-11 (requested = 1.000000e-10)
PyQUDA INFO: Time = 1.788 secs, Performance = 14288.929 GFLOPS
PyQUDA INFO: INVERT 2 propagagors: 3.539840807992732 secs
PyQUDA INFO: DOING SINK GAUSSIAN SMEARING
PyQUDA INFO: SINK GAUSSIAN SMEAR: 0.9664188240130898 secs
PyQUDA INFO: GPU used 49.9 GB, cupy pool 38.3 GB, cupy live 13.4 GB
PyQUDA INFO: CONTRACT ALL: 0.9190223290061112 secs
PyQUDA INFO: UNTIL CONTRACTION: 6.5524453180260025 secs
PyQUDA INFO: INNER LOOP STARTS
PyQUDA INFO: SOURCE POSITION = [np.int64(15), np.int64(15), np.int64(31), np.int64(89)]
PyQUDA INFO: DOING SRC GAUSSIAN SMEARING
PyQUDA INFO: SOURCE GAUSSIAN SMEAR: 0.8200569079781417 secs
PyQUDA INFO: RELOADING GAUGE
PyQUDA INFO: RELOADING GAUGE: 0.25938960298663005 secs
PyQUDA INFO: SOLVING DIRAC EQ
GCR: Convergence at 20 iterations, n = 0, L2 relative residual: iterated = 4.421813e-11, true = 4.421813e-11 (requested = 1.000000e-10)
GCR: Convergence at 20 iterations, n = 1, L2 relative residual: iterated = 4.020101e-11, true = 4.020101e-11 (requested = 1.000000e-10)
GCR: Convergence at 20 iterations, n = 2, L2 relative residual: iterated = 3.927946e-11, true = 3.927946e-11 (requested = 1.000000e-10)
GCR: Convergence at 20 iterations, n = 3, L2 relative residual: iterated = 3.550125e-11, true = 3.550125e-11 (requested = 1.000000e-10)
GCR: Convergence at 20 iterations, n = 4, L2 relative residual: iterated = 3.926559e-11, true = 3.926559e-11 (requested = 1.000000e-10)
GCR: Convergence at 20 iterations, n = 5, L2 relative residual: iterated = 2.702211e-11, true = 2.702211e-11 (requested = 1.000000e-10)
GCR: Convergence at 20 iterations, n = 6, L2 relative residual: iterated = 4.459000e-11, true = 4.459000e-11 (requested = 1.000000e-10)
GCR: Convergence at 20 iterations, n = 7, L2 relative residual: iterated = 5.344321e-11, true = 5.344321e-11 (requested = 1.000000e-10)
GCR: Convergence at 20 iterations, n = 8, L2 relative residual: iterated = 5.373894e-11, true = 5.373894e-11 (requested = 1.000000e-10)
GCR: Convergence at 20 iterations, n = 9, L2 relative residual: iterated = 5.548737e-11, true = 5.548737e-11 (requested = 1.000000e-10)
GCR: Convergence at 20 iterations, n = 10, L2 relative residual: iterated = 4.636690e-11, true = 4.636690e-11 (requested = 1.000000e-10)
GCR: Convergence at 20 iterations, n = 11, L2 relative residual: iterated = 6.754737e-11, true = 6.754737e-11 (requested = 1.000000e-10)
PyQUDA INFO: Time = 1.752 secs, Performance = 14564.810 GFLOPS
GCR: Convergence at 20 iterations, n = 0, L2 relative residual: iterated = 6.033858e-11, true = 6.033858e-11 (requested = 1.000000e-10)
GCR: Convergence at 20 iterations, n = 1, L2 relative residual: iterated = 4.679166e-11, true = 4.679166e-11 (requested = 1.000000e-10)
GCR: Convergence at 20 iterations, n = 2, L2 relative residual: iterated = 3.830263e-11, true = 3.830263e-11 (requested = 1.000000e-10)
GCR: Convergence at 20 iterations, n = 3, L2 relative residual: iterated = 3.201108e-11, true = 3.201108e-11 (requested = 1.000000e-10)
GCR: Convergence at 20 iterations, n = 4, L2 relative residual: iterated = 4.188582e-11, true = 4.188582e-11 (requested = 1.000000e-10)
GCR: Convergence at 20 iterations, n = 5, L2 relative residual: iterated = 4.317744e-11, true = 4.317744e-11 (requested = 1.000000e-10)
GCR: Convergence at 20 iterations, n = 6, L2 relative residual: iterated = 8.059980e-11, true = 8.059980e-11 (requested = 1.000000e-10)
GCR: Convergence at 20 iterations, n = 7, L2 relative residual: iterated = 5.668546e-11, true = 5.668546e-11 (requested = 1.000000e-10)
GCR: Convergence at 20 iterations, n = 8, L2 relative residual: iterated = 6.871299e-11, true = 6.871299e-11 (requested = 1.000000e-10)
GCR: Convergence at 20 iterations, n = 9, L2 relative residual: iterated = 5.988096e-11, true = 5.988096e-11 (requested = 1.000000e-10)
GCR: Convergence at 20 iterations, n = 10, L2 relative residual: iterated = 5.062682e-11, true = 5.062682e-11 (requested = 1.000000e-10)
GCR: Convergence at 20 iterations, n = 11, L2 relative residual: iterated = 7.710321e-11, true = 7.710321e-11 (requested = 1.000000e-10)
PyQUDA INFO: Time = 1.785 secs, Performance = 14302.037 GFLOPS
PyQUDA INFO: INVERT 2 propagagors: 3.5396939960191958 secs
PyQUDA INFO: DOING SINK GAUSSIAN SMEARING
PyQUDA INFO: SINK GAUSSIAN SMEAR: 0.96552090998739 secs
PyQUDA INFO: GPU used 49.9 GB, cupy pool 38.3 GB, cupy live 13.4 GB
PyQUDA INFO: CONTRACT ALL: 0.9205688569927588 secs
PyQUDA INFO: UNTIL CONTRACTION: 6.5494610049936455 secs
PyQUDA INFO: INNER LOOP STARTS
PyQUDA INFO: SOURCE POSITION = [np.int64(15), np.int64(31), np.int64(15), np.int64(89)]
PyQUDA INFO: DOING SRC GAUSSIAN SMEARING
PyQUDA INFO: SOURCE GAUSSIAN SMEAR: 0.8204306699917652 secs
PyQUDA INFO: RELOADING GAUGE
PyQUDA INFO: RELOADING GAUGE: 0.2553307339840103 secs
PyQUDA INFO: SOLVING DIRAC EQ
GCR: Convergence at 20 iterations, n = 0, L2 relative residual: iterated = 6.023756e-11, true = 6.023756e-11 (requested = 1.000000e-10)
GCR: Convergence at 20 iterations, n = 1, L2 relative residual: iterated = 7.891681e-11, true = 7.891681e-11 (requested = 1.000000e-10)
GCR: Convergence at 20 iterations, n = 2, L2 relative residual: iterated = 5.050352e-11, true = 5.050352e-11 (requested = 1.000000e-10)
GCR: Convergence at 20 iterations, n = 3, L2 relative residual: iterated = 6.384533e-11, true = 6.384533e-11 (requested = 1.000000e-10)
GCR: Convergence at 20 iterations, n = 4, L2 relative residual: iterated = 4.702156e-11, true = 4.702156e-11 (requested = 1.000000e-10)
GCR: Convergence at 20 iterations, n = 5, L2 relative residual: iterated = 2.876641e-11, true = 2.876641e-11 (requested = 1.000000e-10)
GCR: Convergence at 20 iterations, n = 6, L2 relative residual: iterated = 4.410934e-11, true = 4.410934e-11 (requested = 1.000000e-10)
GCR: Convergence at 20 iterations, n = 7, L2 relative residual: iterated = 5.089379e-11, true = 5.089379e-11 (requested = 1.000000e-10)
GCR: Convergence at 20 iterations, n = 8, L2 relative residual: iterated = 7.628144e-11, true = 7.628144e-11 (requested = 1.000000e-10)
GCR: Convergence at 20 iterations, n = 9, L2 relative residual: iterated = 2.799275e-11, true = 2.799275e-11 (requested = 1.000000e-10)
GCR: Convergence at 20 iterations, n = 10, L2 relative residual: iterated = 9.761012e-11, true = 9.761012e-11 (requested = 1.000000e-10)
GCR: Convergence at 20 iterations, n = 11, L2 relative residual: iterated = 4.175875e-11, true = 4.175875e-11 (requested = 1.000000e-10)
PyQUDA INFO: Time = 1.752 secs, Performance = 14571.279 GFLOPS
GCR: Convergence at 20 iterations, n = 0, L2 relative residual: iterated = 6.063086e-11, true = 6.063086e-11 (requested = 1.000000e-10)
GCR: Convergence at 20 iterations, n = 1, L2 relative residual: iterated = 5.339752e-11, true = 5.339752e-11 (requested = 1.000000e-10)
GCR: Convergence at 20 iterations, n = 2, L2 relative residual: iterated = 4.919318e-11, true = 4.919318e-11 (requested = 1.000000e-10)
GCR: Convergence at 20 iterations, n = 3, L2 relative residual: iterated = 6.793135e-11, true = 6.793135e-11 (requested = 1.000000e-10)
GCR: Convergence at 20 iterations, n = 4, L2 relative residual: iterated = 4.510596e-11, true = 4.510596e-11 (requested = 1.000000e-10)
GCR: Convergence at 20 iterations, n = 5, L2 relative residual: iterated = 6.841955e-11, true = 6.841955e-11 (requested = 1.000000e-10)
GCR: Convergence at 20 iterations, n = 6, L2 relative residual: iterated = 7.210696e-11, true = 7.210696e-11 (requested = 1.000000e-10)
GCR: Convergence at 20 iterations, n = 7, L2 relative residual: iterated = 3.481824e-11, true = 3.481824e-11 (requested = 1.000000e-10)
GCR: Convergence at 20 iterations, n = 8, L2 relative residual: iterated = 5.416219e-11, true = 5.416219e-11 (requested = 1.000000e-10)
GCR: Convergence at 20 iterations, n = 9, L2 relative residual: iterated = 6.170448e-11, true = 6.170448e-11 (requested = 1.000000e-10)
GCR: Convergence at 20 iterations, n = 10, L2 relative residual: iterated = 7.893557e-11, true = 7.893557e-11 (requested = 1.000000e-10)
GCR: Convergence at 20 iterations, n = 11, L2 relative residual: iterated = 5.023144e-11, true = 5.023144e-11 (requested = 1.000000e-10)
PyQUDA INFO: Time = 1.784 secs, Performance = 14308.304 GFLOPS
PyQUDA INFO: INVERT 2 propagagors: 3.5377208779973444 secs
PyQUDA INFO: DOING SINK GAUSSIAN SMEARING
PyQUDA INFO: SINK GAUSSIAN SMEAR: 0.9520206750021316 secs
PyQUDA INFO: GPU used 49.9 GB, cupy pool 38.3 GB, cupy live 13.4 GB
PyQUDA INFO: CONTRACT ALL: 0.9200177829770837 secs
PyQUDA INFO: UNTIL CONTRACTION: 6.530996246990981 secs
PyQUDA INFO: INNER LOOP STARTS
PyQUDA INFO: SOURCE POSITION = [np.int64(15), np.int64(31), np.int64(31), np.int64(89)]
PyQUDA INFO: DOING SRC GAUSSIAN SMEARING
PyQUDA INFO: SOURCE GAUSSIAN SMEAR: 0.8189461329893675 secs
PyQUDA INFO: RELOADING GAUGE
PyQUDA INFO: RELOADING GAUGE: 0.2610715810151305 secs
PyQUDA INFO: SOLVING DIRAC EQ
GCR: Convergence at 20 iterations, n = 0, L2 relative residual: iterated = 5.753559e-11, true = 5.753559e-11 (requested = 1.000000e-10)
GCR: Convergence at 20 iterations, n = 1, L2 relative residual: iterated = 5.228256e-11, true = 5.228256e-11 (requested = 1.000000e-10)
GCR: Convergence at 20 iterations, n = 2, L2 relative residual: iterated = 3.741422e-11, true = 3.741422e-11 (requested = 1.000000e-10)
GCR: Convergence at 20 iterations, n = 3, L2 relative residual: iterated = 3.129799e-11, true = 3.129799e-11 (requested = 1.000000e-10)
GCR: Convergence at 20 iterations, n = 4, L2 relative residual: iterated = 3.956147e-11, true = 3.956147e-11 (requested = 1.000000e-10)
GCR: Convergence at 20 iterations, n = 5, L2 relative residual: iterated = 5.741357e-11, true = 5.741357e-11 (requested = 1.000000e-10)
GCR: Convergence at 20 iterations, n = 6, L2 relative residual: iterated = 7.720061e-11, true = 7.720061e-11 (requested = 1.000000e-10)
GCR: Convergence at 20 iterations, n = 7, L2 relative residual: iterated = 5.757178e-11, true = 5.757178e-11 (requested = 1.000000e-10)
GCR: Convergence at 20 iterations, n = 8, L2 relative residual: iterated = 4.223082e-11, true = 4.223082e-11 (requested = 1.000000e-10)
GCR: Convergence at 20 iterations, n = 9, L2 relative residual: iterated = 3.475399e-11, true = 3.475399e-11 (requested = 1.000000e-10)
GCR: Convergence at 20 iterations, n = 10, L2 relative residual: iterated = 5.630523e-11, true = 5.630523e-11 (requested = 1.000000e-10)
GCR: Convergence at 20 iterations, n = 11, L2 relative residual: iterated = 4.921086e-11, true = 4.921086e-11 (requested = 1.000000e-10)
PyQUDA INFO: Time = 1.750 secs, Performance = 14583.893 GFLOPS
GCR: Convergence at 20 iterations, n = 0, L2 relative residual: iterated = 4.069712e-11, true = 4.069712e-11 (requested = 1.000000e-10)
GCR: Convergence at 20 iterations, n = 1, L2 relative residual: iterated = 4.099271e-11, true = 4.099271e-11 (requested = 1.000000e-10)
GCR: Convergence at 20 iterations, n = 2, L2 relative residual: iterated = 3.431583e-11, true = 3.431583e-11 (requested = 1.000000e-10)
GCR: Convergence at 20 iterations, n = 3, L2 relative residual: iterated = 3.078866e-11, true = 3.078866e-11 (requested = 1.000000e-10)
GCR: Convergence at 20 iterations, n = 4, L2 relative residual: iterated = 3.500745e-11, true = 3.500745e-11 (requested = 1.000000e-10)
GCR: Convergence at 20 iterations, n = 5, L2 relative residual: iterated = 5.898355e-11, true = 5.898355e-11 (requested = 1.000000e-10)
GCR: Convergence at 20 iterations, n = 6, L2 relative residual: iterated = 4.058833e-11, true = 4.058833e-11 (requested = 1.000000e-10)
GCR: Convergence at 20 iterations, n = 7, L2 relative residual: iterated = 3.423886e-11, true = 3.423886e-11 (requested = 1.000000e-10)
GCR: Convergence at 20 iterations, n = 8, L2 relative residual: iterated = 3.825082e-11, true = 3.825082e-11 (requested = 1.000000e-10)
GCR: Convergence at 20 iterations, n = 9, L2 relative residual: iterated = 5.074883e-11, true = 5.074883e-11 (requested = 1.000000e-10)
GCR: Convergence at 20 iterations, n = 10, L2 relative residual: iterated = 6.290834e-11, true = 6.290834e-11 (requested = 1.000000e-10)
GCR: Convergence at 20 iterations, n = 11, L2 relative residual: iterated = 4.144382e-11, true = 4.144382e-11 (requested = 1.000000e-10)
PyQUDA INFO: Time = 1.786 secs, Performance = 14298.626 GFLOPS
PyQUDA INFO: INVERT 2 propagagors: 3.5377772570063826 secs
PyQUDA INFO: DOING SINK GAUSSIAN SMEARING
PyQUDA INFO: SINK GAUSSIAN SMEAR: 0.9750605050066952 secs
PyQUDA INFO: GPU used 49.9 GB, cupy pool 38.3 GB, cupy live 13.4 GB
PyQUDA INFO: CONTRACT ALL: 0.9198652430204675 secs
PyQUDA INFO: UNTIL CONTRACTION: 6.558672518003732 secs
PyQUDA INFO: INNER LOOP STARTS
PyQUDA INFO: SOURCE POSITION = [np.int64(31), np.int64(15), np.int64(15), np.int64(89)]
PyQUDA INFO: DOING SRC GAUSSIAN SMEARING
PyQUDA INFO: SOURCE GAUSSIAN SMEAR: 0.8184394600102678 secs
PyQUDA INFO: RELOADING GAUGE
PyQUDA INFO: RELOADING GAUGE: 0.2532102030236274 secs
PyQUDA INFO: SOLVING DIRAC EQ
GCR: Convergence at 20 iterations, n = 0, L2 relative residual: iterated = 4.984220e-11, true = 4.984220e-11 (requested = 1.000000e-10)
GCR: Convergence at 20 iterations, n = 1, L2 relative residual: iterated = 7.608437e-11, true = 7.608437e-11 (requested = 1.000000e-10)
GCR: Convergence at 20 iterations, n = 2, L2 relative residual: iterated = 4.943081e-11, true = 4.943081e-11 (requested = 1.000000e-10)
GCR: Convergence at 20 iterations, n = 3, L2 relative residual: iterated = 5.410387e-11, true = 5.410387e-11 (requested = 1.000000e-10)
GCR: Convergence at 20 iterations, n = 4, L2 relative residual: iterated = 5.311514e-11, true = 5.311514e-11 (requested = 1.000000e-10)
GCR: Convergence at 20 iterations, n = 5, L2 relative residual: iterated = 5.652657e-11, true = 5.652657e-11 (requested = 1.000000e-10)
GCR: Convergence at 20 iterations, n = 6, L2 relative residual: iterated = 5.778634e-11, true = 5.778634e-11 (requested = 1.000000e-10)
GCR: Convergence at 20 iterations, n = 7, L2 relative residual: iterated = 5.866766e-11, true = 5.866766e-11 (requested = 1.000000e-10)
GCR: Convergence at 20 iterations, n = 8, L2 relative residual: iterated = 6.490332e-11, true = 6.490332e-11 (requested = 1.000000e-10)
GCR: Convergence at 20 iterations, n = 9, L2 relative residual: iterated = 4.194346e-11, true = 4.194346e-11 (requested = 1.000000e-10)
GCR: Convergence at 20 iterations, n = 10, L2 relative residual: iterated = 6.862975e-11, true = 6.862975e-11 (requested = 1.000000e-10)
GCR: Convergence at 20 iterations, n = 11, L2 relative residual: iterated = 5.168666e-11, true = 5.168666e-11 (requested = 1.000000e-10)
PyQUDA INFO: Time = 1.755 secs, Performance = 14538.675 GFLOPS
GCR: Convergence at 20 iterations, n = 0, L2 relative residual: iterated = 4.904773e-11, true = 4.904773e-11 (requested = 1.000000e-10)
GCR: Convergence at 20 iterations, n = 1, L2 relative residual: iterated = 4.451245e-11, true = 4.451245e-11 (requested = 1.000000e-10)
GCR: Convergence at 20 iterations, n = 2, L2 relative residual: iterated = 5.152806e-11, true = 5.152806e-11 (requested = 1.000000e-10)
GCR: Convergence at 20 iterations, n = 3, L2 relative residual: iterated = 6.332390e-11, true = 6.332390e-11 (requested = 1.000000e-10)
GCR: Convergence at 20 iterations, n = 4, L2 relative residual: iterated = 7.267986e-11, true = 7.267986e-11 (requested = 1.000000e-10)
GCR: Convergence at 20 iterations, n = 5, L2 relative residual: iterated = 5.139067e-11, true = 5.139067e-11 (requested = 1.000000e-10)
GCR: Convergence at 20 iterations, n = 6, L2 relative residual: iterated = 5.869144e-11, true = 5.869144e-11 (requested = 1.000000e-10)
GCR: Convergence at 20 iterations, n = 7, L2 relative residual: iterated = 5.598759e-11, true = 5.598759e-11 (requested = 1.000000e-10)
GCR: Convergence at 20 iterations, n = 8, L2 relative residual: iterated = 5.188263e-11, true = 5.188263e-11 (requested = 1.000000e-10)
GCR: Convergence at 20 iterations, n = 9, L2 relative residual: iterated = 9.179125e-11, true = 9.179125e-11 (requested = 1.000000e-10)
GCR: Convergence at 20 iterations, n = 10, L2 relative residual: iterated = 7.522312e-11, true = 7.522312e-11 (requested = 1.000000e-10)
GCR: Convergence at 20 iterations, n = 11, L2 relative residual: iterated = 5.508335e-11, true = 5.508335e-11 (requested = 1.000000e-10)
PyQUDA INFO: Time = 1.781 secs, Performance = 14321.771 GFLOPS
PyQUDA INFO: INVERT 2 propagagors: 3.537232895003399 secs
PyQUDA INFO: DOING SINK GAUSSIAN SMEARING
PyQUDA INFO: SINK GAUSSIAN SMEAR: 0.9668792260054033 secs
PyQUDA INFO: GPU used 49.9 GB, cupy pool 38.3 GB, cupy live 13.4 GB
PyQUDA INFO: CONTRACT ALL: 0.920665686018765 secs
PyQUDA INFO: UNTIL CONTRACTION: 6.5417208680009935 secs
PyQUDA INFO: INNER LOOP STARTS
PyQUDA INFO: SOURCE POSITION = [np.int64(31), np.int64(15), np.int64(31), np.int64(89)]
PyQUDA INFO: DOING SRC GAUSSIAN SMEARING
PyQUDA INFO: SOURCE GAUSSIAN SMEAR: 0.8155856570228934 secs
PyQUDA INFO: RELOADING GAUGE
PyQUDA INFO: RELOADING GAUGE: 0.2557590960059315 secs
PyQUDA INFO: SOLVING DIRAC EQ
GCR: Convergence at 20 iterations, n = 0, L2 relative residual: iterated = 4.139398e-11, true = 4.139398e-11 (requested = 1.000000e-10)
GCR: Convergence at 20 iterations, n = 1, L2 relative residual: iterated = 5.941273e-11, true = 5.941273e-11 (requested = 1.000000e-10)
GCR: Convergence at 20 iterations, n = 2, L2 relative residual: iterated = 3.320032e-11, true = 3.320032e-11 (requested = 1.000000e-10)
GCR: Convergence at 20 iterations, n = 3, L2 relative residual: iterated = 4.130477e-11, true = 4.130477e-11 (requested = 1.000000e-10)
GCR: Convergence at 20 iterations, n = 4, L2 relative residual: iterated = 6.032155e-11, true = 6.032155e-11 (requested = 1.000000e-10)
GCR: Convergence at 20 iterations, n = 5, L2 relative residual: iterated = 1.695572e-11, true = 1.695572e-11 (requested = 1.000000e-10)
GCR: Convergence at 20 iterations, n = 6, L2 relative residual: iterated = 7.631710e-11, true = 7.631710e-11 (requested = 1.000000e-10)
GCR: Convergence at 20 iterations, n = 7, L2 relative residual: iterated = 4.684649e-11, true = 4.684649e-11 (requested = 1.000000e-10)
GCR: Convergence at 20 iterations, n = 8, L2 relative residual: iterated = 4.837641e-11, true = 4.837641e-11 (requested = 1.000000e-10)
GCR: Convergence at 20 iterations, n = 9, L2 relative residual: iterated = 5.861840e-11, true = 5.861840e-11 (requested = 1.000000e-10)
GCR: Convergence at 20 iterations, n = 10, L2 relative residual: iterated = 7.048622e-11, true = 7.048622e-11 (requested = 1.000000e-10)
GCR: Convergence at 20 iterations, n = 11, L2 relative residual: iterated = 3.218629e-11, true = 3.218629e-11 (requested = 1.000000e-10)
PyQUDA INFO: Time = 1.753 secs, Performance = 14567.465 GFLOPS
GCR: Convergence at 20 iterations, n = 0, L2 relative residual: iterated = 3.733994e-11, true = 3.733994e-11 (requested = 1.000000e-10)
GCR: Convergence at 20 iterations, n = 1, L2 relative residual: iterated = 3.005138e-11, true = 3.005138e-11 (requested = 1.000000e-10)
GCR: Convergence at 20 iterations, n = 2, L2 relative residual: iterated = 7.572323e-11, true = 7.572323e-11 (requested = 1.000000e-10)
GCR: Convergence at 20 iterations, n = 3, L2 relative residual: iterated = 4.926290e-11, true = 4.926290e-11 (requested = 1.000000e-10)
GCR: Convergence at 20 iterations, n = 4, L2 relative residual: iterated = 4.397913e-11, true = 4.397913e-11 (requested = 1.000000e-10)
GCR: Convergence at 20 iterations, n = 5, L2 relative residual: iterated = 5.846332e-11, true = 5.846332e-11 (requested = 1.000000e-10)
GCR: Convergence at 20 iterations, n = 6, L2 relative residual: iterated = 9.616613e-11, true = 9.616613e-11 (requested = 1.000000e-10)
GCR: Convergence at 20 iterations, n = 7, L2 relative residual: iterated = 6.346598e-11, true = 6.346598e-11 (requested = 1.000000e-10)
GCR: Convergence at 20 iterations, n = 8, L2 relative residual: iterated = 7.048008e-11, true = 7.048008e-11 (requested = 1.000000e-10)
GCR: Convergence at 20 iterations, n = 9, L2 relative residual: iterated = 3.954471e-11, true = 3.954471e-11 (requested = 1.000000e-10)
GCR: Convergence at 20 iterations, n = 10, L2 relative residual: iterated = 8.069058e-11, true = 8.069058e-11 (requested = 1.000000e-10)
GCR: Convergence at 20 iterations, n = 11, L2 relative residual: iterated = 6.866063e-11, true = 6.866063e-11 (requested = 1.000000e-10)
PyQUDA INFO: Time = 1.783 secs, Performance = 14315.278 GFLOPS
PyQUDA INFO: INVERT 2 propagagors: 3.5379983489983715 secs
PyQUDA INFO: DOING SINK GAUSSIAN SMEARING
PyQUDA INFO: SINK GAUSSIAN SMEAR: 0.8324551969999447 secs
PyQUDA INFO: GPU used 49.9 GB, cupy pool 38.3 GB, cupy live 13.4 GB
PyQUDA INFO: CONTRACT ALL: 0.9193964900041465 secs
PyQUDA INFO: UNTIL CONTRACTION: 6.40661803499097 secs
PyQUDA INFO: INNER LOOP STARTS
PyQUDA INFO: SOURCE POSITION = [np.int64(31), np.int64(31), np.int64(15), np.int64(89)]
PyQUDA INFO: DOING SRC GAUSSIAN SMEARING
PyQUDA INFO: SOURCE GAUSSIAN SMEAR: 0.8211156339966692 secs
PyQUDA INFO: RELOADING GAUGE
PyQUDA INFO: RELOADING GAUGE: 0.26123714199638925 secs
PyQUDA INFO: SOLVING DIRAC EQ
GCR: Convergence at 20 iterations, n = 0, L2 relative residual: iterated = 4.611045e-11, true = 4.611045e-11 (requested = 1.000000e-10)
GCR: Convergence at 20 iterations, n = 1, L2 relative residual: iterated = 5.856649e-11, true = 5.856649e-11 (requested = 1.000000e-10)
GCR: Convergence at 20 iterations, n = 2, L2 relative residual: iterated = 4.126501e-11, true = 4.126501e-11 (requested = 1.000000e-10)
GCR: Convergence at 20 iterations, n = 3, L2 relative residual: iterated = 4.181535e-11, true = 4.181535e-11 (requested = 1.000000e-10)
GCR: Convergence at 20 iterations, n = 4, L2 relative residual: iterated = 3.005038e-11, true = 3.005038e-11 (requested = 1.000000e-10)
GCR: Convergence at 20 iterations, n = 5, L2 relative residual: iterated = 6.421070e-11, true = 6.421070e-11 (requested = 1.000000e-10)
GCR: Convergence at 20 iterations, n = 6, L2 relative residual: iterated = 3.420644e-11, true = 3.420644e-11 (requested = 1.000000e-10)
GCR: Convergence at 20 iterations, n = 7, L2 relative residual: iterated = 2.247414e-11, true = 2.247414e-11 (requested = 1.000000e-10)
GCR: Convergence at 20 iterations, n = 8, L2 relative residual: iterated = 4.606500e-11, true = 4.606500e-11 (requested = 1.000000e-10)
GCR: Convergence at 20 iterations, n = 9, L2 relative residual: iterated = 2.624427e-11, true = 2.624427e-11 (requested = 1.000000e-10)
GCR: Convergence at 20 iterations, n = 10, L2 relative residual: iterated = 2.764008e-11, true = 2.764008e-11 (requested = 1.000000e-10)
GCR: Convergence at 20 iterations, n = 11, L2 relative residual: iterated = 4.530931e-11, true = 4.530931e-11 (requested = 1.000000e-10)
PyQUDA INFO: Time = 1.752 secs, Performance = 14576.206 GFLOPS
GCR: Convergence at 20 iterations, n = 0, L2 relative residual: iterated = 6.216241e-11, true = 6.216241e-11 (requested = 1.000000e-10)
GCR: Convergence at 20 iterations, n = 1, L2 relative residual: iterated = 4.045153e-11, true = 4.045153e-11 (requested = 1.000000e-10)
GCR: Convergence at 20 iterations, n = 2, L2 relative residual: iterated = 4.960560e-11, true = 4.960560e-11 (requested = 1.000000e-10)
GCR: Convergence at 20 iterations, n = 3, L2 relative residual: iterated = 6.125165e-11, true = 6.125165e-11 (requested = 1.000000e-10)
GCR: Convergence at 20 iterations, n = 4, L2 relative residual: iterated = 7.569257e-11, true = 7.569257e-11 (requested = 1.000000e-10)
GCR: Convergence at 20 iterations, n = 5, L2 relative residual: iterated = 7.082738e-11, true = 7.082738e-11 (requested = 1.000000e-10)
GCR: Convergence at 20 iterations, n = 6, L2 relative residual: iterated = 4.473480e-11, true = 4.473480e-11 (requested = 1.000000e-10)
GCR: Convergence at 20 iterations, n = 7, L2 relative residual: iterated = 5.044110e-11, true = 5.044110e-11 (requested = 1.000000e-10)
GCR: Convergence at 20 iterations, n = 8, L2 relative residual: iterated = 3.568634e-11, true = 3.568634e-11 (requested = 1.000000e-10)
GCR: Convergence at 20 iterations, n = 9, L2 relative residual: iterated = 4.695054e-11, true = 4.695054e-11 (requested = 1.000000e-10)
GCR: Convergence at 20 iterations, n = 10, L2 relative residual: iterated = 3.903860e-11, true = 3.903860e-11 (requested = 1.000000e-10)
GCR: Convergence at 20 iterations, n = 11, L2 relative residual: iterated = 4.273658e-11, true = 4.273658e-11 (requested = 1.000000e-10)
PyQUDA INFO: Time = 1.783 secs, Performance = 14307.717 GFLOPS
PyQUDA INFO: INVERT 2 propagagors: 3.5367248319962528 secs
PyQUDA INFO: DOING SINK GAUSSIAN SMEARING
PyQUDA INFO: SINK GAUSSIAN SMEAR: 0.8449465470039286 secs
PyQUDA INFO: GPU used 49.9 GB, cupy pool 38.3 GB, cupy live 13.4 GB
PyQUDA INFO: CONTRACT ALL: 0.9200292540190276 secs
PyQUDA INFO: UNTIL CONTRACTION: 6.4288896810030565 secs
PyQUDA INFO: INNER LOOP STARTS
PyQUDA INFO: SOURCE POSITION = [np.int64(31), np.int64(31), np.int64(31), np.int64(89)]
PyQUDA INFO: DOING SRC GAUSSIAN SMEARING
PyQUDA INFO: SOURCE GAUSSIAN SMEAR: 0.8192355939827394 secs
PyQUDA INFO: RELOADING GAUGE
PyQUDA INFO: RELOADING GAUGE: 0.26148342300439253 secs
PyQUDA INFO: SOLVING DIRAC EQ
GCR: Convergence at 20 iterations, n = 0, L2 relative residual: iterated = 5.832762e-11, true = 5.832762e-11 (requested = 1.000000e-10)
GCR: Convergence at 20 iterations, n = 1, L2 relative residual: iterated = 6.781547e-11, true = 6.781547e-11 (requested = 1.000000e-10)
GCR: Convergence at 20 iterations, n = 2, L2 relative residual: iterated = 5.892655e-11, true = 5.892655e-11 (requested = 1.000000e-10)
GCR: Convergence at 20 iterations, n = 3, L2 relative residual: iterated = 4.050665e-11, true = 4.050665e-11 (requested = 1.000000e-10)
GCR: Convergence at 20 iterations, n = 4, L2 relative residual: iterated = 5.057144e-11, true = 5.057144e-11 (requested = 1.000000e-10)
GCR: Convergence at 20 iterations, n = 5, L2 relative residual: iterated = 2.710361e-11, true = 2.710361e-11 (requested = 1.000000e-10)
GCR: Convergence at 20 iterations, n = 6, L2 relative residual: iterated = 4.601983e-11, true = 4.601983e-11 (requested = 1.000000e-10)
GCR: Convergence at 20 iterations, n = 7, L2 relative residual: iterated = 5.569162e-11, true = 5.569162e-11 (requested = 1.000000e-10)
GCR: Convergence at 20 iterations, n = 8, L2 relative residual: iterated = 5.929488e-11, true = 5.929488e-11 (requested = 1.000000e-10)
GCR: Convergence at 20 iterations, n = 9, L2 relative residual: iterated = 7.359328e-11, true = 7.359328e-11 (requested = 1.000000e-10)
GCR: Convergence at 20 iterations, n = 10, L2 relative residual: iterated = 3.759307e-11, true = 3.759307e-11 (requested = 1.000000e-10)
GCR: Convergence at 20 iterations, n = 11, L2 relative residual: iterated = 6.501079e-11, true = 6.501079e-11 (requested = 1.000000e-10)
PyQUDA INFO: Time = 1.751 secs, Performance = 14579.102 GFLOPS
GCR: Convergence at 20 iterations, n = 0, L2 relative residual: iterated = 4.655152e-11, true = 4.655152e-11 (requested = 1.000000e-10)
GCR: Convergence at 20 iterations, n = 1, L2 relative residual: iterated = 4.989737e-11, true = 4.989737e-11 (requested = 1.000000e-10)
GCR: Convergence at 20 iterations, n = 2, L2 relative residual: iterated = 4.998731e-11, true = 4.998731e-11 (requested = 1.000000e-10)
GCR: Convergence at 20 iterations, n = 3, L2 relative residual: iterated = 4.396033e-11, true = 4.396033e-11 (requested = 1.000000e-10)
GCR: Convergence at 20 iterations, n = 4, L2 relative residual: iterated = 3.631891e-11, true = 3.631891e-11 (requested = 1.000000e-10)
GCR: Convergence at 20 iterations, n = 5, L2 relative residual: iterated = 6.890675e-11, true = 6.890675e-11 (requested = 1.000000e-10)
GCR: Convergence at 20 iterations, n = 6, L2 relative residual: iterated = 5.621225e-11, true = 5.621225e-11 (requested = 1.000000e-10)
GCR: Convergence at 20 iterations, n = 7, L2 relative residual: iterated = 4.847707e-11, true = 4.847707e-11 (requested = 1.000000e-10)
GCR: Convergence at 20 iterations, n = 8, L2 relative residual: iterated = 5.973092e-11, true = 5.973092e-11 (requested = 1.000000e-10)
GCR: Convergence at 20 iterations, n = 9, L2 relative residual: iterated = 4.788966e-11, true = 4.788966e-11 (requested = 1.000000e-10)
GCR: Convergence at 20 iterations, n = 10, L2 relative residual: iterated = 3.475294e-11, true = 3.475294e-11 (requested = 1.000000e-10)
GCR: Convergence at 20 iterations, n = 11, L2 relative residual: iterated = 6.436081e-11, true = 6.436081e-11 (requested = 1.000000e-10)
PyQUDA INFO: Time = 1.784 secs, Performance = 14306.507 GFLOPS
PyQUDA INFO: INVERT 2 propagagors: 3.537988188996678 secs
PyQUDA INFO: DOING SINK GAUSSIAN SMEARING
PyQUDA INFO: SINK GAUSSIAN SMEAR: 0.9713293270033319 secs
PyQUDA INFO: GPU used 49.9 GB, cupy pool 38.3 GB, cupy live 13.4 GB
PyQUDA INFO: CONTRACT ALL: 0.9197533919941634 secs
PyQUDA INFO: UNTIL CONTRACTION: 6.5558603949903045 secs
PyQUDA INFO: SAVING SECTION:4.809135710995179 secs
PyQUDA INFO: END CFG #234: GPU used 49.9 GB, cupy pool 38.3 GB, cupy live 13.4 GB
PyQUDA INFO: READ GAUGE #264: 3.4255339840019587 secs
PyQUDA INFO: DOING HYP SMEARING
PyQUDA INFO: plaq_hyp_before = [0.5839422431310826, 0.5840341482488014, 0.5838503380133636]
performGaugeSmearQuda: step 000 plaquette (mean 5.8394224313108256e-01, spatial 5.8403414824880140e-01 temporal 5.8385033801336361e-01) Q charge = 4.0686440654839027e+00
PyQUDA INFO: plaq_hyp_after = [0.9461186384543904, 0.9461326470073282, 0.9461046299014525]
PyQUDA INFO: HYP SMEAR: 0.6316541630076244 secs
PyQUDA INFO: DOING APE SMEARING
PyQUDA INFO: plaq_ape_before = [0.5839422431310826, 0.5840341482488014, 0.5838503380133636]
performGaugeSmearQuda: step 000 plaquette (mean 5.8394224313108256e-01, spatial 5.8403414824880140e-01 temporal 5.8385033801336361e-01) Q charge = 4.0686440654839027e+00
PyQUDA INFO: plaq_ape_after = [0.8193807852102837, 0.9988429854163217, 0.6399185850042457]
PyQUDA INFO: APE SMEAR: 0.651435326988576 secs
PyQUDA INFO: INNER LOOP STARTS
PyQUDA INFO: SOURCE POSITION = [np.int64(30), np.int64(30), np.int64(30), np.int64(50)]
PyQUDA INFO: DOING SRC GAUSSIAN SMEARING
PyQUDA INFO: SOURCE GAUSSIAN SMEAR: 0.8234578339906875 secs
PyQUDA INFO: RELOADING GAUGE
PyQUDA INFO: RELOADING GAUGE: 0.2553080639918335 secs
PyQUDA INFO: SOLVING DIRAC EQ
GCR: Convergence at 21 iterations, n = 0, L2 relative residual: iterated = 1.788591e-11, true = 1.788591e-11 (requested = 1.000000e-10)
GCR: Convergence at 21 iterations, n = 1, L2 relative residual: iterated = 3.585442e-11, true = 3.585442e-11 (requested = 1.000000e-10)
GCR: Convergence at 21 iterations, n = 2, L2 relative residual: iterated = 3.516174e-11, true = 3.516174e-11 (requested = 1.000000e-10)
GCR: Convergence at 21 iterations, n = 3, L2 relative residual: iterated = 5.104221e-11, true = 5.104221e-11 (requested = 1.000000e-10)
GCR: Convergence at 21 iterations, n = 4, L2 relative residual: iterated = 3.178453e-11, true = 3.178453e-11 (requested = 1.000000e-10)
GCR: Convergence at 21 iterations, n = 5, L2 relative residual: iterated = 3.552990e-11, true = 3.552990e-11 (requested = 1.000000e-10)
GCR: Convergence at 21 iterations, n = 6, L2 relative residual: iterated = 2.869749e-11, true = 2.869749e-11 (requested = 1.000000e-10)
GCR: Convergence at 21 iterations, n = 7, L2 relative residual: iterated = 1.596732e-11, true = 1.596732e-11 (requested = 1.000000e-10)
GCR: Convergence at 21 iterations, n = 8, L2 relative residual: iterated = 3.772486e-11, true = 3.772486e-11 (requested = 1.000000e-10)
GCR: Convergence at 21 iterations, n = 9, L2 relative residual: iterated = 2.955561e-11, true = 2.955561e-11 (requested = 1.000000e-10)
GCR: Convergence at 21 iterations, n = 10, L2 relative residual: iterated = 2.754163e-11, true = 2.754163e-11 (requested = 1.000000e-10)
GCR: Convergence at 21 iterations, n = 11, L2 relative residual: iterated = 2.623894e-11, true = 2.623894e-11 (requested = 1.000000e-10)
PyQUDA INFO: Time = 1.942 secs, Performance = 13796.939 GFLOPS
GCR: Convergence at 21 iterations, n = 0, L2 relative residual: iterated = 3.739690e-11, true = 3.739690e-11 (requested = 1.000000e-10)
GCR: Convergence at 21 iterations, n = 1, L2 relative residual: iterated = 5.489437e-11, true = 5.489437e-11 (requested = 1.000000e-10)
GCR: Convergence at 21 iterations, n = 2, L2 relative residual: iterated = 5.051562e-11, true = 5.051562e-11 (requested = 1.000000e-10)
GCR: Convergence at 21 iterations, n = 3, L2 relative residual: iterated = 5.248294e-11, true = 5.248294e-11 (requested = 1.000000e-10)
GCR: Convergence at 21 iterations, n = 4, L2 relative residual: iterated = 2.917519e-11, true = 2.917519e-11 (requested = 1.000000e-10)
GCR: Convergence at 21 iterations, n = 5, L2 relative residual: iterated = 2.760202e-11, true = 2.760202e-11 (requested = 1.000000e-10)
GCR: Convergence at 21 iterations, n = 6, L2 relative residual: iterated = 2.461507e-11, true = 2.461507e-11 (requested = 1.000000e-10)
GCR: Convergence at 21 iterations, n = 7, L2 relative residual: iterated = 3.232898e-11, true = 3.232898e-11 (requested = 1.000000e-10)
GCR: Convergence at 21 iterations, n = 8, L2 relative residual: iterated = 2.294082e-11, true = 2.294082e-11 (requested = 1.000000e-10)
GCR: Convergence at 21 iterations, n = 9, L2 relative residual: iterated = 3.149908e-11, true = 3.149908e-11 (requested = 1.000000e-10)
GCR: Convergence at 21 iterations, n = 10, L2 relative residual: iterated = 3.707389e-11, true = 3.707389e-11 (requested = 1.000000e-10)
GCR: Convergence at 21 iterations, n = 11, L2 relative residual: iterated = 2.371724e-11, true = 2.371724e-11 (requested = 1.000000e-10)
PyQUDA INFO: Time = 1.862 secs, Performance = 14391.848 GFLOPS
PyQUDA INFO: INVERT 2 propagagors: 3.806644316005986 secs
PyQUDA INFO: DOING SINK GAUSSIAN SMEARING
PyQUDA INFO: SINK GAUSSIAN SMEAR: 0.9693572289834265 secs
PyQUDA INFO: GPU used 49.9 GB, cupy pool 38.3 GB, cupy live 13.4 GB
PyQUDA INFO: CONTRACT ALL: 0.9192737999837846 secs
PyQUDA INFO: UNTIL CONTRACTION: 6.817177066986915 secs
PyQUDA INFO: INNER LOOP STARTS
PyQUDA INFO: SOURCE POSITION = [np.int64(30), np.int64(30), np.int64(14), np.int64(50)]
PyQUDA INFO: DOING SRC GAUSSIAN SMEARING
PyQUDA INFO: SOURCE GAUSSIAN SMEAR: 0.8177136770100333 secs
PyQUDA INFO: RELOADING GAUGE
PyQUDA INFO: RELOADING GAUGE: 0.2557076450029854 secs
PyQUDA INFO: SOLVING DIRAC EQ
GCR: Convergence at 21 iterations, n = 0, L2 relative residual: iterated = 2.198300e-11, true = 2.198300e-11 (requested = 1.000000e-10)
GCR: Convergence at 21 iterations, n = 1, L2 relative residual: iterated = 4.096719e-11, true = 4.096719e-11 (requested = 1.000000e-10)
GCR: Convergence at 21 iterations, n = 2, L2 relative residual: iterated = 2.968080e-11, true = 2.968080e-11 (requested = 1.000000e-10)
GCR: Convergence at 21 iterations, n = 3, L2 relative residual: iterated = 3.015574e-11, true = 3.015574e-11 (requested = 1.000000e-10)
GCR: Convergence at 21 iterations, n = 4, L2 relative residual: iterated = 1.505947e-11, true = 1.505947e-11 (requested = 1.000000e-10)
GCR: Convergence at 21 iterations, n = 5, L2 relative residual: iterated = 2.373547e-11, true = 2.373547e-11 (requested = 1.000000e-10)
GCR: Convergence at 21 iterations, n = 6, L2 relative residual: iterated = 3.410000e-11, true = 3.410000e-11 (requested = 1.000000e-10)
GCR: Convergence at 21 iterations, n = 7, L2 relative residual: iterated = 1.853003e-11, true = 1.853003e-11 (requested = 1.000000e-10)
GCR: Convergence at 21 iterations, n = 8, L2 relative residual: iterated = 3.178616e-11, true = 3.178616e-11 (requested = 1.000000e-10)
GCR: Convergence at 21 iterations, n = 9, L2 relative residual: iterated = 2.263688e-11, true = 2.263688e-11 (requested = 1.000000e-10)
GCR: Convergence at 21 iterations, n = 10, L2 relative residual: iterated = 2.555318e-11, true = 2.555318e-11 (requested = 1.000000e-10)
GCR: Convergence at 21 iterations, n = 11, L2 relative residual: iterated = 3.075627e-11, true = 3.075627e-11 (requested = 1.000000e-10)
PyQUDA INFO: Time = 1.830 secs, Performance = 14642.749 GFLOPS
GCR: Convergence at 20 iterations, n = 0, L2 relative residual: iterated = 5.051260e-11, true = 5.051260e-11 (requested = 1.000000e-10)
GCR: Convergence at 20 iterations, n = 1, L2 relative residual: iterated = 8.550816e-11, true = 8.550816e-11 (requested = 1.000000e-10)
GCR: Convergence at 20 iterations, n = 2, L2 relative residual: iterated = 6.270007e-11, true = 6.270007e-11 (requested = 1.000000e-10)
GCR: Convergence at 20 iterations, n = 3, L2 relative residual: iterated = 5.360544e-11, true = 5.360544e-11 (requested = 1.000000e-10)
GCR: Convergence at 20 iterations, n = 4, L2 relative residual: iterated = 9.121716e-11, true = 9.121716e-11 (requested = 1.000000e-10)
GCR: Convergence at 20 iterations, n = 5, L2 relative residual: iterated = 5.451153e-11, true = 5.451153e-11 (requested = 1.000000e-10)
GCR: Convergence at 20 iterations, n = 6, L2 relative residual: iterated = 8.621472e-11, true = 8.621472e-11 (requested = 1.000000e-10)
GCR: Convergence at 20 iterations, n = 7, L2 relative residual: iterated = 6.559007e-11, true = 6.559007e-11 (requested = 1.000000e-10)
GCR: Convergence at 20 iterations, n = 8, L2 relative residual: iterated = 4.859284e-11, true = 4.859284e-11 (requested = 1.000000e-10)
GCR: Convergence at 20 iterations, n = 9, L2 relative residual: iterated = 7.728703e-11, true = 7.728703e-11 (requested = 1.000000e-10)
GCR: Convergence at 20 iterations, n = 10, L2 relative residual: iterated = 9.211529e-11, true = 9.211529e-11 (requested = 1.000000e-10)
GCR: Convergence at 20 iterations, n = 11, L2 relative residual: iterated = 5.937553e-11, true = 5.937553e-11 (requested = 1.000000e-10)
PyQUDA INFO: Time = 1.785 secs, Performance = 14288.924 GFLOPS
PyQUDA INFO: INVERT 2 propagagors: 3.6166585519968066 secs
PyQUDA INFO: DOING SINK GAUSSIAN SMEARING
PyQUDA INFO: SINK GAUSSIAN SMEAR: 0.9728300549904816 secs
PyQUDA INFO: GPU used 49.9 GB, cupy pool 38.3 GB, cupy live 13.4 GB
PyQUDA INFO: CONTRACT ALL: 0.9191703500109725 secs
PyQUDA INFO: UNTIL CONTRACTION: 6.626483950007241 secs
PyQUDA INFO: INNER LOOP STARTS
PyQUDA INFO: SOURCE POSITION = [np.int64(30), np.int64(14), np.int64(30), np.int64(50)]
PyQUDA INFO: DOING SRC GAUSSIAN SMEARING
PyQUDA INFO: SOURCE GAUSSIAN SMEAR: 0.8190648739982862 secs
PyQUDA INFO: RELOADING GAUGE
PyQUDA INFO: RELOADING GAUGE: 0.26290636000339873 secs
PyQUDA INFO: SOLVING DIRAC EQ
GCR: Convergence at 21 iterations, n = 0, L2 relative residual: iterated = 1.776500e-11, true = 1.776500e-11 (requested = 1.000000e-10)
GCR: Convergence at 21 iterations, n = 1, L2 relative residual: iterated = 2.215908e-11, true = 2.215908e-11 (requested = 1.000000e-10)
GCR: Convergence at 21 iterations, n = 2, L2 relative residual: iterated = 1.956710e-11, true = 1.956710e-11 (requested = 1.000000e-10)
GCR: Convergence at 21 iterations, n = 3, L2 relative residual: iterated = 1.539061e-11, true = 1.539061e-11 (requested = 1.000000e-10)
GCR: Convergence at 21 iterations, n = 4, L2 relative residual: iterated = 1.898804e-11, true = 1.898804e-11 (requested = 1.000000e-10)
GCR: Convergence at 21 iterations, n = 5, L2 relative residual: iterated = 2.413451e-11, true = 2.413451e-11 (requested = 1.000000e-10)
GCR: Convergence at 21 iterations, n = 6, L2 relative residual: iterated = 1.811381e-11, true = 1.811381e-11 (requested = 1.000000e-10)
GCR: Convergence at 21 iterations, n = 7, L2 relative residual: iterated = 5.511822e-11, true = 5.511822e-11 (requested = 1.000000e-10)
GCR: Convergence at 21 iterations, n = 8, L2 relative residual: iterated = 3.521782e-11, true = 3.521782e-11 (requested = 1.000000e-10)
GCR: Convergence at 21 iterations, n = 9, L2 relative residual: iterated = 3.086877e-11, true = 3.086877e-11 (requested = 1.000000e-10)
GCR: Convergence at 21 iterations, n = 10, L2 relative residual: iterated = 2.137688e-11, true = 2.137688e-11 (requested = 1.000000e-10)
GCR: Convergence at 21 iterations, n = 11, L2 relative residual: iterated = 3.470701e-11, true = 3.470701e-11 (requested = 1.000000e-10)
PyQUDA INFO: Time = 1.832 secs, Performance = 14629.615 GFLOPS
GCR: Convergence at 21 iterations, n = 0, L2 relative residual: iterated = 2.194274e-11, true = 2.194274e-11 (requested = 1.000000e-10)
GCR: Convergence at 21 iterations, n = 1, L2 relative residual: iterated = 2.646323e-11, true = 2.646323e-11 (requested = 1.000000e-10)
GCR: Convergence at 21 iterations, n = 2, L2 relative residual: iterated = 2.376158e-11, true = 2.376158e-11 (requested = 1.000000e-10)
GCR: Convergence at 21 iterations, n = 3, L2 relative residual: iterated = 2.047488e-11, true = 2.047488e-11 (requested = 1.000000e-10)
GCR: Convergence at 21 iterations, n = 4, L2 relative residual: iterated = 2.586903e-11, true = 2.586903e-11 (requested = 1.000000e-10)
GCR: Convergence at 21 iterations, n = 5, L2 relative residual: iterated = 2.676208e-11, true = 2.676208e-11 (requested = 1.000000e-10)
GCR: Convergence at 21 iterations, n = 6, L2 relative residual: iterated = 2.440518e-11, true = 2.440518e-11 (requested = 1.000000e-10)
GCR: Convergence at 21 iterations, n = 7, L2 relative residual: iterated = 4.796077e-11, true = 4.796077e-11 (requested = 1.000000e-10)
GCR: Convergence at 21 iterations, n = 8, L2 relative residual: iterated = 2.315583e-11, true = 2.315583e-11 (requested = 1.000000e-10)
GCR: Convergence at 21 iterations, n = 9, L2 relative residual: iterated = 5.961239e-11, true = 5.961239e-11 (requested = 1.000000e-10)
GCR: Convergence at 21 iterations, n = 10, L2 relative residual: iterated = 1.485836e-11, true = 1.485836e-11 (requested = 1.000000e-10)
GCR: Convergence at 21 iterations, n = 11, L2 relative residual: iterated = 3.181559e-11, true = 3.181559e-11 (requested = 1.000000e-10)
PyQUDA INFO: Time = 1.861 secs, Performance = 14390.383 GFLOPS
PyQUDA INFO: INVERT 2 propagagors: 3.6945496819971595 secs
PyQUDA INFO: DOING SINK GAUSSIAN SMEARING
PyQUDA INFO: SINK GAUSSIAN SMEAR: 0.846714384999359 secs
PyQUDA INFO: GPU used 49.9 GB, cupy pool 38.3 GB, cupy live 13.4 GB
PyQUDA INFO: CONTRACT ALL: 0.9193454199994449 secs
PyQUDA INFO: UNTIL CONTRACTION: 6.585364175989525 secs
PyQUDA INFO: INNER LOOP STARTS
PyQUDA INFO: SOURCE POSITION = [np.int64(30), np.int64(14), np.int64(14), np.int64(50)]
PyQUDA INFO: DOING SRC GAUSSIAN SMEARING
PyQUDA INFO: SOURCE GAUSSIAN SMEAR: 0.8212775040010456 secs
PyQUDA INFO: RELOADING GAUGE
PyQUDA INFO: RELOADING GAUGE: 0.2606083289720118 secs
PyQUDA INFO: SOLVING DIRAC EQ
GCR: Convergence at 21 iterations, n = 0, L2 relative residual: iterated = 3.120884e-11, true = 3.120884e-11 (requested = 1.000000e-10)
GCR: Convergence at 21 iterations, n = 1, L2 relative residual: iterated = 2.313856e-11, true = 2.313856e-11 (requested = 1.000000e-10)
GCR: Convergence at 21 iterations, n = 2, L2 relative residual: iterated = 3.384986e-11, true = 3.384986e-11 (requested = 1.000000e-10)
GCR: Convergence at 21 iterations, n = 3, L2 relative residual: iterated = 2.187075e-11, true = 2.187075e-11 (requested = 1.000000e-10)
GCR: Convergence at 21 iterations, n = 4, L2 relative residual: iterated = 4.344396e-11, true = 4.344396e-11 (requested = 1.000000e-10)
GCR: Convergence at 21 iterations, n = 5, L2 relative residual: iterated = 2.038254e-11, true = 2.038254e-11 (requested = 1.000000e-10)
GCR: Convergence at 21 iterations, n = 6, L2 relative residual: iterated = 3.172859e-11, true = 3.172859e-11 (requested = 1.000000e-10)
GCR: Convergence at 21 iterations, n = 7, L2 relative residual: iterated = 4.573989e-11, true = 4.573989e-11 (requested = 1.000000e-10)
GCR: Convergence at 21 iterations, n = 8, L2 relative residual: iterated = 3.946788e-11, true = 3.946788e-11 (requested = 1.000000e-10)
GCR: Convergence at 21 iterations, n = 9, L2 relative residual: iterated = 3.951490e-11, true = 3.951490e-11 (requested = 1.000000e-10)
GCR: Convergence at 21 iterations, n = 10, L2 relative residual: iterated = 3.561105e-11, true = 3.561105e-11 (requested = 1.000000e-10)
GCR: Convergence at 21 iterations, n = 11, L2 relative residual: iterated = 3.578519e-11, true = 3.578519e-11 (requested = 1.000000e-10)
PyQUDA INFO: Time = 1.827 secs, Performance = 14661.515 GFLOPS
GCR: Convergence at 21 iterations, n = 0, L2 relative residual: iterated = 2.666156e-11, true = 2.666156e-11 (requested = 1.000000e-10)
GCR: Convergence at 21 iterations, n = 1, L2 relative residual: iterated = 2.197699e-11, true = 2.197699e-11 (requested = 1.000000e-10)
GCR: Convergence at 21 iterations, n = 2, L2 relative residual: iterated = 2.928982e-11, true = 2.928982e-11 (requested = 1.000000e-10)
GCR: Convergence at 21 iterations, n = 3, L2 relative residual: iterated = 1.988189e-11, true = 1.988189e-11 (requested = 1.000000e-10)
GCR: Convergence at 21 iterations, n = 4, L2 relative residual: iterated = 1.970154e-11, true = 1.970154e-11 (requested = 1.000000e-10)
GCR: Convergence at 21 iterations, n = 5, L2 relative residual: iterated = 2.141554e-11, true = 2.141554e-11 (requested = 1.000000e-10)
GCR: Convergence at 21 iterations, n = 6, L2 relative residual: iterated = 1.876267e-11, true = 1.876267e-11 (requested = 1.000000e-10)
GCR: Convergence at 21 iterations, n = 7, L2 relative residual: iterated = 2.163919e-11, true = 2.163919e-11 (requested = 1.000000e-10)
GCR: Convergence at 21 iterations, n = 8, L2 relative residual: iterated = 4.005645e-11, true = 4.005645e-11 (requested = 1.000000e-10)
GCR: Convergence at 21 iterations, n = 9, L2 relative residual: iterated = 3.977746e-11, true = 3.977746e-11 (requested = 1.000000e-10)
GCR: Convergence at 21 iterations, n = 10, L2 relative residual: iterated = 2.408133e-11, true = 2.408133e-11 (requested = 1.000000e-10)
GCR: Convergence at 21 iterations, n = 11, L2 relative residual: iterated = 3.502092e-11, true = 3.502092e-11 (requested = 1.000000e-10)
PyQUDA INFO: Time = 1.865 secs, Performance = 14374.621 GFLOPS
PyQUDA INFO: INVERT 2 propagagors: 3.6941336120071355 secs
PyQUDA INFO: DOING SINK GAUSSIAN SMEARING
PyQUDA INFO: SINK GAUSSIAN SMEAR: 0.8400550239894073 secs
PyQUDA INFO: GPU used 49.9 GB, cupy pool 38.3 GB, cupy live 13.4 GB
PyQUDA INFO: CONTRACT ALL: 0.9189086980186403 secs
PyQUDA INFO: UNTIL CONTRACTION: 6.578809624013957 secs
PyQUDA INFO: INNER LOOP STARTS
PyQUDA INFO: SOURCE POSITION = [np.int64(14), np.int64(30), np.int64(30), np.int64(50)]
PyQUDA INFO: DOING SRC GAUSSIAN SMEARING
PyQUDA INFO: SOURCE GAUSSIAN SMEAR: 0.8178570980089717 secs
PyQUDA INFO: RELOADING GAUGE
PyQUDA INFO: RELOADING GAUGE: 0.2551622729806695 secs
PyQUDA INFO: SOLVING DIRAC EQ
GCR: Convergence at 21 iterations, n = 0, L2 relative residual: iterated = 3.945468e-11, true = 3.945468e-11 (requested = 1.000000e-10)
GCR: Convergence at 21 iterations, n = 1, L2 relative residual: iterated = 3.229406e-11, true = 3.229406e-11 (requested = 1.000000e-10)
GCR: Convergence at 21 iterations, n = 2, L2 relative residual: iterated = 1.951546e-11, true = 1.951546e-11 (requested = 1.000000e-10)
GCR: Convergence at 21 iterations, n = 3, L2 relative residual: iterated = 4.823566e-11, true = 4.823566e-11 (requested = 1.000000e-10)
GCR: Convergence at 21 iterations, n = 4, L2 relative residual: iterated = 3.467588e-11, true = 3.467588e-11 (requested = 1.000000e-10)
GCR: Convergence at 21 iterations, n = 5, L2 relative residual: iterated = 3.544185e-11, true = 3.544185e-11 (requested = 1.000000e-10)
GCR: Convergence at 21 iterations, n = 6, L2 relative residual: iterated = 2.548116e-11, true = 2.548116e-11 (requested = 1.000000e-10)
GCR: Convergence at 21 iterations, n = 7, L2 relative residual: iterated = 1.866341e-11, true = 1.866341e-11 (requested = 1.000000e-10)
GCR: Convergence at 21 iterations, n = 8, L2 relative residual: iterated = 9.119941e-12, true = 9.119941e-12 (requested = 1.000000e-10)
GCR: Convergence at 21 iterations, n = 9, L2 relative residual: iterated = 1.749360e-11, true = 1.749360e-11 (requested = 1.000000e-10)
GCR: Convergence at 21 iterations, n = 10, L2 relative residual: iterated = 1.372715e-11, true = 1.372715e-11 (requested = 1.000000e-10)
GCR: Convergence at 21 iterations, n = 11, L2 relative residual: iterated = 1.432952e-11, true = 1.432952e-11 (requested = 1.000000e-10)
PyQUDA INFO: Time = 1.829 secs, Performance = 14621.409 GFLOPS
GCR: Convergence at 20 iterations, n = 0, L2 relative residual: iterated = 9.887862e-11, true = 9.887862e-11 (requested = 1.000000e-10)
GCR: Convergence at 20 iterations, n = 1, L2 relative residual: iterated = 7.153315e-11, true = 7.153315e-11 (requested = 1.000000e-10)
GCR: Convergence at 20 iterations, n = 2, L2 relative residual: iterated = 9.520602e-11, true = 9.520602e-11 (requested = 1.000000e-10)
GCR: Convergence at 20 iterations, n = 3, L2 relative residual: iterated = 5.623598e-11, true = 5.623598e-11 (requested = 1.000000e-10)
GCR: Convergence at 20 iterations, n = 4, L2 relative residual: iterated = 9.061781e-11, true = 9.061781e-11 (requested = 1.000000e-10)
GCR: Convergence at 20 iterations, n = 5, L2 relative residual: iterated = 7.073883e-11, true = 7.073883e-11 (requested = 1.000000e-10)
GCR: Convergence at 20 iterations, n = 6, L2 relative residual: iterated = 3.005467e-11, true = 3.005467e-11 (requested = 1.000000e-10)
GCR: Convergence at 20 iterations, n = 7, L2 relative residual: iterated = 5.020799e-11, true = 5.020799e-11 (requested = 1.000000e-10)
GCR: Convergence at 20 iterations, n = 8, L2 relative residual: iterated = 4.365217e-11, true = 4.365217e-11 (requested = 1.000000e-10)
GCR: Convergence at 20 iterations, n = 9, L2 relative residual: iterated = 4.686437e-11, true = 4.686437e-11 (requested = 1.000000e-10)
GCR: Convergence at 20 iterations, n = 10, L2 relative residual: iterated = 3.873328e-11, true = 3.873328e-11 (requested = 1.000000e-10)
GCR: Convergence at 20 iterations, n = 11, L2 relative residual: iterated = 8.639494e-11, true = 8.639494e-11 (requested = 1.000000e-10)
PyQUDA INFO: Time = 1.791 secs, Performance = 14223.352 GFLOPS
PyQUDA INFO: INVERT 2 propagagors: 3.6226263100106735 secs
PyQUDA INFO: DOING SINK GAUSSIAN SMEARING
PyQUDA INFO: SINK GAUSSIAN SMEAR: 0.960142054973403 secs
PyQUDA INFO: GPU used 49.9 GB, cupy pool 38.3 GB, cupy live 13.4 GB
PyQUDA INFO: CONTRACT ALL: 0.9196634519903455 secs
PyQUDA INFO: UNTIL CONTRACTION: 6.618571083003189 secs
PyQUDA INFO: INNER LOOP STARTS
PyQUDA INFO: SOURCE POSITION = [np.int64(14), np.int64(30), np.int64(14), np.int64(50)]
PyQUDA INFO: DOING SRC GAUSSIAN SMEARING
PyQUDA INFO: SOURCE GAUSSIAN SMEAR: 0.8207080510037486 secs
PyQUDA INFO: RELOADING GAUGE
PyQUDA INFO: RELOADING GAUGE: 0.25655732001177967 secs
PyQUDA INFO: SOLVING DIRAC EQ
GCR: Convergence at 21 iterations, n = 0, L2 relative residual: iterated = 1.474569e-11, true = 1.474569e-11 (requested = 1.000000e-10)
GCR: Convergence at 21 iterations, n = 1, L2 relative residual: iterated = 1.477623e-11, true = 1.477623e-11 (requested = 1.000000e-10)
GCR: Convergence at 21 iterations, n = 2, L2 relative residual: iterated = 1.830288e-11, true = 1.830288e-11 (requested = 1.000000e-10)
GCR: Convergence at 21 iterations, n = 3, L2 relative residual: iterated = 3.328730e-11, true = 3.328730e-11 (requested = 1.000000e-10)
GCR: Convergence at 21 iterations, n = 4, L2 relative residual: iterated = 1.407074e-11, true = 1.407074e-11 (requested = 1.000000e-10)
GCR: Convergence at 21 iterations, n = 5, L2 relative residual: iterated = 1.742021e-11, true = 1.742021e-11 (requested = 1.000000e-10)
GCR: Convergence at 21 iterations, n = 6, L2 relative residual: iterated = 3.659267e-11, true = 3.659267e-11 (requested = 1.000000e-10)
GCR: Convergence at 21 iterations, n = 7, L2 relative residual: iterated = 3.144417e-11, true = 3.144417e-11 (requested = 1.000000e-10)
GCR: Convergence at 21 iterations, n = 8, L2 relative residual: iterated = 3.006555e-11, true = 3.006555e-11 (requested = 1.000000e-10)
GCR: Convergence at 21 iterations, n = 9, L2 relative residual: iterated = 3.145497e-11, true = 3.145497e-11 (requested = 1.000000e-10)
GCR: Convergence at 21 iterations, n = 10, L2 relative residual: iterated = 4.462446e-11, true = 4.462446e-11 (requested = 1.000000e-10)
GCR: Convergence at 21 iterations, n = 11, L2 relative residual: iterated = 3.834873e-11, true = 3.834873e-11 (requested = 1.000000e-10)
PyQUDA INFO: Time = 1.829 secs, Performance = 14647.853 GFLOPS
GCR: Convergence at 21 iterations, n = 0, L2 relative residual: iterated = 1.705957e-11, true = 1.705957e-11 (requested = 1.000000e-10)
GCR: Convergence at 21 iterations, n = 1, L2 relative residual: iterated = 1.884457e-11, true = 1.884457e-11 (requested = 1.000000e-10)
GCR: Convergence at 21 iterations, n = 2, L2 relative residual: iterated = 2.513909e-11, true = 2.513909e-11 (requested = 1.000000e-10)
GCR: Convergence at 21 iterations, n = 3, L2 relative residual: iterated = 1.515601e-11, true = 1.515601e-11 (requested = 1.000000e-10)
GCR: Convergence at 21 iterations, n = 4, L2 relative residual: iterated = 1.861651e-11, true = 1.861651e-11 (requested = 1.000000e-10)
GCR: Convergence at 21 iterations, n = 5, L2 relative residual: iterated = 1.860151e-11, true = 1.860151e-11 (requested = 1.000000e-10)
GCR: Convergence at 21 iterations, n = 6, L2 relative residual: iterated = 3.662327e-11, true = 3.662327e-11 (requested = 1.000000e-10)
GCR: Convergence at 21 iterations, n = 7, L2 relative residual: iterated = 4.662895e-11, true = 4.662895e-11 (requested = 1.000000e-10)
GCR: Convergence at 21 iterations, n = 8, L2 relative residual: iterated = 2.885212e-11, true = 2.885212e-11 (requested = 1.000000e-10)
GCR: Convergence at 21 iterations, n = 9, L2 relative residual: iterated = 2.429406e-11, true = 2.429406e-11 (requested = 1.000000e-10)
GCR: Convergence at 21 iterations, n = 10, L2 relative residual: iterated = 3.643253e-11, true = 3.643253e-11 (requested = 1.000000e-10)
GCR: Convergence at 21 iterations, n = 11, L2 relative residual: iterated = 4.383446e-11, true = 4.383446e-11 (requested = 1.000000e-10)
PyQUDA INFO: Time = 1.865 secs, Performance = 14377.612 GFLOPS
PyQUDA INFO: INVERT 2 propagagors: 3.695374647009885 secs
PyQUDA INFO: DOING SINK GAUSSIAN SMEARING
PyQUDA INFO: SINK GAUSSIAN SMEAR: 0.9679162309912499 secs
PyQUDA INFO: GPU used 49.9 GB, cupy pool 38.3 GB, cupy live 13.4 GB
PyQUDA INFO: CONTRACT ALL: 0.9197337520017754 secs
PyQUDA INFO: UNTIL CONTRACTION: 6.703530486993259 secs
PyQUDA INFO: INNER LOOP STARTS
PyQUDA INFO: SOURCE POSITION = [np.int64(14), np.int64(14), np.int64(30), np.int64(50)]
PyQUDA INFO: DOING SRC GAUSSIAN SMEARING
PyQUDA INFO: SOURCE GAUSSIAN SMEAR: 0.8187589019944426 secs
PyQUDA INFO: RELOADING GAUGE
PyQUDA INFO: RELOADING GAUGE: 0.25908203099970706 secs
PyQUDA INFO: SOLVING DIRAC EQ
GCR: Convergence at 21 iterations, n = 0, L2 relative residual: iterated = 4.770144e-11, true = 4.770144e-11 (requested = 1.000000e-10)
GCR: Convergence at 21 iterations, n = 1, L2 relative residual: iterated = 3.442861e-11, true = 3.442861e-11 (requested = 1.000000e-10)
GCR: Convergence at 21 iterations, n = 2, L2 relative residual: iterated = 2.603641e-11, true = 2.603641e-11 (requested = 1.000000e-10)
GCR: Convergence at 21 iterations, n = 3, L2 relative residual: iterated = 2.401275e-11, true = 2.401275e-11 (requested = 1.000000e-10)
GCR: Convergence at 21 iterations, n = 4, L2 relative residual: iterated = 3.248750e-11, true = 3.248750e-11 (requested = 1.000000e-10)
GCR: Convergence at 21 iterations, n = 5, L2 relative residual: iterated = 3.529614e-11, true = 3.529614e-11 (requested = 1.000000e-10)
GCR: Convergence at 21 iterations, n = 6, L2 relative residual: iterated = 2.727243e-11, true = 2.727243e-11 (requested = 1.000000e-10)
GCR: Convergence at 21 iterations, n = 7, L2 relative residual: iterated = 2.009412e-11, true = 2.009412e-11 (requested = 1.000000e-10)
GCR: Convergence at 21 iterations, n = 8, L2 relative residual: iterated = 5.559219e-11, true = 5.559219e-11 (requested = 1.000000e-10)
GCR: Convergence at 21 iterations, n = 9, L2 relative residual: iterated = 3.391327e-11, true = 3.391327e-11 (requested = 1.000000e-10)
GCR: Convergence at 21 iterations, n = 10, L2 relative residual: iterated = 1.849227e-11, true = 1.849227e-11 (requested = 1.000000e-10)
GCR: Convergence at 21 iterations, n = 11, L2 relative residual: iterated = 3.384193e-11, true = 3.384193e-11 (requested = 1.000000e-10)
PyQUDA INFO: Time = 1.828 secs, Performance = 14623.347 GFLOPS
GCR: Convergence at 21 iterations, n = 0, L2 relative residual: iterated = 5.083182e-11, true = 5.083182e-11 (requested = 1.000000e-10)
GCR: Convergence at 21 iterations, n = 1, L2 relative residual: iterated = 2.042694e-11, true = 2.042694e-11 (requested = 1.000000e-10)
GCR: Convergence at 21 iterations, n = 2, L2 relative residual: iterated = 3.226836e-11, true = 3.226836e-11 (requested = 1.000000e-10)
GCR: Convergence at 21 iterations, n = 3, L2 relative residual: iterated = 3.705138e-11, true = 3.705138e-11 (requested = 1.000000e-10)
GCR: Convergence at 21 iterations, n = 4, L2 relative residual: iterated = 5.295592e-11, true = 5.295592e-11 (requested = 1.000000e-10)
GCR: Convergence at 21 iterations, n = 5, L2 relative residual: iterated = 3.920150e-11, true = 3.920150e-11 (requested = 1.000000e-10)
GCR: Convergence at 21 iterations, n = 6, L2 relative residual: iterated = 2.275004e-11, true = 2.275004e-11 (requested = 1.000000e-10)
GCR: Convergence at 21 iterations, n = 7, L2 relative residual: iterated = 4.497947e-11, true = 4.497947e-11 (requested = 1.000000e-10)
GCR: Convergence at 21 iterations, n = 8, L2 relative residual: iterated = 2.731116e-11, true = 2.731116e-11 (requested = 1.000000e-10)
GCR: Convergence at 21 iterations, n = 9, L2 relative residual: iterated = 4.555264e-11, true = 4.555264e-11 (requested = 1.000000e-10)
GCR: Convergence at 21 iterations, n = 10, L2 relative residual: iterated = 3.839892e-11, true = 3.839892e-11 (requested = 1.000000e-10)
GCR: Convergence at 21 iterations, n = 11, L2 relative residual: iterated = 2.256180e-11, true = 2.256180e-11 (requested = 1.000000e-10)
PyQUDA INFO: Time = 1.860 secs, Performance = 14378.356 GFLOPS
PyQUDA INFO: INVERT 2 propagagors: 3.69027793299756 secs
PyQUDA INFO: DOING SINK GAUSSIAN SMEARING
PyQUDA INFO: SINK GAUSSIAN SMEAR: 0.9714289179828484 secs
PyQUDA INFO: GPU used 49.9 GB, cupy pool 38.3 GB, cupy live 13.4 GB
PyQUDA INFO: CONTRACT ALL: 0.9191120589966886 secs
PyQUDA INFO: UNTIL CONTRACTION: 6.702863263984909 secs
PyQUDA INFO: INNER LOOP STARTS
PyQUDA INFO: SOURCE POSITION = [np.int64(14), np.int64(14), np.int64(14), np.int64(50)]
PyQUDA INFO: DOING SRC GAUSSIAN SMEARING
PyQUDA INFO: SOURCE GAUSSIAN SMEAR: 0.8201920290011913 secs
PyQUDA INFO: RELOADING GAUGE
PyQUDA INFO: RELOADING GAUGE: 0.2557355359895155 secs
PyQUDA INFO: SOLVING DIRAC EQ
GCR: Convergence at 21 iterations, n = 0, L2 relative residual: iterated = 3.399192e-11, true = 3.399192e-11 (requested = 1.000000e-10)
GCR: Convergence at 21 iterations, n = 1, L2 relative residual: iterated = 3.312441e-11, true = 3.312441e-11 (requested = 1.000000e-10)
GCR: Convergence at 21 iterations, n = 2, L2 relative residual: iterated = 3.229201e-11, true = 3.229201e-11 (requested = 1.000000e-10)
GCR: Convergence at 21 iterations, n = 3, L2 relative residual: iterated = 4.713802e-11, true = 4.713802e-11 (requested = 1.000000e-10)
GCR: Convergence at 21 iterations, n = 4, L2 relative residual: iterated = 2.711486e-11, true = 2.711486e-11 (requested = 1.000000e-10)
GCR: Convergence at 21 iterations, n = 5, L2 relative residual: iterated = 1.443131e-11, true = 1.443131e-11 (requested = 1.000000e-10)
GCR: Convergence at 21 iterations, n = 6, L2 relative residual: iterated = 2.788458e-11, true = 2.788458e-11 (requested = 1.000000e-10)
GCR: Convergence at 21 iterations, n = 7, L2 relative residual: iterated = 2.082998e-11, true = 2.082998e-11 (requested = 1.000000e-10)
GCR: Convergence at 21 iterations, n = 8, L2 relative residual: iterated = 2.804190e-11, true = 2.804190e-11 (requested = 1.000000e-10)
GCR: Convergence at 21 iterations, n = 9, L2 relative residual: iterated = 2.579903e-11, true = 2.579903e-11 (requested = 1.000000e-10)
GCR: Convergence at 21 iterations, n = 10, L2 relative residual: iterated = 1.821693e-11, true = 1.821693e-11 (requested = 1.000000e-10)
GCR: Convergence at 21 iterations, n = 11, L2 relative residual: iterated = 2.437207e-11, true = 2.437207e-11 (requested = 1.000000e-10)
PyQUDA INFO: Time = 1.827 secs, Performance = 14661.804 GFLOPS
GCR: Convergence at 21 iterations, n = 0, L2 relative residual: iterated = 1.585417e-11, true = 1.585417e-11 (requested = 1.000000e-10)
GCR: Convergence at 21 iterations, n = 1, L2 relative residual: iterated = 2.614745e-11, true = 2.614745e-11 (requested = 1.000000e-10)
GCR: Convergence at 21 iterations, n = 2, L2 relative residual: iterated = 3.838009e-11, true = 3.838009e-11 (requested = 1.000000e-10)
GCR: Convergence at 21 iterations, n = 3, L2 relative residual: iterated = 2.794467e-11, true = 2.794467e-11 (requested = 1.000000e-10)
GCR: Convergence at 21 iterations, n = 4, L2 relative residual: iterated = 2.733622e-11, true = 2.733622e-11 (requested = 1.000000e-10)
GCR: Convergence at 21 iterations, n = 5, L2 relative residual: iterated = 3.543455e-11, true = 3.543455e-11 (requested = 1.000000e-10)
GCR: Convergence at 21 iterations, n = 6, L2 relative residual: iterated = 3.129820e-11, true = 3.129820e-11 (requested = 1.000000e-10)
GCR: Convergence at 21 iterations, n = 7, L2 relative residual: iterated = 3.709193e-11, true = 3.709193e-11 (requested = 1.000000e-10)
GCR: Convergence at 21 iterations, n = 8, L2 relative residual: iterated = 2.704256e-11, true = 2.704256e-11 (requested = 1.000000e-10)
GCR: Convergence at 21 iterations, n = 9, L2 relative residual: iterated = 2.311070e-11, true = 2.311070e-11 (requested = 1.000000e-10)
GCR: Convergence at 21 iterations, n = 10, L2 relative residual: iterated = 2.780066e-11, true = 2.780066e-11 (requested = 1.000000e-10)
GCR: Convergence at 21 iterations, n = 11, L2 relative residual: iterated = 3.220424e-11, true = 3.220424e-11 (requested = 1.000000e-10)
PyQUDA INFO: Time = 1.863 secs, Performance = 14376.051 GFLOPS
PyQUDA INFO: INVERT 2 propagagors: 3.691481607995229 secs
PyQUDA INFO: DOING SINK GAUSSIAN SMEARING
PyQUDA INFO: SINK GAUSSIAN SMEAR: 0.9700828019995242 secs
PyQUDA INFO: GPU used 49.9 GB, cupy pool 38.3 GB, cupy live 13.4 GB
PyQUDA INFO: CONTRACT ALL: 0.920710186008364 secs
PyQUDA INFO: UNTIL CONTRACTION: 6.702612843015231 secs
PyQUDA INFO: INNER LOOP STARTS
PyQUDA INFO: SOURCE POSITION = [np.int64(30), np.int64(30), np.int64(30), np.int64(82)]
PyQUDA INFO: DOING SRC GAUSSIAN SMEARING
PyQUDA INFO: SOURCE GAUSSIAN SMEAR: 0.8186619910120498 secs
PyQUDA INFO: RELOADING GAUGE
PyQUDA INFO: RELOADING GAUGE: 0.2533154539996758 secs
PyQUDA INFO: SOLVING DIRAC EQ
GCR: Convergence at 21 iterations, n = 0, L2 relative residual: iterated = 3.488030e-11, true = 3.488030e-11 (requested = 1.000000e-10)
GCR: Convergence at 21 iterations, n = 1, L2 relative residual: iterated = 3.052023e-11, true = 3.052023e-11 (requested = 1.000000e-10)
GCR: Convergence at 21 iterations, n = 2, L2 relative residual: iterated = 4.045638e-11, true = 4.045638e-11 (requested = 1.000000e-10)
GCR: Convergence at 21 iterations, n = 3, L2 relative residual: iterated = 3.698398e-11, true = 3.698398e-11 (requested = 1.000000e-10)
GCR: Convergence at 21 iterations, n = 4, L2 relative residual: iterated = 3.741909e-11, true = 3.741909e-11 (requested = 1.000000e-10)
GCR: Convergence at 21 iterations, n = 5, L2 relative residual: iterated = 3.997290e-11, true = 3.997290e-11 (requested = 1.000000e-10)
GCR: Convergence at 21 iterations, n = 6, L2 relative residual: iterated = 1.549730e-11, true = 1.549730e-11 (requested = 1.000000e-10)
GCR: Convergence at 21 iterations, n = 7, L2 relative residual: iterated = 2.104377e-11, true = 2.104377e-11 (requested = 1.000000e-10)
GCR: Convergence at 21 iterations, n = 8, L2 relative residual: iterated = 2.750142e-11, true = 2.750142e-11 (requested = 1.000000e-10)
GCR: Convergence at 21 iterations, n = 9, L2 relative residual: iterated = 2.473138e-11, true = 2.473138e-11 (requested = 1.000000e-10)
GCR: Convergence at 21 iterations, n = 10, L2 relative residual: iterated = 2.272046e-11, true = 2.272046e-11 (requested = 1.000000e-10)
GCR: Convergence at 21 iterations, n = 11, L2 relative residual: iterated = 2.660247e-11, true = 2.660247e-11 (requested = 1.000000e-10)
PyQUDA INFO: Time = 1.828 secs, Performance = 14637.034 GFLOPS
GCR: Convergence at 21 iterations, n = 0, L2 relative residual: iterated = 4.996587e-11, true = 4.996587e-11 (requested = 1.000000e-10)
GCR: Convergence at 21 iterations, n = 1, L2 relative residual: iterated = 5.316733e-11, true = 5.316733e-11 (requested = 1.000000e-10)
GCR: Convergence at 21 iterations, n = 2, L2 relative residual: iterated = 4.175644e-11, true = 4.175644e-11 (requested = 1.000000e-10)
GCR: Convergence at 21 iterations, n = 3, L2 relative residual: iterated = 4.042319e-11, true = 4.042319e-11 (requested = 1.000000e-10)
GCR: Convergence at 21 iterations, n = 4, L2 relative residual: iterated = 4.854487e-11, true = 4.854487e-11 (requested = 1.000000e-10)
GCR: Convergence at 21 iterations, n = 5, L2 relative residual: iterated = 5.508040e-11, true = 5.508040e-11 (requested = 1.000000e-10)
GCR: Convergence at 21 iterations, n = 6, L2 relative residual: iterated = 3.308464e-11, true = 3.308464e-11 (requested = 1.000000e-10)
GCR: Convergence at 21 iterations, n = 7, L2 relative residual: iterated = 3.656598e-11, true = 3.656598e-11 (requested = 1.000000e-10)
GCR: Convergence at 21 iterations, n = 8, L2 relative residual: iterated = 3.394165e-11, true = 3.394165e-11 (requested = 1.000000e-10)
GCR: Convergence at 21 iterations, n = 9, L2 relative residual: iterated = 3.985075e-11, true = 3.985075e-11 (requested = 1.000000e-10)
GCR: Convergence at 21 iterations, n = 10, L2 relative residual: iterated = 2.780559e-11, true = 2.780559e-11 (requested = 1.000000e-10)
GCR: Convergence at 21 iterations, n = 11, L2 relative residual: iterated = 2.597421e-11, true = 2.597421e-11 (requested = 1.000000e-10)
PyQUDA INFO: Time = 1.860 secs, Performance = 14372.521 GFLOPS
PyQUDA INFO: INVERT 2 propagagors: 3.6906300139962696 secs
PyQUDA INFO: DOING SINK GAUSSIAN SMEARING
PyQUDA INFO: SINK GAUSSIAN SMEAR: 0.9717345540120732 secs
PyQUDA INFO: GPU used 49.9 GB, cupy pool 38.3 GB, cupy live 13.4 GB
PyQUDA INFO: CONTRACT ALL: 0.9198906719975639 secs
PyQUDA INFO: UNTIL CONTRACTION: 6.698242465994554 secs
PyQUDA INFO: INNER LOOP STARTS
PyQUDA INFO: SOURCE POSITION = [np.int64(30), np.int64(30), np.int64(14), np.int64(82)]
PyQUDA INFO: DOING SRC GAUSSIAN SMEARING
PyQUDA INFO: SOURCE GAUSSIAN SMEAR: 0.8187172230100259 secs
PyQUDA INFO: RELOADING GAUGE
PyQUDA INFO: RELOADING GAUGE: 0.2603635159903206 secs
PyQUDA INFO: SOLVING DIRAC EQ
GCR: Convergence at 21 iterations, n = 0, L2 relative residual: iterated = 1.942108e-11, true = 1.942108e-11 (requested = 1.000000e-10)
GCR: Convergence at 21 iterations, n = 1, L2 relative residual: iterated = 2.123845e-11, true = 2.123845e-11 (requested = 1.000000e-10)
GCR: Convergence at 21 iterations, n = 2, L2 relative residual: iterated = 3.838644e-11, true = 3.838644e-11 (requested = 1.000000e-10)
GCR: Convergence at 21 iterations, n = 3, L2 relative residual: iterated = 3.880595e-11, true = 3.880595e-11 (requested = 1.000000e-10)
GCR: Convergence at 21 iterations, n = 4, L2 relative residual: iterated = 2.483731e-11, true = 2.483731e-11 (requested = 1.000000e-10)
GCR: Convergence at 21 iterations, n = 5, L2 relative residual: iterated = 3.096338e-11, true = 3.096338e-11 (requested = 1.000000e-10)
GCR: Convergence at 21 iterations, n = 6, L2 relative residual: iterated = 3.591262e-11, true = 3.591262e-11 (requested = 1.000000e-10)
GCR: Convergence at 21 iterations, n = 7, L2 relative residual: iterated = 3.610008e-11, true = 3.610008e-11 (requested = 1.000000e-10)
GCR: Convergence at 21 iterations, n = 8, L2 relative residual: iterated = 4.920093e-11, true = 4.920093e-11 (requested = 1.000000e-10)
GCR: Convergence at 21 iterations, n = 9, L2 relative residual: iterated = 4.285854e-11, true = 4.285854e-11 (requested = 1.000000e-10)
GCR: Convergence at 21 iterations, n = 10, L2 relative residual: iterated = 5.394083e-11, true = 5.394083e-11 (requested = 1.000000e-10)
GCR: Convergence at 21 iterations, n = 11, L2 relative residual: iterated = 3.247777e-11, true = 3.247777e-11 (requested = 1.000000e-10)
PyQUDA INFO: Time = 1.827 secs, Performance = 14662.879 GFLOPS
GCR: Convergence at 21 iterations, n = 0, L2 relative residual: iterated = 2.114484e-11, true = 2.114484e-11 (requested = 1.000000e-10)
GCR: Convergence at 21 iterations, n = 1, L2 relative residual: iterated = 4.137784e-11, true = 4.137784e-11 (requested = 1.000000e-10)
GCR: Convergence at 21 iterations, n = 2, L2 relative residual: iterated = 3.945772e-11, true = 3.945772e-11 (requested = 1.000000e-10)
GCR: Convergence at 21 iterations, n = 3, L2 relative residual: iterated = 3.158410e-11, true = 3.158410e-11 (requested = 1.000000e-10)
GCR: Convergence at 21 iterations, n = 4, L2 relative residual: iterated = 2.176296e-11, true = 2.176296e-11 (requested = 1.000000e-10)
GCR: Convergence at 21 iterations, n = 5, L2 relative residual: iterated = 3.067292e-11, true = 3.067292e-11 (requested = 1.000000e-10)
GCR: Convergence at 21 iterations, n = 6, L2 relative residual: iterated = 4.670723e-11, true = 4.670723e-11 (requested = 1.000000e-10)
GCR: Convergence at 21 iterations, n = 7, L2 relative residual: iterated = 3.619603e-11, true = 3.619603e-11 (requested = 1.000000e-10)
GCR: Convergence at 21 iterations, n = 8, L2 relative residual: iterated = 3.042286e-11, true = 3.042286e-11 (requested = 1.000000e-10)
GCR: Convergence at 21 iterations, n = 9, L2 relative residual: iterated = 5.673936e-11, true = 5.673936e-11 (requested = 1.000000e-10)
GCR: Convergence at 21 iterations, n = 10, L2 relative residual: iterated = 4.127616e-11, true = 4.127616e-11 (requested = 1.000000e-10)
GCR: Convergence at 21 iterations, n = 11, L2 relative residual: iterated = 2.258282e-11, true = 2.258282e-11 (requested = 1.000000e-10)
PyQUDA INFO: Time = 1.860 secs, Performance = 14399.564 GFLOPS
PyQUDA INFO: INVERT 2 propagagors: 3.6891871810075827 secs
PyQUDA INFO: DOING SINK GAUSSIAN SMEARING
PyQUDA INFO: SINK GAUSSIAN SMEAR: 0.8429422909975983 secs
PyQUDA INFO: GPU used 49.9 GB, cupy pool 38.3 GB, cupy live 13.4 GB
PyQUDA INFO: CONTRACT ALL: 0.9212882179999724 secs
PyQUDA INFO: UNTIL CONTRACTION: 6.577591748995474 secs
PyQUDA INFO: INNER LOOP STARTS
PyQUDA INFO: SOURCE POSITION = [np.int64(30), np.int64(14), np.int64(30), np.int64(82)]
PyQUDA INFO: DOING SRC GAUSSIAN SMEARING
PyQUDA INFO: SOURCE GAUSSIAN SMEAR: 0.8184033420111518 secs
PyQUDA INFO: RELOADING GAUGE
PyQUDA INFO: RELOADING GAUGE: 0.26040069601731375 secs
PyQUDA INFO: SOLVING DIRAC EQ
GCR: Convergence at 21 iterations, n = 0, L2 relative residual: iterated = 5.812312e-11, true = 5.812312e-11 (requested = 1.000000e-10)
GCR: Convergence at 21 iterations, n = 1, L2 relative residual: iterated = 1.669355e-11, true = 1.669355e-11 (requested = 1.000000e-10)
GCR: Convergence at 21 iterations, n = 2, L2 relative residual: iterated = 3.501479e-11, true = 3.501479e-11 (requested = 1.000000e-10)
GCR: Convergence at 21 iterations, n = 3, L2 relative residual: iterated = 3.235162e-11, true = 3.235162e-11 (requested = 1.000000e-10)
GCR: Convergence at 21 iterations, n = 4, L2 relative residual: iterated = 3.833350e-11, true = 3.833350e-11 (requested = 1.000000e-10)
GCR: Convergence at 21 iterations, n = 5, L2 relative residual: iterated = 2.007639e-11, true = 2.007639e-11 (requested = 1.000000e-10)
GCR: Convergence at 21 iterations, n = 6, L2 relative residual: iterated = 2.700464e-11, true = 2.700464e-11 (requested = 1.000000e-10)
GCR: Convergence at 21 iterations, n = 7, L2 relative residual: iterated = 2.465335e-11, true = 2.465335e-11 (requested = 1.000000e-10)
GCR: Convergence at 21 iterations, n = 8, L2 relative residual: iterated = 3.507011e-11, true = 3.507011e-11 (requested = 1.000000e-10)
GCR: Convergence at 21 iterations, n = 9, L2 relative residual: iterated = 2.947212e-11, true = 2.947212e-11 (requested = 1.000000e-10)
GCR: Convergence at 21 iterations, n = 10, L2 relative residual: iterated = 2.891838e-11, true = 2.891838e-11 (requested = 1.000000e-10)
GCR: Convergence at 21 iterations, n = 11, L2 relative residual: iterated = 1.779790e-11, true = 1.779790e-11 (requested = 1.000000e-10)
PyQUDA INFO: Time = 1.829 secs, Performance = 14620.426 GFLOPS
GCR: Convergence at 21 iterations, n = 0, L2 relative residual: iterated = 3.372065e-11, true = 3.372065e-11 (requested = 1.000000e-10)
GCR: Convergence at 21 iterations, n = 1, L2 relative residual: iterated = 3.574517e-11, true = 3.574517e-11 (requested = 1.000000e-10)
GCR: Convergence at 21 iterations, n = 2, L2 relative residual: iterated = 1.475506e-11, true = 1.475506e-11 (requested = 1.000000e-10)
GCR: Convergence at 21 iterations, n = 3, L2 relative residual: iterated = 2.782480e-11, true = 2.782480e-11 (requested = 1.000000e-10)
GCR: Convergence at 21 iterations, n = 4, L2 relative residual: iterated = 3.859073e-11, true = 3.859073e-11 (requested = 1.000000e-10)
GCR: Convergence at 21 iterations, n = 5, L2 relative residual: iterated = 3.845670e-11, true = 3.845670e-11 (requested = 1.000000e-10)
GCR: Convergence at 21 iterations, n = 6, L2 relative residual: iterated = 1.895032e-11, true = 1.895032e-11 (requested = 1.000000e-10)
GCR: Convergence at 21 iterations, n = 7, L2 relative residual: iterated = 3.026850e-11, true = 3.026850e-11 (requested = 1.000000e-10)
GCR: Convergence at 21 iterations, n = 8, L2 relative residual: iterated = 3.327603e-11, true = 3.327603e-11 (requested = 1.000000e-10)
GCR: Convergence at 21 iterations, n = 9, L2 relative residual: iterated = 3.170520e-11, true = 3.170520e-11 (requested = 1.000000e-10)
GCR: Convergence at 21 iterations, n = 10, L2 relative residual: iterated = 4.515911e-11, true = 4.515911e-11 (requested = 1.000000e-10)
GCR: Convergence at 21 iterations, n = 11, L2 relative residual: iterated = 2.435873e-11, true = 2.435873e-11 (requested = 1.000000e-10)
PyQUDA INFO: Time = 1.865 secs, Performance = 14372.887 GFLOPS
PyQUDA INFO: INVERT 2 propagagors: 3.6967033649852965 secs
PyQUDA INFO: DOING SINK GAUSSIAN SMEARING
PyQUDA INFO: SINK GAUSSIAN SMEAR: 0.969817882985808 secs
PyQUDA INFO: GPU used 49.9 GB, cupy pool 38.3 GB, cupy live 13.4 GB
PyQUDA INFO: CONTRACT ALL: 0.920719806017587 secs
PyQUDA INFO: UNTIL CONTRACTION: 6.709942385990871 secs
PyQUDA INFO: INNER LOOP STARTS
PyQUDA INFO: SOURCE POSITION = [np.int64(30), np.int64(14), np.int64(14), np.int64(82)]
PyQUDA INFO: DOING SRC GAUSSIAN SMEARING
PyQUDA INFO: SOURCE GAUSSIAN SMEAR: 0.8209629940101877 secs
PyQUDA INFO: RELOADING GAUGE
PyQUDA INFO: RELOADING GAUGE: 0.25520580299780704 secs
PyQUDA INFO: SOLVING DIRAC EQ
GCR: Convergence at 21 iterations, n = 0, L2 relative residual: iterated = 3.248541e-11, true = 3.248541e-11 (requested = 1.000000e-10)
GCR: Convergence at 21 iterations, n = 1, L2 relative residual: iterated = 6.152941e-11, true = 6.152941e-11 (requested = 1.000000e-10)
GCR: Convergence at 21 iterations, n = 2, L2 relative residual: iterated = 4.148625e-11, true = 4.148625e-11 (requested = 1.000000e-10)
GCR: Convergence at 21 iterations, n = 3, L2 relative residual: iterated = 5.002040e-11, true = 5.002040e-11 (requested = 1.000000e-10)
GCR: Convergence at 21 iterations, n = 4, L2 relative residual: iterated = 3.607003e-11, true = 3.607003e-11 (requested = 1.000000e-10)
GCR: Convergence at 21 iterations, n = 5, L2 relative residual: iterated = 3.728949e-11, true = 3.728949e-11 (requested = 1.000000e-10)
GCR: Convergence at 21 iterations, n = 6, L2 relative residual: iterated = 3.057403e-11, true = 3.057403e-11 (requested = 1.000000e-10)
GCR: Convergence at 21 iterations, n = 7, L2 relative residual: iterated = 3.559327e-11, true = 3.559327e-11 (requested = 1.000000e-10)
GCR: Convergence at 21 iterations, n = 8, L2 relative residual: iterated = 6.112421e-11, true = 6.112421e-11 (requested = 1.000000e-10)
GCR: Convergence at 21 iterations, n = 9, L2 relative residual: iterated = 5.201654e-11, true = 5.201654e-11 (requested = 1.000000e-10)
GCR: Convergence at 21 iterations, n = 10, L2 relative residual: iterated = 5.329488e-11, true = 5.329488e-11 (requested = 1.000000e-10)
GCR: Convergence at 21 iterations, n = 11, L2 relative residual: iterated = 2.330899e-11, true = 2.330899e-11 (requested = 1.000000e-10)
PyQUDA INFO: Time = 1.837 secs, Performance = 14573.132 GFLOPS
GCR: Convergence at 21 iterations, n = 0, L2 relative residual: iterated = 3.774708e-11, true = 3.774708e-11 (requested = 1.000000e-10)
GCR: Convergence at 21 iterations, n = 1, L2 relative residual: iterated = 3.708174e-11, true = 3.708174e-11 (requested = 1.000000e-10)
GCR: Convergence at 21 iterations, n = 2, L2 relative residual: iterated = 4.060010e-11, true = 4.060010e-11 (requested = 1.000000e-10)
GCR: Convergence at 21 iterations, n = 3, L2 relative residual: iterated = 3.772190e-11, true = 3.772190e-11 (requested = 1.000000e-10)
GCR: Convergence at 21 iterations, n = 4, L2 relative residual: iterated = 2.877326e-11, true = 2.877326e-11 (requested = 1.000000e-10)
GCR: Convergence at 21 iterations, n = 5, L2 relative residual: iterated = 2.628546e-11, true = 2.628546e-11 (requested = 1.000000e-10)
GCR: Convergence at 21 iterations, n = 6, L2 relative residual: iterated = 3.348310e-11, true = 3.348310e-11 (requested = 1.000000e-10)
GCR: Convergence at 21 iterations, n = 7, L2 relative residual: iterated = 2.982055e-11, true = 2.982055e-11 (requested = 1.000000e-10)
GCR: Convergence at 21 iterations, n = 8, L2 relative residual: iterated = 3.187993e-11, true = 3.187993e-11 (requested = 1.000000e-10)
GCR: Convergence at 21 iterations, n = 9, L2 relative residual: iterated = 3.860083e-11, true = 3.860083e-11 (requested = 1.000000e-10)
GCR: Convergence at 21 iterations, n = 10, L2 relative residual: iterated = 4.161892e-11, true = 4.161892e-11 (requested = 1.000000e-10)
GCR: Convergence at 21 iterations, n = 11, L2 relative residual: iterated = 2.433484e-11, true = 2.433484e-11 (requested = 1.000000e-10)
PyQUDA INFO: Time = 1.863 secs, Performance = 14341.793 GFLOPS
PyQUDA INFO: INVERT 2 propagagors: 3.7020333179971203 secs
PyQUDA INFO: DOING SINK GAUSSIAN SMEARING
PyQUDA INFO: SINK GAUSSIAN SMEAR: 0.9716039710037876 secs
PyQUDA INFO: GPU used 49.9 GB, cupy pool 38.3 GB, cupy live 13.4 GB
PyQUDA INFO: CONTRACT ALL: 0.9199696719879285 secs
PyQUDA INFO: UNTIL CONTRACTION: 6.714180404989747 secs
PyQUDA INFO: INNER LOOP STARTS
PyQUDA INFO: SOURCE POSITION = [np.int64(14), np.int64(30), np.int64(30), np.int64(82)]
PyQUDA INFO: DOING SRC GAUSSIAN SMEARING
PyQUDA INFO: SOURCE GAUSSIAN SMEAR: 0.8178072790033184 secs
PyQUDA INFO: RELOADING GAUGE
PyQUDA INFO: RELOADING GAUGE: 0.2556185339926742 secs
PyQUDA INFO: SOLVING DIRAC EQ
GCR: Convergence at 21 iterations, n = 0, L2 relative residual: iterated = 2.609424e-11, true = 2.609424e-11 (requested = 1.000000e-10)
GCR: Convergence at 21 iterations, n = 1, L2 relative residual: iterated = 3.074562e-11, true = 3.074562e-11 (requested = 1.000000e-10)
GCR: Convergence at 21 iterations, n = 2, L2 relative residual: iterated = 1.398557e-11, true = 1.398557e-11 (requested = 1.000000e-10)
GCR: Convergence at 21 iterations, n = 3, L2 relative residual: iterated = 1.546262e-11, true = 1.546262e-11 (requested = 1.000000e-10)
GCR: Convergence at 21 iterations, n = 4, L2 relative residual: iterated = 2.300634e-11, true = 2.300634e-11 (requested = 1.000000e-10)
GCR: Convergence at 21 iterations, n = 5, L2 relative residual: iterated = 2.061710e-11, true = 2.061710e-11 (requested = 1.000000e-10)
GCR: Convergence at 21 iterations, n = 6, L2 relative residual: iterated = 3.775102e-11, true = 3.775102e-11 (requested = 1.000000e-10)
GCR: Convergence at 21 iterations, n = 7, L2 relative residual: iterated = 7.744667e-11, true = 7.744667e-11 (requested = 1.000000e-10)
GCR: Convergence at 21 iterations, n = 8, L2 relative residual: iterated = 5.656262e-11, true = 5.656262e-11 (requested = 1.000000e-10)
GCR: Convergence at 21 iterations, n = 9, L2 relative residual: iterated = 3.811441e-11, true = 3.811441e-11 (requested = 1.000000e-10)
GCR: Convergence at 21 iterations, n = 10, L2 relative residual: iterated = 3.267071e-11, true = 3.267071e-11 (requested = 1.000000e-10)
GCR: Convergence at 21 iterations, n = 11, L2 relative residual: iterated = 4.078244e-11, true = 4.078244e-11 (requested = 1.000000e-10)
PyQUDA INFO: Time = 1.831 secs, Performance = 14638.502 GFLOPS
GCR: Convergence at 21 iterations, n = 0, L2 relative residual: iterated = 2.537511e-11, true = 2.537511e-11 (requested = 1.000000e-10)
GCR: Convergence at 21 iterations, n = 1, L2 relative residual: iterated = 1.945041e-11, true = 1.945041e-11 (requested = 1.000000e-10)
GCR: Convergence at 21 iterations, n = 2, L2 relative residual: iterated = 1.680842e-11, true = 1.680842e-11 (requested = 1.000000e-10)
GCR: Convergence at 21 iterations, n = 3, L2 relative residual: iterated = 3.432386e-11, true = 3.432386e-11 (requested = 1.000000e-10)
GCR: Convergence at 21 iterations, n = 4, L2 relative residual: iterated = 3.197751e-11, true = 3.197751e-11 (requested = 1.000000e-10)
GCR: Convergence at 21 iterations, n = 5, L2 relative residual: iterated = 2.820312e-11, true = 2.820312e-11 (requested = 1.000000e-10)
GCR: Convergence at 21 iterations, n = 6, L2 relative residual: iterated = 3.648316e-11, true = 3.648316e-11 (requested = 1.000000e-10)
GCR: Convergence at 21 iterations, n = 7, L2 relative residual: iterated = 4.917412e-11, true = 4.917412e-11 (requested = 1.000000e-10)
GCR: Convergence at 21 iterations, n = 8, L2 relative residual: iterated = 5.552099e-11, true = 5.552099e-11 (requested = 1.000000e-10)
GCR: Convergence at 21 iterations, n = 9, L2 relative residual: iterated = 7.603691e-11, true = 7.603691e-11 (requested = 1.000000e-10)
GCR: Convergence at 21 iterations, n = 10, L2 relative residual: iterated = 7.353898e-11, true = 7.353898e-11 (requested = 1.000000e-10)
GCR: Convergence at 21 iterations, n = 11, L2 relative residual: iterated = 6.507291e-11, true = 6.507291e-11 (requested = 1.000000e-10)
PyQUDA INFO: Time = 1.867 secs, Performance = 14350.891 GFLOPS
PyQUDA INFO: INVERT 2 propagagors: 3.69998842899804 secs
PyQUDA INFO: DOING SINK GAUSSIAN SMEARING
PyQUDA INFO: SINK GAUSSIAN SMEAR: 0.9755462090251967 secs
PyQUDA INFO: GPU used 49.9 GB, cupy pool 38.3 GB, cupy live 13.4 GB
PyQUDA INFO: CONTRACT ALL: 0.9201501030183863 secs
PyQUDA INFO: UNTIL CONTRACTION: 6.713768032001099 secs
PyQUDA INFO: INNER LOOP STARTS
PyQUDA INFO: SOURCE POSITION = [np.int64(14), np.int64(30), np.int64(14), np.int64(82)]
PyQUDA INFO: DOING SRC GAUSSIAN SMEARING
PyQUDA INFO: SOURCE GAUSSIAN SMEAR: 0.8195847570023034 secs
PyQUDA INFO: RELOADING GAUGE
PyQUDA INFO: RELOADING GAUGE: 0.2599546429992188 secs
PyQUDA INFO: SOLVING DIRAC EQ
GCR: Convergence at 21 iterations, n = 0, L2 relative residual: iterated = 2.122676e-11, true = 2.122676e-11 (requested = 1.000000e-10)
GCR: Convergence at 21 iterations, n = 1, L2 relative residual: iterated = 4.973754e-11, true = 4.973754e-11 (requested = 1.000000e-10)
GCR: Convergence at 21 iterations, n = 2, L2 relative residual: iterated = 8.655758e-11, true = 8.655758e-11 (requested = 1.000000e-10)
GCR: Convergence at 21 iterations, n = 3, L2 relative residual: iterated = 2.452501e-11, true = 2.452501e-11 (requested = 1.000000e-10)
GCR: Convergence at 21 iterations, n = 4, L2 relative residual: iterated = 5.166432e-11, true = 5.166432e-11 (requested = 1.000000e-10)
GCR: Convergence at 21 iterations, n = 5, L2 relative residual: iterated = 2.705430e-11, true = 2.705430e-11 (requested = 1.000000e-10)
GCR: Convergence at 21 iterations, n = 6, L2 relative residual: iterated = 3.205183e-11, true = 3.205183e-11 (requested = 1.000000e-10)
GCR: Convergence at 21 iterations, n = 7, L2 relative residual: iterated = 2.434578e-11, true = 2.434578e-11 (requested = 1.000000e-10)
GCR: Convergence at 21 iterations, n = 8, L2 relative residual: iterated = 2.372331e-11, true = 2.372331e-11 (requested = 1.000000e-10)
GCR: Convergence at 21 iterations, n = 9, L2 relative residual: iterated = 2.709051e-11, true = 2.709051e-11 (requested = 1.000000e-10)
GCR: Convergence at 21 iterations, n = 10, L2 relative residual: iterated = 2.272339e-11, true = 2.272339e-11 (requested = 1.000000e-10)
GCR: Convergence at 21 iterations, n = 11, L2 relative residual: iterated = 3.226489e-11, true = 3.226489e-11 (requested = 1.000000e-10)
PyQUDA INFO: Time = 1.838 secs, Performance = 14565.459 GFLOPS
GCR: Convergence at 21 iterations, n = 0, L2 relative residual: iterated = 2.915506e-11, true = 2.915506e-11 (requested = 1.000000e-10)
GCR: Convergence at 21 iterations, n = 1, L2 relative residual: iterated = 2.430167e-11, true = 2.430167e-11 (requested = 1.000000e-10)
GCR: Convergence at 21 iterations, n = 2, L2 relative residual: iterated = 4.028890e-11, true = 4.028890e-11 (requested = 1.000000e-10)
GCR: Convergence at 21 iterations, n = 3, L2 relative residual: iterated = 4.278068e-11, true = 4.278068e-11 (requested = 1.000000e-10)
GCR: Convergence at 21 iterations, n = 4, L2 relative residual: iterated = 7.169943e-11, true = 7.169943e-11 (requested = 1.000000e-10)
GCR: Convergence at 21 iterations, n = 5, L2 relative residual: iterated = 3.670483e-11, true = 3.670483e-11 (requested = 1.000000e-10)
GCR: Convergence at 21 iterations, n = 6, L2 relative residual: iterated = 3.980905e-11, true = 3.980905e-11 (requested = 1.000000e-10)
GCR: Convergence at 21 iterations, n = 7, L2 relative residual: iterated = 2.727865e-11, true = 2.727865e-11 (requested = 1.000000e-10)
GCR: Convergence at 21 iterations, n = 8, L2 relative residual: iterated = 1.891612e-11, true = 1.891612e-11 (requested = 1.000000e-10)
GCR: Convergence at 21 iterations, n = 9, L2 relative residual: iterated = 3.038382e-11, true = 3.038382e-11 (requested = 1.000000e-10)
GCR: Convergence at 21 iterations, n = 10, L2 relative residual: iterated = 3.783702e-11, true = 3.783702e-11 (requested = 1.000000e-10)
GCR: Convergence at 21 iterations, n = 11, L2 relative residual: iterated = 2.787581e-11, true = 2.787581e-11 (requested = 1.000000e-10)
PyQUDA INFO: Time = 1.862 secs, Performance = 14376.529 GFLOPS
PyQUDA INFO: INVERT 2 propagagors: 3.7031415330129676 secs
PyQUDA INFO: DOING SINK GAUSSIAN SMEARING
PyQUDA INFO: SINK GAUSSIAN SMEAR: 0.8374643359857146 secs
PyQUDA INFO: GPU used 49.9 GB, cupy pool 38.3 GB, cupy live 13.4 GB
PyQUDA INFO: CONTRACT ALL: 0.918841828010045 secs
PyQUDA INFO: UNTIL CONTRACTION: 6.583729525998933 secs
PyQUDA INFO: INNER LOOP STARTS
PyQUDA INFO: SOURCE POSITION = [np.int64(14), np.int64(14), np.int64(30), np.int64(82)]
PyQUDA INFO: DOING SRC GAUSSIAN SMEARING
PyQUDA INFO: SOURCE GAUSSIAN SMEAR: 0.8186880729917902 secs
PyQUDA INFO: RELOADING GAUGE
PyQUDA INFO: RELOADING GAUGE: 0.25597224599914625 secs
PyQUDA INFO: SOLVING DIRAC EQ
GCR: Convergence at 21 iterations, n = 0, L2 relative residual: iterated = 3.724066e-11, true = 3.724066e-11 (requested = 1.000000e-10)
GCR: Convergence at 21 iterations, n = 1, L2 relative residual: iterated = 2.237204e-11, true = 2.237204e-11 (requested = 1.000000e-10)
GCR: Convergence at 21 iterations, n = 2, L2 relative residual: iterated = 2.762782e-11, true = 2.762782e-11 (requested = 1.000000e-10)
GCR: Convergence at 21 iterations, n = 3, L2 relative residual: iterated = 2.207850e-11, true = 2.207850e-11 (requested = 1.000000e-10)
GCR: Convergence at 21 iterations, n = 4, L2 relative residual: iterated = 2.658341e-11, true = 2.658341e-11 (requested = 1.000000e-10)
GCR: Convergence at 21 iterations, n = 5, L2 relative residual: iterated = 2.935967e-11, true = 2.935967e-11 (requested = 1.000000e-10)
GCR: Convergence at 21 iterations, n = 6, L2 relative residual: iterated = 2.447904e-11, true = 2.447904e-11 (requested = 1.000000e-10)
GCR: Convergence at 21 iterations, n = 7, L2 relative residual: iterated = 3.780855e-11, true = 3.780855e-11 (requested = 1.000000e-10)
GCR: Convergence at 21 iterations, n = 8, L2 relative residual: iterated = 2.709169e-11, true = 2.709169e-11 (requested = 1.000000e-10)
GCR: Convergence at 21 iterations, n = 9, L2 relative residual: iterated = 3.625246e-11, true = 3.625246e-11 (requested = 1.000000e-10)
GCR: Convergence at 21 iterations, n = 10, L2 relative residual: iterated = 2.997047e-11, true = 2.997047e-11 (requested = 1.000000e-10)
GCR: Convergence at 21 iterations, n = 11, L2 relative residual: iterated = 3.028225e-11, true = 3.028225e-11 (requested = 1.000000e-10)
PyQUDA INFO: Time = 1.829 secs, Performance = 14610.679 GFLOPS
GCR: Convergence at 21 iterations, n = 0, L2 relative residual: iterated = 2.972071e-11, true = 2.972071e-11 (requested = 1.000000e-10)
GCR: Convergence at 21 iterations, n = 1, L2 relative residual: iterated = 1.592445e-11, true = 1.592445e-11 (requested = 1.000000e-10)
GCR: Convergence at 21 iterations, n = 2, L2 relative residual: iterated = 2.105170e-11, true = 2.105170e-11 (requested = 1.000000e-10)
GCR: Convergence at 21 iterations, n = 3, L2 relative residual: iterated = 3.181497e-11, true = 3.181497e-11 (requested = 1.000000e-10)
GCR: Convergence at 21 iterations, n = 4, L2 relative residual: iterated = 2.894147e-11, true = 2.894147e-11 (requested = 1.000000e-10)
GCR: Convergence at 21 iterations, n = 5, L2 relative residual: iterated = 1.587469e-11, true = 1.587469e-11 (requested = 1.000000e-10)
GCR: Convergence at 21 iterations, n = 6, L2 relative residual: iterated = 2.814726e-11, true = 2.814726e-11 (requested = 1.000000e-10)
GCR: Convergence at 21 iterations, n = 7, L2 relative residual: iterated = 3.346266e-11, true = 3.346266e-11 (requested = 1.000000e-10)
GCR: Convergence at 21 iterations, n = 8, L2 relative residual: iterated = 3.212121e-11, true = 3.212121e-11 (requested = 1.000000e-10)
GCR: Convergence at 21 iterations, n = 9, L2 relative residual: iterated = 3.579572e-11, true = 3.579572e-11 (requested = 1.000000e-10)
GCR: Convergence at 21 iterations, n = 10, L2 relative residual: iterated = 3.727418e-11, true = 3.727418e-11 (requested = 1.000000e-10)
GCR: Convergence at 21 iterations, n = 11, L2 relative residual: iterated = 4.128160e-11, true = 4.128160e-11 (requested = 1.000000e-10)
PyQUDA INFO: Time = 1.868 secs, Performance = 14342.695 GFLOPS
PyQUDA INFO: INVERT 2 propagagors: 3.6995990770228673 secs
PyQUDA INFO: DOING SINK GAUSSIAN SMEARING
PyQUDA INFO: SINK GAUSSIAN SMEAR: 0.8422612180002034 secs
PyQUDA INFO: GPU used 49.9 GB, cupy pool 38.3 GB, cupy live 13.4 GB
PyQUDA INFO: CONTRACT ALL: 0.9196547910105437 secs
PyQUDA INFO: UNTIL CONTRACTION: 6.580179929995211 secs
PyQUDA INFO: INNER LOOP STARTS
PyQUDA INFO: SOURCE POSITION = [np.int64(14), np.int64(14), np.int64(14), np.int64(82)]
PyQUDA INFO: DOING SRC GAUSSIAN SMEARING
PyQUDA INFO: SOURCE GAUSSIAN SMEAR: 0.8186860730056651 secs
PyQUDA INFO: RELOADING GAUGE
PyQUDA INFO: RELOADING GAUGE: 0.2599205729784444 secs
PyQUDA INFO: SOLVING DIRAC EQ
GCR: Convergence at 21 iterations, n = 0, L2 relative residual: iterated = 2.723226e-11, true = 2.723226e-11 (requested = 1.000000e-10)
GCR: Convergence at 21 iterations, n = 1, L2 relative residual: iterated = 5.708475e-11, true = 5.708475e-11 (requested = 1.000000e-10)
GCR: Convergence at 21 iterations, n = 2, L2 relative residual: iterated = 3.613620e-11, true = 3.613620e-11 (requested = 1.000000e-10)
GCR: Convergence at 21 iterations, n = 3, L2 relative residual: iterated = 3.227875e-11, true = 3.227875e-11 (requested = 1.000000e-10)
GCR: Convergence at 21 iterations, n = 4, L2 relative residual: iterated = 2.839145e-11, true = 2.839145e-11 (requested = 1.000000e-10)
GCR: Convergence at 21 iterations, n = 5, L2 relative residual: iterated = 6.284696e-11, true = 6.284696e-11 (requested = 1.000000e-10)
GCR: Convergence at 21 iterations, n = 6, L2 relative residual: iterated = 5.421521e-11, true = 5.421521e-11 (requested = 1.000000e-10)
GCR: Convergence at 21 iterations, n = 7, L2 relative residual: iterated = 5.046323e-11, true = 5.046323e-11 (requested = 1.000000e-10)
GCR: Convergence at 21 iterations, n = 8, L2 relative residual: iterated = 7.943672e-11, true = 7.943672e-11 (requested = 1.000000e-10)
GCR: Convergence at 21 iterations, n = 9, L2 relative residual: iterated = 4.227171e-11, true = 4.227171e-11 (requested = 1.000000e-10)
GCR: Convergence at 21 iterations, n = 10, L2 relative residual: iterated = 3.835089e-11, true = 3.835089e-11 (requested = 1.000000e-10)
GCR: Convergence at 21 iterations, n = 11, L2 relative residual: iterated = 6.335746e-11, true = 6.335746e-11 (requested = 1.000000e-10)
PyQUDA INFO: Time = 1.827 secs, Performance = 14650.999 GFLOPS
GCR: Convergence at 21 iterations, n = 0, L2 relative residual: iterated = 3.022580e-11, true = 3.022580e-11 (requested = 1.000000e-10)
GCR: Convergence at 21 iterations, n = 1, L2 relative residual: iterated = 3.206587e-11, true = 3.206587e-11 (requested = 1.000000e-10)
GCR: Convergence at 21 iterations, n = 2, L2 relative residual: iterated = 1.315497e-11, true = 1.315497e-11 (requested = 1.000000e-10)
GCR: Convergence at 21 iterations, n = 3, L2 relative residual: iterated = 3.217073e-11, true = 3.217073e-11 (requested = 1.000000e-10)
GCR: Convergence at 21 iterations, n = 4, L2 relative residual: iterated = 2.780504e-11, true = 2.780504e-11 (requested = 1.000000e-10)
GCR: Convergence at 21 iterations, n = 5, L2 relative residual: iterated = 2.367037e-11, true = 2.367037e-11 (requested = 1.000000e-10)
GCR: Convergence at 21 iterations, n = 6, L2 relative residual: iterated = 2.613280e-11, true = 2.613280e-11 (requested = 1.000000e-10)
GCR: Convergence at 21 iterations, n = 7, L2 relative residual: iterated = 6.665765e-11, true = 6.665765e-11 (requested = 1.000000e-10)
GCR: Convergence at 21 iterations, n = 8, L2 relative residual: iterated = 3.909875e-11, true = 3.909875e-11 (requested = 1.000000e-10)
GCR: Convergence at 21 iterations, n = 9, L2 relative residual: iterated = 5.073408e-11, true = 5.073408e-11 (requested = 1.000000e-10)
GCR: Convergence at 21 iterations, n = 10, L2 relative residual: iterated = 3.756537e-11, true = 3.756537e-11 (requested = 1.000000e-10)
GCR: Convergence at 21 iterations, n = 11, L2 relative residual: iterated = 4.375491e-11, true = 4.375491e-11 (requested = 1.000000e-10)
PyQUDA INFO: Time = 1.867 secs, Performance = 14346.334 GFLOPS
PyQUDA INFO: INVERT 2 propagagors: 3.6959680409927387 secs
PyQUDA INFO: DOING SINK GAUSSIAN SMEARING
PyQUDA INFO: SINK GAUSSIAN SMEAR: 0.8351569960068446 secs
PyQUDA INFO: GPU used 49.9 GB, cupy pool 38.3 GB, cupy live 13.4 GB
PyQUDA INFO: CONTRACT ALL: 0.9197050009970553 secs
PyQUDA INFO: UNTIL CONTRACTION: 6.574514285020996 secs
PyQUDA INFO: INNER LOOP STARTS
PyQUDA INFO: SOURCE POSITION = [np.int64(30), np.int64(30), np.int64(30), np.int64(18)]
PyQUDA INFO: DOING SRC GAUSSIAN SMEARING
PyQUDA INFO: SOURCE GAUSSIAN SMEAR: 0.8193637359945569 secs
PyQUDA INFO: RELOADING GAUGE
PyQUDA INFO: RELOADING GAUGE: 0.25501641200389713 secs
PyQUDA INFO: SOLVING DIRAC EQ
GCR: Convergence at 21 iterations, n = 0, L2 relative residual: iterated = 2.377405e-11, true = 2.377405e-11 (requested = 1.000000e-10)
GCR: Convergence at 21 iterations, n = 1, L2 relative residual: iterated = 1.617438e-11, true = 1.617438e-11 (requested = 1.000000e-10)
GCR: Convergence at 21 iterations, n = 2, L2 relative residual: iterated = 2.456794e-11, true = 2.456794e-11 (requested = 1.000000e-10)
GCR: Convergence at 21 iterations, n = 3, L2 relative residual: iterated = 1.845372e-11, true = 1.845372e-11 (requested = 1.000000e-10)
GCR: Convergence at 21 iterations, n = 4, L2 relative residual: iterated = 2.120050e-11, true = 2.120050e-11 (requested = 1.000000e-10)
GCR: Convergence at 21 iterations, n = 5, L2 relative residual: iterated = 1.917276e-11, true = 1.917276e-11 (requested = 1.000000e-10)
GCR: Convergence at 21 iterations, n = 6, L2 relative residual: iterated = 3.970389e-11, true = 3.970389e-11 (requested = 1.000000e-10)
GCR: Convergence at 21 iterations, n = 7, L2 relative residual: iterated = 4.627019e-11, true = 4.627019e-11 (requested = 1.000000e-10)
GCR: Convergence at 21 iterations, n = 8, L2 relative residual: iterated = 4.723954e-11, true = 4.723954e-11 (requested = 1.000000e-10)
GCR: Convergence at 21 iterations, n = 9, L2 relative residual: iterated = 2.209730e-11, true = 2.209730e-11 (requested = 1.000000e-10)
GCR: Convergence at 21 iterations, n = 10, L2 relative residual: iterated = 2.763805e-11, true = 2.763805e-11 (requested = 1.000000e-10)
GCR: Convergence at 21 iterations, n = 11, L2 relative residual: iterated = 2.987478e-11, true = 2.987478e-11 (requested = 1.000000e-10)
PyQUDA INFO: Time = 1.833 secs, Performance = 14617.080 GFLOPS
GCR: Convergence at 21 iterations, n = 0, L2 relative residual: iterated = 2.435723e-11, true = 2.435723e-11 (requested = 1.000000e-10)
GCR: Convergence at 21 iterations, n = 1, L2 relative residual: iterated = 1.940915e-11, true = 1.940915e-11 (requested = 1.000000e-10)
GCR: Convergence at 21 iterations, n = 2, L2 relative residual: iterated = 1.771729e-11, true = 1.771729e-11 (requested = 1.000000e-10)
GCR: Convergence at 21 iterations, n = 3, L2 relative residual: iterated = 2.151492e-11, true = 2.151492e-11 (requested = 1.000000e-10)
GCR: Convergence at 21 iterations, n = 4, L2 relative residual: iterated = 2.919267e-11, true = 2.919267e-11 (requested = 1.000000e-10)
GCR: Convergence at 21 iterations, n = 5, L2 relative residual: iterated = 2.148525e-11, true = 2.148525e-11 (requested = 1.000000e-10)
GCR: Convergence at 21 iterations, n = 6, L2 relative residual: iterated = 2.794991e-11, true = 2.794991e-11 (requested = 1.000000e-10)
GCR: Convergence at 21 iterations, n = 7, L2 relative residual: iterated = 3.909295e-11, true = 3.909295e-11 (requested = 1.000000e-10)
GCR: Convergence at 21 iterations, n = 8, L2 relative residual: iterated = 2.820819e-11, true = 2.820819e-11 (requested = 1.000000e-10)
GCR: Convergence at 21 iterations, n = 9, L2 relative residual: iterated = 3.468816e-11, true = 3.468816e-11 (requested = 1.000000e-10)
GCR: Convergence at 21 iterations, n = 10, L2 relative residual: iterated = 4.969916e-11, true = 4.969916e-11 (requested = 1.000000e-10)
GCR: Convergence at 21 iterations, n = 11, L2 relative residual: iterated = 4.335345e-11, true = 4.335345e-11 (requested = 1.000000e-10)
PyQUDA INFO: Time = 1.870 secs, Performance = 14332.079 GFLOPS
PyQUDA INFO: INVERT 2 propagagors: 3.704837030003546 secs
PyQUDA INFO: DOING SINK GAUSSIAN SMEARING
PyQUDA INFO: SINK GAUSSIAN SMEAR: 0.9531966500217095 secs
PyQUDA INFO: GPU used 49.9 GB, cupy pool 38.3 GB, cupy live 13.4 GB
PyQUDA INFO: CONTRACT ALL: 0.9196156509860884 secs
PyQUDA INFO: UNTIL CONTRACTION: 6.697242958995048 secs
PyQUDA INFO: INNER LOOP STARTS
PyQUDA INFO: SOURCE POSITION = [np.int64(30), np.int64(30), np.int64(14), np.int64(18)]
PyQUDA INFO: DOING SRC GAUSSIAN SMEARING
PyQUDA INFO: SOURCE GAUSSIAN SMEAR: 0.8196389970253222 secs
PyQUDA INFO: RELOADING GAUGE
PyQUDA INFO: RELOADING GAUGE: 0.2617392720130738 secs
PyQUDA INFO: SOLVING DIRAC EQ
GCR: Convergence at 21 iterations, n = 0, L2 relative residual: iterated = 2.611047e-11, true = 2.611047e-11 (requested = 1.000000e-10)
GCR: Convergence at 21 iterations, n = 1, L2 relative residual: iterated = 1.433158e-11, true = 1.433158e-11 (requested = 1.000000e-10)
GCR: Convergence at 21 iterations, n = 2, L2 relative residual: iterated = 1.935382e-11, true = 1.935382e-11 (requested = 1.000000e-10)
GCR: Convergence at 21 iterations, n = 3, L2 relative residual: iterated = 1.760529e-11, true = 1.760529e-11 (requested = 1.000000e-10)
GCR: Convergence at 21 iterations, n = 4, L2 relative residual: iterated = 1.430685e-11, true = 1.430685e-11 (requested = 1.000000e-10)
GCR: Convergence at 21 iterations, n = 5, L2 relative residual: iterated = 2.128762e-11, true = 2.128762e-11 (requested = 1.000000e-10)
GCR: Convergence at 21 iterations, n = 6, L2 relative residual: iterated = 2.374433e-11, true = 2.374433e-11 (requested = 1.000000e-10)
GCR: Convergence at 21 iterations, n = 7, L2 relative residual: iterated = 3.773129e-11, true = 3.773129e-11 (requested = 1.000000e-10)
GCR: Convergence at 21 iterations, n = 8, L2 relative residual: iterated = 4.111318e-11, true = 4.111318e-11 (requested = 1.000000e-10)
GCR: Convergence at 21 iterations, n = 9, L2 relative residual: iterated = 3.821093e-11, true = 3.821093e-11 (requested = 1.000000e-10)
GCR: Convergence at 21 iterations, n = 10, L2 relative residual: iterated = 1.587371e-11, true = 1.587371e-11 (requested = 1.000000e-10)
GCR: Convergence at 21 iterations, n = 11, L2 relative residual: iterated = 1.793599e-11, true = 1.793599e-11 (requested = 1.000000e-10)
PyQUDA INFO: Time = 1.831 secs, Performance = 14640.827 GFLOPS
GCR: Convergence at 21 iterations, n = 0, L2 relative residual: iterated = 2.814657e-11, true = 2.814657e-11 (requested = 1.000000e-10)
GCR: Convergence at 21 iterations, n = 1, L2 relative residual: iterated = 3.478324e-11, true = 3.478324e-11 (requested = 1.000000e-10)
GCR: Convergence at 21 iterations, n = 2, L2 relative residual: iterated = 1.846115e-11, true = 1.846115e-11 (requested = 1.000000e-10)
GCR: Convergence at 21 iterations, n = 3, L2 relative residual: iterated = 2.894574e-11, true = 2.894574e-11 (requested = 1.000000e-10)
GCR: Convergence at 21 iterations, n = 4, L2 relative residual: iterated = 2.782471e-11, true = 2.782471e-11 (requested = 1.000000e-10)
GCR: Convergence at 21 iterations, n = 5, L2 relative residual: iterated = 3.921093e-11, true = 3.921093e-11 (requested = 1.000000e-10)
GCR: Convergence at 21 iterations, n = 6, L2 relative residual: iterated = 2.505256e-11, true = 2.505256e-11 (requested = 1.000000e-10)
GCR: Convergence at 21 iterations, n = 7, L2 relative residual: iterated = 2.137110e-11, true = 2.137110e-11 (requested = 1.000000e-10)
GCR: Convergence at 21 iterations, n = 8, L2 relative residual: iterated = 4.222010e-11, true = 4.222010e-11 (requested = 1.000000e-10)
GCR: Convergence at 21 iterations, n = 9, L2 relative residual: iterated = 4.993681e-11, true = 4.993681e-11 (requested = 1.000000e-10)
GCR: Convergence at 21 iterations, n = 10, L2 relative residual: iterated = 3.493741e-11, true = 3.493741e-11 (requested = 1.000000e-10)
GCR: Convergence at 21 iterations, n = 11, L2 relative residual: iterated = 3.399107e-11, true = 3.399107e-11 (requested = 1.000000e-10)
PyQUDA INFO: Time = 1.868 secs, Performance = 14339.146 GFLOPS
PyQUDA INFO: INVERT 2 propagagors: 3.70112152400543 secs
PyQUDA INFO: DOING SINK GAUSSIAN SMEARING
PyQUDA INFO: SINK GAUSSIAN SMEAR: 0.8404370589996688 secs
PyQUDA INFO: GPU used 49.9 GB, cupy pool 38.3 GB, cupy live 13.4 GB
PyQUDA INFO: CONTRACT ALL: 0.9211959480016958 secs
PyQUDA INFO: UNTIL CONTRACTION: 6.588451276998967 secs
PyQUDA INFO: INNER LOOP STARTS
PyQUDA INFO: SOURCE POSITION = [np.int64(30), np.int64(14), np.int64(30), np.int64(18)]
PyQUDA INFO: DOING SRC GAUSSIAN SMEARING
PyQUDA INFO: SOURCE GAUSSIAN SMEAR: 0.8170102860021871 secs
PyQUDA INFO: RELOADING GAUGE
PyQUDA INFO: RELOADING GAUGE: 0.25493767199805006 secs
PyQUDA INFO: SOLVING DIRAC EQ
GCR: Convergence at 21 iterations, n = 0, L2 relative residual: iterated = 6.786356e-11, true = 6.786356e-11 (requested = 1.000000e-10)
GCR: Convergence at 21 iterations, n = 1, L2 relative residual: iterated = 3.471884e-11, true = 3.471884e-11 (requested = 1.000000e-10)
GCR: Convergence at 21 iterations, n = 2, L2 relative residual: iterated = 3.955647e-11, true = 3.955647e-11 (requested = 1.000000e-10)
GCR: Convergence at 21 iterations, n = 3, L2 relative residual: iterated = 3.154190e-11, true = 3.154190e-11 (requested = 1.000000e-10)
GCR: Convergence at 21 iterations, n = 4, L2 relative residual: iterated = 2.483800e-11, true = 2.483800e-11 (requested = 1.000000e-10)
GCR: Convergence at 21 iterations, n = 5, L2 relative residual: iterated = 3.945188e-11, true = 3.945188e-11 (requested = 1.000000e-10)
GCR: Convergence at 21 iterations, n = 6, L2 relative residual: iterated = 1.989728e-11, true = 1.989728e-11 (requested = 1.000000e-10)
GCR: Convergence at 21 iterations, n = 7, L2 relative residual: iterated = 3.513360e-11, true = 3.513360e-11 (requested = 1.000000e-10)
GCR: Convergence at 21 iterations, n = 8, L2 relative residual: iterated = 2.372999e-11, true = 2.372999e-11 (requested = 1.000000e-10)
GCR: Convergence at 21 iterations, n = 9, L2 relative residual: iterated = 1.993890e-11, true = 1.993890e-11 (requested = 1.000000e-10)
GCR: Convergence at 21 iterations, n = 10, L2 relative residual: iterated = 2.174752e-11, true = 2.174752e-11 (requested = 1.000000e-10)
GCR: Convergence at 21 iterations, n = 11, L2 relative residual: iterated = 1.878805e-11, true = 1.878805e-11 (requested = 1.000000e-10)
PyQUDA INFO: Time = 1.830 secs, Performance = 14615.489 GFLOPS
GCR: Convergence at 21 iterations, n = 0, L2 relative residual: iterated = 3.372548e-11, true = 3.372548e-11 (requested = 1.000000e-10)
GCR: Convergence at 21 iterations, n = 1, L2 relative residual: iterated = 3.939626e-11, true = 3.939626e-11 (requested = 1.000000e-10)
GCR: Convergence at 21 iterations, n = 2, L2 relative residual: iterated = 3.707160e-11, true = 3.707160e-11 (requested = 1.000000e-10)
GCR: Convergence at 21 iterations, n = 3, L2 relative residual: iterated = 4.665080e-11, true = 4.665080e-11 (requested = 1.000000e-10)
GCR: Convergence at 21 iterations, n = 4, L2 relative residual: iterated = 5.494728e-11, true = 5.494728e-11 (requested = 1.000000e-10)
GCR: Convergence at 21 iterations, n = 5, L2 relative residual: iterated = 3.185339e-11, true = 3.185339e-11 (requested = 1.000000e-10)
GCR: Convergence at 21 iterations, n = 6, L2 relative residual: iterated = 2.076895e-11, true = 2.076895e-11 (requested = 1.000000e-10)
GCR: Convergence at 21 iterations, n = 7, L2 relative residual: iterated = 2.759541e-11, true = 2.759541e-11 (requested = 1.000000e-10)
GCR: Convergence at 21 iterations, n = 8, L2 relative residual: iterated = 2.787802e-11, true = 2.787802e-11 (requested = 1.000000e-10)
GCR: Convergence at 21 iterations, n = 9, L2 relative residual: iterated = 3.694338e-11, true = 3.694338e-11 (requested = 1.000000e-10)
GCR: Convergence at 21 iterations, n = 10, L2 relative residual: iterated = 2.406697e-11, true = 2.406697e-11 (requested = 1.000000e-10)
GCR: Convergence at 21 iterations, n = 11, L2 relative residual: iterated = 2.508392e-11, true = 2.508392e-11 (requested = 1.000000e-10)
PyQUDA INFO: Time = 1.864 secs, Performance = 14384.138 GFLOPS
PyQUDA INFO: INVERT 2 propagagors: 3.6960298610210884 secs
PyQUDA INFO: DOING SINK GAUSSIAN SMEARING
PyQUDA INFO: SINK GAUSSIAN SMEAR: 0.841488404024858 secs
PyQUDA INFO: GPU used 49.9 GB, cupy pool 38.3 GB, cupy live 13.4 GB
PyQUDA INFO: CONTRACT ALL: 0.9199387720145751 secs
PyQUDA INFO: UNTIL CONTRACTION: 6.573095768020721 secs
PyQUDA INFO: INNER LOOP STARTS
PyQUDA INFO: SOURCE POSITION = [np.int64(30), np.int64(14), np.int64(14), np.int64(18)]
PyQUDA INFO: DOING SRC GAUSSIAN SMEARING
PyQUDA INFO: SOURCE GAUSSIAN SMEAR: 0.8193309659836814 secs
PyQUDA INFO: RELOADING GAUGE
PyQUDA INFO: RELOADING GAUGE: 0.25387951600714587 secs
PyQUDA INFO: SOLVING DIRAC EQ
GCR: Convergence at 21 iterations, n = 0, L2 relative residual: iterated = 2.834464e-11, true = 2.834464e-11 (requested = 1.000000e-10)
GCR: Convergence at 21 iterations, n = 1, L2 relative residual: iterated = 2.807282e-11, true = 2.807282e-11 (requested = 1.000000e-10)
GCR: Convergence at 21 iterations, n = 2, L2 relative residual: iterated = 1.286199e-11, true = 1.286199e-11 (requested = 1.000000e-10)
GCR: Convergence at 21 iterations, n = 3, L2 relative residual: iterated = 1.441102e-11, true = 1.441102e-11 (requested = 1.000000e-10)
GCR: Convergence at 21 iterations, n = 4, L2 relative residual: iterated = 2.113298e-11, true = 2.113298e-11 (requested = 1.000000e-10)
GCR: Convergence at 21 iterations, n = 5, L2 relative residual: iterated = 2.117306e-11, true = 2.117306e-11 (requested = 1.000000e-10)
GCR: Convergence at 21 iterations, n = 6, L2 relative residual: iterated = 3.606105e-11, true = 3.606105e-11 (requested = 1.000000e-10)
GCR: Convergence at 21 iterations, n = 7, L2 relative residual: iterated = 3.948461e-11, true = 3.948461e-11 (requested = 1.000000e-10)
GCR: Convergence at 21 iterations, n = 8, L2 relative residual: iterated = 1.863864e-11, true = 1.863864e-11 (requested = 1.000000e-10)
GCR: Convergence at 21 iterations, n = 9, L2 relative residual: iterated = 4.177838e-11, true = 4.177838e-11 (requested = 1.000000e-10)
GCR: Convergence at 21 iterations, n = 10, L2 relative residual: iterated = 2.259220e-11, true = 2.259220e-11 (requested = 1.000000e-10)
GCR: Convergence at 21 iterations, n = 11, L2 relative residual: iterated = 3.596371e-11, true = 3.596371e-11 (requested = 1.000000e-10)
PyQUDA INFO: Time = 1.830 secs, Performance = 14646.018 GFLOPS
GCR: Convergence at 21 iterations, n = 0, L2 relative residual: iterated = 2.175865e-11, true = 2.175865e-11 (requested = 1.000000e-10)
GCR: Convergence at 21 iterations, n = 1, L2 relative residual: iterated = 2.606669e-11, true = 2.606669e-11 (requested = 1.000000e-10)
GCR: Convergence at 21 iterations, n = 2, L2 relative residual: iterated = 2.930901e-11, true = 2.930901e-11 (requested = 1.000000e-10)
GCR: Convergence at 21 iterations, n = 3, L2 relative residual: iterated = 2.380020e-11, true = 2.380020e-11 (requested = 1.000000e-10)
GCR: Convergence at 21 iterations, n = 4, L2 relative residual: iterated = 2.139633e-11, true = 2.139633e-11 (requested = 1.000000e-10)
GCR: Convergence at 21 iterations, n = 5, L2 relative residual: iterated = 4.646695e-11, true = 4.646695e-11 (requested = 1.000000e-10)
GCR: Convergence at 21 iterations, n = 6, L2 relative residual: iterated = 3.939192e-11, true = 3.939192e-11 (requested = 1.000000e-10)
GCR: Convergence at 21 iterations, n = 7, L2 relative residual: iterated = 4.624360e-11, true = 4.624360e-11 (requested = 1.000000e-10)
GCR: Convergence at 21 iterations, n = 8, L2 relative residual: iterated = 2.305563e-11, true = 2.305563e-11 (requested = 1.000000e-10)
GCR: Convergence at 21 iterations, n = 9, L2 relative residual: iterated = 3.711739e-11, true = 3.711739e-11 (requested = 1.000000e-10)
GCR: Convergence at 21 iterations, n = 10, L2 relative residual: iterated = 2.016442e-11, true = 2.016442e-11 (requested = 1.000000e-10)
GCR: Convergence at 21 iterations, n = 11, L2 relative residual: iterated = 5.457317e-11, true = 5.457317e-11 (requested = 1.000000e-10)
PyQUDA INFO: Time = 1.862 secs, Performance = 14380.174 GFLOPS
PyQUDA INFO: INVERT 2 propagagors: 3.694393954006955 secs
PyQUDA INFO: DOING SINK GAUSSIAN SMEARING
PyQUDA INFO: SINK GAUSSIAN SMEAR: 0.8390956229995936 secs
PyQUDA INFO: GPU used 49.9 GB, cupy pool 38.3 GB, cupy live 13.4 GB
PyQUDA INFO: CONTRACT ALL: 0.9207435759890359 secs
PyQUDA INFO: UNTIL CONTRACTION: 6.571503690996906 secs
PyQUDA INFO: INNER LOOP STARTS
PyQUDA INFO: SOURCE POSITION = [np.int64(14), np.int64(30), np.int64(30), np.int64(18)]
PyQUDA INFO: DOING SRC GAUSSIAN SMEARING
PyQUDA INFO: SOURCE GAUSSIAN SMEAR: 0.8156145290122367 secs
PyQUDA INFO: RELOADING GAUGE
PyQUDA INFO: RELOADING GAUGE: 0.2534671250032261 secs
PyQUDA INFO: SOLVING DIRAC EQ
GCR: Convergence at 21 iterations, n = 0, L2 relative residual: iterated = 3.173815e-11, true = 3.173815e-11 (requested = 1.000000e-10)
GCR: Convergence at 21 iterations, n = 1, L2 relative residual: iterated = 4.693969e-11, true = 4.693969e-11 (requested = 1.000000e-10)
GCR: Convergence at 21 iterations, n = 2, L2 relative residual: iterated = 2.873439e-11, true = 2.873439e-11 (requested = 1.000000e-10)
GCR: Convergence at 21 iterations, n = 3, L2 relative residual: iterated = 5.306259e-11, true = 5.306259e-11 (requested = 1.000000e-10)
GCR: Convergence at 21 iterations, n = 4, L2 relative residual: iterated = 3.460558e-11, true = 3.460558e-11 (requested = 1.000000e-10)
GCR: Convergence at 21 iterations, n = 5, L2 relative residual: iterated = 4.507681e-11, true = 4.507681e-11 (requested = 1.000000e-10)
GCR: Convergence at 21 iterations, n = 6, L2 relative residual: iterated = 4.303789e-11, true = 4.303789e-11 (requested = 1.000000e-10)
GCR: Convergence at 21 iterations, n = 7, L2 relative residual: iterated = 2.012759e-11, true = 2.012759e-11 (requested = 1.000000e-10)
GCR: Convergence at 21 iterations, n = 8, L2 relative residual: iterated = 3.217015e-11, true = 3.217015e-11 (requested = 1.000000e-10)
GCR: Convergence at 21 iterations, n = 9, L2 relative residual: iterated = 5.349389e-11, true = 5.349389e-11 (requested = 1.000000e-10)
GCR: Convergence at 21 iterations, n = 10, L2 relative residual: iterated = 2.827718e-11, true = 2.827718e-11 (requested = 1.000000e-10)
GCR: Convergence at 21 iterations, n = 11, L2 relative residual: iterated = 2.492104e-11, true = 2.492104e-11 (requested = 1.000000e-10)
PyQUDA INFO: Time = 1.828 secs, Performance = 14663.084 GFLOPS
GCR: Convergence at 21 iterations, n = 0, L2 relative residual: iterated = 5.790785e-11, true = 5.790785e-11 (requested = 1.000000e-10)
GCR: Convergence at 21 iterations, n = 1, L2 relative residual: iterated = 4.061645e-11, true = 4.061645e-11 (requested = 1.000000e-10)
GCR: Convergence at 21 iterations, n = 2, L2 relative residual: iterated = 2.087289e-11, true = 2.087289e-11 (requested = 1.000000e-10)
GCR: Convergence at 21 iterations, n = 3, L2 relative residual: iterated = 3.519832e-11, true = 3.519832e-11 (requested = 1.000000e-10)
GCR: Convergence at 21 iterations, n = 4, L2 relative residual: iterated = 2.010144e-11, true = 2.010144e-11 (requested = 1.000000e-10)
GCR: Convergence at 21 iterations, n = 5, L2 relative residual: iterated = 4.192508e-11, true = 4.192508e-11 (requested = 1.000000e-10)
GCR: Convergence at 21 iterations, n = 6, L2 relative residual: iterated = 4.060785e-11, true = 4.060785e-11 (requested = 1.000000e-10)
GCR: Convergence at 21 iterations, n = 7, L2 relative residual: iterated = 3.863144e-11, true = 3.863144e-11 (requested = 1.000000e-10)
GCR: Convergence at 21 iterations, n = 8, L2 relative residual: iterated = 3.408323e-11, true = 3.408323e-11 (requested = 1.000000e-10)
GCR: Convergence at 21 iterations, n = 9, L2 relative residual: iterated = 3.666861e-11, true = 3.666861e-11 (requested = 1.000000e-10)
GCR: Convergence at 21 iterations, n = 10, L2 relative residual: iterated = 3.208734e-11, true = 3.208734e-11 (requested = 1.000000e-10)
GCR: Convergence at 21 iterations, n = 11, L2 relative residual: iterated = 3.254052e-11, true = 3.254052e-11 (requested = 1.000000e-10)
PyQUDA INFO: Time = 1.860 secs, Performance = 14377.911 GFLOPS
PyQUDA INFO: INVERT 2 propagagors: 3.689977693982655 secs
PyQUDA INFO: DOING SINK GAUSSIAN SMEARING
PyQUDA INFO: SINK GAUSSIAN SMEAR: 0.965790846006712 secs
PyQUDA INFO: GPU used 49.9 GB, cupy pool 38.3 GB, cupy live 13.4 GB
PyQUDA INFO: CONTRACT ALL: 0.9208171560021583 secs
PyQUDA INFO: UNTIL CONTRACTION: 6.690145308006322 secs
PyQUDA INFO: INNER LOOP STARTS
PyQUDA INFO: SOURCE POSITION = [np.int64(14), np.int64(30), np.int64(14), np.int64(18)]
PyQUDA INFO: DOING SRC GAUSSIAN SMEARING
PyQUDA INFO: SOURCE GAUSSIAN SMEAR: 0.8170408949954435 secs
PyQUDA INFO: RELOADING GAUGE
PyQUDA INFO: RELOADING GAUGE: 0.2516744270105846 secs
PyQUDA INFO: SOLVING DIRAC EQ
GCR: Convergence at 21 iterations, n = 0, L2 relative residual: iterated = 2.624450e-11, true = 2.624450e-11 (requested = 1.000000e-10)
GCR: Convergence at 21 iterations, n = 1, L2 relative residual: iterated = 3.397041e-11, true = 3.397041e-11 (requested = 1.000000e-10)
GCR: Convergence at 21 iterations, n = 2, L2 relative residual: iterated = 2.265253e-11, true = 2.265253e-11 (requested = 1.000000e-10)
GCR: Convergence at 21 iterations, n = 3, L2 relative residual: iterated = 4.832739e-11, true = 4.832739e-11 (requested = 1.000000e-10)
GCR: Convergence at 21 iterations, n = 4, L2 relative residual: iterated = 2.554418e-11, true = 2.554418e-11 (requested = 1.000000e-10)
GCR: Convergence at 21 iterations, n = 5, L2 relative residual: iterated = 1.820536e-11, true = 1.820536e-11 (requested = 1.000000e-10)
GCR: Convergence at 21 iterations, n = 6, L2 relative residual: iterated = 3.135555e-11, true = 3.135555e-11 (requested = 1.000000e-10)
GCR: Convergence at 21 iterations, n = 7, L2 relative residual: iterated = 2.856962e-11, true = 2.856962e-11 (requested = 1.000000e-10)
GCR: Convergence at 21 iterations, n = 8, L2 relative residual: iterated = 2.879456e-11, true = 2.879456e-11 (requested = 1.000000e-10)
GCR: Convergence at 21 iterations, n = 9, L2 relative residual: iterated = 3.450639e-11, true = 3.450639e-11 (requested = 1.000000e-10)
GCR: Convergence at 21 iterations, n = 10, L2 relative residual: iterated = 2.847198e-11, true = 2.847198e-11 (requested = 1.000000e-10)
GCR: Convergence at 21 iterations, n = 11, L2 relative residual: iterated = 3.213063e-11, true = 3.213063e-11 (requested = 1.000000e-10)
PyQUDA INFO: Time = 1.827 secs, Performance = 14656.935 GFLOPS
GCR: Convergence at 21 iterations, n = 0, L2 relative residual: iterated = 2.142665e-11, true = 2.142665e-11 (requested = 1.000000e-10)
GCR: Convergence at 21 iterations, n = 1, L2 relative residual: iterated = 2.877919e-11, true = 2.877919e-11 (requested = 1.000000e-10)
GCR: Convergence at 21 iterations, n = 2, L2 relative residual: iterated = 4.676546e-11, true = 4.676546e-11 (requested = 1.000000e-10)
GCR: Convergence at 21 iterations, n = 3, L2 relative residual: iterated = 2.452717e-11, true = 2.452717e-11 (requested = 1.000000e-10)
GCR: Convergence at 21 iterations, n = 4, L2 relative residual: iterated = 2.231927e-11, true = 2.231927e-11 (requested = 1.000000e-10)
GCR: Convergence at 21 iterations, n = 5, L2 relative residual: iterated = 2.828929e-11, true = 2.828929e-11 (requested = 1.000000e-10)
GCR: Convergence at 21 iterations, n = 6, L2 relative residual: iterated = 4.042488e-11, true = 4.042488e-11 (requested = 1.000000e-10)
GCR: Convergence at 21 iterations, n = 7, L2 relative residual: iterated = 3.449995e-11, true = 3.449995e-11 (requested = 1.000000e-10)
GCR: Convergence at 21 iterations, n = 8, L2 relative residual: iterated = 3.067697e-11, true = 3.067697e-11 (requested = 1.000000e-10)
GCR: Convergence at 21 iterations, n = 9, L2 relative residual: iterated = 1.854459e-11, true = 1.854459e-11 (requested = 1.000000e-10)
GCR: Convergence at 21 iterations, n = 10, L2 relative residual: iterated = 3.293208e-11, true = 3.293208e-11 (requested = 1.000000e-10)
GCR: Convergence at 21 iterations, n = 11, L2 relative residual: iterated = 2.737989e-11, true = 2.737989e-11 (requested = 1.000000e-10)
PyQUDA INFO: Time = 1.860 secs, Performance = 14393.323 GFLOPS
PyQUDA INFO: INVERT 2 propagagors: 3.689326911990065 secs
PyQUDA INFO: DOING SINK GAUSSIAN SMEARING
PyQUDA INFO: SINK GAUSSIAN SMEAR: 0.8365230719791725 secs
PyQUDA INFO: GPU used 49.9 GB, cupy pool 38.3 GB, cupy live 13.4 GB
PyQUDA INFO: CONTRACT ALL: 0.9187805970141198 secs
PyQUDA INFO: UNTIL CONTRACTION: 6.557584299996961 secs
PyQUDA INFO: INNER LOOP STARTS
PyQUDA INFO: SOURCE POSITION = [np.int64(14), np.int64(14), np.int64(30), np.int64(18)]
PyQUDA INFO: DOING SRC GAUSSIAN SMEARING
PyQUDA INFO: SOURCE GAUSSIAN SMEAR: 0.8182703710044734 secs
PyQUDA INFO: RELOADING GAUGE
PyQUDA INFO: RELOADING GAUGE: 0.2632649080187548 secs
PyQUDA INFO: SOLVING DIRAC EQ
GCR: Convergence at 21 iterations, n = 0, L2 relative residual: iterated = 3.425808e-11, true = 3.425808e-11 (requested = 1.000000e-10)
GCR: Convergence at 21 iterations, n = 1, L2 relative residual: iterated = 1.975209e-11, true = 1.975209e-11 (requested = 1.000000e-10)
GCR: Convergence at 21 iterations, n = 2, L2 relative residual: iterated = 3.414290e-11, true = 3.414290e-11 (requested = 1.000000e-10)
GCR: Convergence at 21 iterations, n = 3, L2 relative residual: iterated = 3.122825e-11, true = 3.122825e-11 (requested = 1.000000e-10)
GCR: Convergence at 21 iterations, n = 4, L2 relative residual: iterated = 2.939385e-11, true = 2.939385e-11 (requested = 1.000000e-10)
GCR: Convergence at 21 iterations, n = 5, L2 relative residual: iterated = 3.839733e-11, true = 3.839733e-11 (requested = 1.000000e-10)
GCR: Convergence at 21 iterations, n = 6, L2 relative residual: iterated = 2.990391e-11, true = 2.990391e-11 (requested = 1.000000e-10)
GCR: Convergence at 21 iterations, n = 7, L2 relative residual: iterated = 2.638986e-11, true = 2.638986e-11 (requested = 1.000000e-10)
GCR: Convergence at 21 iterations, n = 8, L2 relative residual: iterated = 2.230533e-11, true = 2.230533e-11 (requested = 1.000000e-10)
GCR: Convergence at 21 iterations, n = 9, L2 relative residual: iterated = 3.066813e-11, true = 3.066813e-11 (requested = 1.000000e-10)
GCR: Convergence at 21 iterations, n = 10, L2 relative residual: iterated = 2.056145e-11, true = 2.056145e-11 (requested = 1.000000e-10)
GCR: Convergence at 21 iterations, n = 11, L2 relative residual: iterated = 3.062588e-11, true = 3.062588e-11 (requested = 1.000000e-10)
PyQUDA INFO: Time = 1.828 secs, Performance = 14653.551 GFLOPS
GCR: Convergence at 20 iterations, n = 0, L2 relative residual: iterated = 8.230851e-11, true = 8.230851e-11 (requested = 1.000000e-10)
GCR: Convergence at 20 iterations, n = 1, L2 relative residual: iterated = 7.543576e-11, true = 7.543576e-11 (requested = 1.000000e-10)
GCR: Convergence at 20 iterations, n = 2, L2 relative residual: iterated = 5.142318e-11, true = 5.142318e-11 (requested = 1.000000e-10)
GCR: Convergence at 20 iterations, n = 3, L2 relative residual: iterated = 6.033730e-11, true = 6.033730e-11 (requested = 1.000000e-10)
GCR: Convergence at 20 iterations, n = 4, L2 relative residual: iterated = 8.831364e-11, true = 8.831364e-11 (requested = 1.000000e-10)
GCR: Convergence at 20 iterations, n = 5, L2 relative residual: iterated = 7.083776e-11, true = 7.083776e-11 (requested = 1.000000e-10)
GCR: Convergence at 20 iterations, n = 6, L2 relative residual: iterated = 5.947356e-11, true = 5.947356e-11 (requested = 1.000000e-10)
GCR: Convergence at 20 iterations, n = 7, L2 relative residual: iterated = 7.906822e-11, true = 7.906822e-11 (requested = 1.000000e-10)
GCR: Convergence at 20 iterations, n = 8, L2 relative residual: iterated = 4.825135e-11, true = 4.825135e-11 (requested = 1.000000e-10)
GCR: Convergence at 20 iterations, n = 9, L2 relative residual: iterated = 6.683913e-11, true = 6.683913e-11 (requested = 1.000000e-10)
GCR: Convergence at 20 iterations, n = 10, L2 relative residual: iterated = 7.100211e-11, true = 7.100211e-11 (requested = 1.000000e-10)
GCR: Convergence at 20 iterations, n = 11, L2 relative residual: iterated = 7.054391e-11, true = 7.054391e-11 (requested = 1.000000e-10)
PyQUDA INFO: Time = 1.789 secs, Performance = 14240.738 GFLOPS
PyQUDA INFO: INVERT 2 propagagors: 3.6190719500009436 secs
PyQUDA INFO: DOING SINK GAUSSIAN SMEARING
PyQUDA INFO: SINK GAUSSIAN SMEAR: 0.9686323890055064 secs
PyQUDA INFO: GPU used 49.9 GB, cupy pool 38.3 GB, cupy live 13.4 GB
PyQUDA INFO: CONTRACT ALL: 0.9200325830024667 secs
PyQUDA INFO: UNTIL CONTRACTION: 6.6324360520229675 secs
PyQUDA INFO: INNER LOOP STARTS
PyQUDA INFO: SOURCE POSITION = [np.int64(14), np.int64(14), np.int64(14), np.int64(18)]
PyQUDA INFO: DOING SRC GAUSSIAN SMEARING
PyQUDA INFO: SOURCE GAUSSIAN SMEAR: 0.8203271910024341 secs
PyQUDA INFO: RELOADING GAUGE
PyQUDA INFO: RELOADING GAUGE: 0.2617195220082067 secs
PyQUDA INFO: SOLVING DIRAC EQ
GCR: Convergence at 21 iterations, n = 0, L2 relative residual: iterated = 2.949197e-11, true = 2.949197e-11 (requested = 1.000000e-10)
GCR: Convergence at 21 iterations, n = 1, L2 relative residual: iterated = 3.979146e-11, true = 3.979146e-11 (requested = 1.000000e-10)
GCR: Convergence at 21 iterations, n = 2, L2 relative residual: iterated = 3.613616e-11, true = 3.613616e-11 (requested = 1.000000e-10)
GCR: Convergence at 21 iterations, n = 3, L2 relative residual: iterated = 2.346209e-11, true = 2.346209e-11 (requested = 1.000000e-10)
GCR: Convergence at 21 iterations, n = 4, L2 relative residual: iterated = 4.180378e-11, true = 4.180378e-11 (requested = 1.000000e-10)
GCR: Convergence at 21 iterations, n = 5, L2 relative residual: iterated = 3.748021e-11, true = 3.748021e-11 (requested = 1.000000e-10)
GCR: Convergence at 21 iterations, n = 6, L2 relative residual: iterated = 3.150955e-11, true = 3.150955e-11 (requested = 1.000000e-10)
GCR: Convergence at 21 iterations, n = 7, L2 relative residual: iterated = 2.500175e-11, true = 2.500175e-11 (requested = 1.000000e-10)
GCR: Convergence at 21 iterations, n = 8, L2 relative residual: iterated = 2.143134e-11, true = 2.143134e-11 (requested = 1.000000e-10)
GCR: Convergence at 21 iterations, n = 9, L2 relative residual: iterated = 2.765493e-11, true = 2.765493e-11 (requested = 1.000000e-10)
GCR: Convergence at 21 iterations, n = 10, L2 relative residual: iterated = 2.824252e-11, true = 2.824252e-11 (requested = 1.000000e-10)
GCR: Convergence at 21 iterations, n = 11, L2 relative residual: iterated = 2.429436e-11, true = 2.429436e-11 (requested = 1.000000e-10)
PyQUDA INFO: Time = 1.828 secs, Performance = 14668.555 GFLOPS
GCR: Convergence at 21 iterations, n = 0, L2 relative residual: iterated = 4.617449e-11, true = 4.617449e-11 (requested = 1.000000e-10)
GCR: Convergence at 21 iterations, n = 1, L2 relative residual: iterated = 3.202811e-11, true = 3.202811e-11 (requested = 1.000000e-10)
GCR: Convergence at 21 iterations, n = 2, L2 relative residual: iterated = 1.907048e-11, true = 1.907048e-11 (requested = 1.000000e-10)
GCR: Convergence at 21 iterations, n = 3, L2 relative residual: iterated = 1.884769e-11, true = 1.884769e-11 (requested = 1.000000e-10)
GCR: Convergence at 21 iterations, n = 4, L2 relative residual: iterated = 2.881054e-11, true = 2.881054e-11 (requested = 1.000000e-10)
GCR: Convergence at 21 iterations, n = 5, L2 relative residual: iterated = 3.712956e-11, true = 3.712956e-11 (requested = 1.000000e-10)
GCR: Convergence at 21 iterations, n = 6, L2 relative residual: iterated = 2.762976e-11, true = 2.762976e-11 (requested = 1.000000e-10)
GCR: Convergence at 21 iterations, n = 7, L2 relative residual: iterated = 3.497198e-11, true = 3.497198e-11 (requested = 1.000000e-10)
GCR: Convergence at 21 iterations, n = 8, L2 relative residual: iterated = 1.697647e-11, true = 1.697647e-11 (requested = 1.000000e-10)
GCR: Convergence at 21 iterations, n = 9, L2 relative residual: iterated = 1.815013e-11, true = 1.815013e-11 (requested = 1.000000e-10)
GCR: Convergence at 21 iterations, n = 10, L2 relative residual: iterated = 2.167557e-11, true = 2.167557e-11 (requested = 1.000000e-10)
GCR: Convergence at 21 iterations, n = 11, L2 relative residual: iterated = 1.934228e-11, true = 1.934228e-11 (requested = 1.000000e-10)
PyQUDA INFO: Time = 1.862 secs, Performance = 14378.203 GFLOPS
PyQUDA INFO: INVERT 2 propagagors: 3.6923371650045738 secs
PyQUDA INFO: DOING SINK GAUSSIAN SMEARING
PyQUDA INFO: SINK GAUSSIAN SMEAR: 0.9694604619871825 secs
PyQUDA INFO: GPU used 49.9 GB, cupy pool 38.3 GB, cupy live 13.4 GB
PyQUDA INFO: CONTRACT ALL: 0.920507873990573 secs
PyQUDA INFO: UNTIL CONTRACTION: 6.708978162001586 secs
PyQUDA INFO: SAVING SECTION:4.758719976991415 secs
PyQUDA INFO: END CFG #264: GPU used 49.9 GB, cupy pool 38.3 GB, cupy live 13.4 GB
PyQUDA INFO: READ GAUGE #294: 3.428092023008503 secs
PyQUDA INFO: DOING HYP SMEARING
PyQUDA INFO: plaq_hyp_before = [0.5839565542467626, 0.583973556815269, 0.5839395516782564]
performGaugeSmearQuda: step 000 plaquette (mean 5.8395655424676263e-01, spatial 5.8397355681526897e-01 temporal 5.8393955167825640e-01) Q charge = -3.7828256938387930e+00
PyQUDA INFO: plaq_hyp_after = [0.9461087577617929, 0.9461124856043958, 0.9461050299191901]
PyQUDA INFO: HYP SMEAR: 0.6229380650038365 secs
PyQUDA INFO: DOING APE SMEARING
PyQUDA INFO: plaq_ape_before = [0.5839565542467626, 0.583973556815269, 0.5839395516782564]
performGaugeSmearQuda: step 000 plaquette (mean 5.8395655424676263e-01, spatial 5.8397355681526897e-01 temporal 5.8393955167825640e-01) Q charge = -3.7828256938387930e+00
PyQUDA INFO: plaq_ape_after = [0.8194447864106424, 0.9988487719172418, 0.640040800904043]
PyQUDA INFO: APE SMEAR: 0.7043240949860774 secs
PyQUDA INFO: INNER LOOP STARTS
PyQUDA INFO: SOURCE POSITION = [np.int64(13), np.int64(13), np.int64(13), np.int64(75)]
PyQUDA INFO: DOING SRC GAUSSIAN SMEARING
PyQUDA INFO: SOURCE GAUSSIAN SMEAR: 0.8240696160064545 secs
PyQUDA INFO: RELOADING GAUGE
PyQUDA INFO: RELOADING GAUGE: 0.26086307800142094 secs
PyQUDA INFO: SOLVING DIRAC EQ
GCR: Convergence at 21 iterations, n = 0, L2 relative residual: iterated = 2.391224e-11, true = 2.391224e-11 (requested = 1.000000e-10)
GCR: Convergence at 21 iterations, n = 1, L2 relative residual: iterated = 4.954470e-11, true = 4.954470e-11 (requested = 1.000000e-10)
GCR: Convergence at 21 iterations, n = 2, L2 relative residual: iterated = 2.956948e-11, true = 2.956948e-11 (requested = 1.000000e-10)
GCR: Convergence at 21 iterations, n = 3, L2 relative residual: iterated = 3.905147e-11, true = 3.905147e-11 (requested = 1.000000e-10)
GCR: Convergence at 21 iterations, n = 4, L2 relative residual: iterated = 1.817849e-11, true = 1.817849e-11 (requested = 1.000000e-10)
GCR: Convergence at 21 iterations, n = 5, L2 relative residual: iterated = 2.688475e-11, true = 2.688475e-11 (requested = 1.000000e-10)
GCR: Convergence at 21 iterations, n = 6, L2 relative residual: iterated = 2.137394e-11, true = 2.137394e-11 (requested = 1.000000e-10)
GCR: Convergence at 21 iterations, n = 7, L2 relative residual: iterated = 3.334314e-11, true = 3.334314e-11 (requested = 1.000000e-10)
GCR: Convergence at 21 iterations, n = 8, L2 relative residual: iterated = 2.925037e-11, true = 2.925037e-11 (requested = 1.000000e-10)
GCR: Convergence at 21 iterations, n = 9, L2 relative residual: iterated = 3.017890e-11, true = 3.017890e-11 (requested = 1.000000e-10)
GCR: Convergence at 21 iterations, n = 10, L2 relative residual: iterated = 2.162532e-11, true = 2.162532e-11 (requested = 1.000000e-10)
GCR: Convergence at 21 iterations, n = 11, L2 relative residual: iterated = 2.373434e-11, true = 2.373434e-11 (requested = 1.000000e-10)
PyQUDA INFO: Time = 1.955 secs, Performance = 13723.803 GFLOPS
GCR: Convergence at 21 iterations, n = 0, L2 relative residual: iterated = 3.948786e-11, true = 3.948786e-11 (requested = 1.000000e-10)
GCR: Convergence at 21 iterations, n = 1, L2 relative residual: iterated = 3.109677e-11, true = 3.109677e-11 (requested = 1.000000e-10)
GCR: Convergence at 21 iterations, n = 2, L2 relative residual: iterated = 4.005286e-11, true = 4.005286e-11 (requested = 1.000000e-10)
GCR: Convergence at 21 iterations, n = 3, L2 relative residual: iterated = 3.259927e-11, true = 3.259927e-11 (requested = 1.000000e-10)
GCR: Convergence at 21 iterations, n = 4, L2 relative residual: iterated = 3.037723e-11, true = 3.037723e-11 (requested = 1.000000e-10)
GCR: Convergence at 21 iterations, n = 5, L2 relative residual: iterated = 4.725318e-11, true = 4.725318e-11 (requested = 1.000000e-10)
GCR: Convergence at 21 iterations, n = 6, L2 relative residual: iterated = 2.073712e-11, true = 2.073712e-11 (requested = 1.000000e-10)
GCR: Convergence at 21 iterations, n = 7, L2 relative residual: iterated = 2.763483e-11, true = 2.763483e-11 (requested = 1.000000e-10)
GCR: Convergence at 21 iterations, n = 8, L2 relative residual: iterated = 3.160995e-11, true = 3.160995e-11 (requested = 1.000000e-10)
GCR: Convergence at 21 iterations, n = 9, L2 relative residual: iterated = 4.139441e-11, true = 4.139441e-11 (requested = 1.000000e-10)
GCR: Convergence at 21 iterations, n = 10, L2 relative residual: iterated = 3.041173e-11, true = 3.041173e-11 (requested = 1.000000e-10)
GCR: Convergence at 21 iterations, n = 11, L2 relative residual: iterated = 3.035482e-11, true = 3.035482e-11 (requested = 1.000000e-10)
PyQUDA INFO: Time = 1.863 secs, Performance = 14357.058 GFLOPS
PyQUDA INFO: INVERT 2 propagagors: 3.8206095740024466 secs
PyQUDA INFO: DOING SINK GAUSSIAN SMEARING
PyQUDA INFO: SINK GAUSSIAN SMEAR: 0.964644711028086 secs
PyQUDA INFO: GPU used 49.9 GB, cupy pool 38.3 GB, cupy live 13.4 GB
PyQUDA INFO: CONTRACT ALL: 0.9210596269986127 secs
PyQUDA INFO: UNTIL CONTRACTION: 6.83686197901261 secs
PyQUDA INFO: INNER LOOP STARTS
PyQUDA INFO: SOURCE POSITION = [np.int64(13), np.int64(13), np.int64(29), np.int64(75)]
PyQUDA INFO: DOING SRC GAUSSIAN SMEARING
PyQUDA INFO: SOURCE GAUSSIAN SMEAR: 0.8191494149796199 secs
PyQUDA INFO: RELOADING GAUGE
PyQUDA INFO: RELOADING GAUGE: 0.2606965470185969 secs
PyQUDA INFO: SOLVING DIRAC EQ
GCR: Convergence at 20 iterations, n = 0, L2 relative residual: iterated = 7.518356e-11, true = 7.518356e-11 (requested = 1.000000e-10)
GCR: Convergence at 20 iterations, n = 1, L2 relative residual: iterated = 7.173542e-11, true = 7.173542e-11 (requested = 1.000000e-10)
GCR: Convergence at 20 iterations, n = 2, L2 relative residual: iterated = 8.352100e-11, true = 8.352100e-11 (requested = 1.000000e-10)
GCR: Convergence at 20 iterations, n = 3, L2 relative residual: iterated = 7.064144e-11, true = 7.064144e-11 (requested = 1.000000e-10)
GCR: Convergence at 20 iterations, n = 4, L2 relative residual: iterated = 9.955707e-11, true = 9.955707e-11 (requested = 1.000000e-10)
GCR: Convergence at 20 iterations, n = 5, L2 relative residual: iterated = 7.235853e-11, true = 7.235853e-11 (requested = 1.000000e-10)
GCR: Convergence at 20 iterations, n = 6, L2 relative residual: iterated = 4.647220e-11, true = 4.647220e-11 (requested = 1.000000e-10)
GCR: Convergence at 20 iterations, n = 7, L2 relative residual: iterated = 7.962355e-11, true = 7.962355e-11 (requested = 1.000000e-10)
GCR: Convergence at 20 iterations, n = 8, L2 relative residual: iterated = 6.107867e-11, true = 6.107867e-11 (requested = 1.000000e-10)
GCR: Convergence at 20 iterations, n = 9, L2 relative residual: iterated = 8.383314e-11, true = 8.383314e-11 (requested = 1.000000e-10)
GCR: Convergence at 20 iterations, n = 10, L2 relative residual: iterated = 5.342365e-11, true = 5.342365e-11 (requested = 1.000000e-10)
GCR: Convergence at 20 iterations, n = 11, L2 relative residual: iterated = 8.866971e-11, true = 8.866971e-11 (requested = 1.000000e-10)
PyQUDA INFO: Time = 1.753 secs, Performance = 14537.656 GFLOPS
GCR: Convergence at 20 iterations, n = 0, L2 relative residual: iterated = 9.635952e-11, true = 9.635952e-11 (requested = 1.000000e-10)
GCR: Convergence at 20 iterations, n = 1, L2 relative residual: iterated = 8.353647e-11, true = 8.353647e-11 (requested = 1.000000e-10)
GCR: Convergence at 20 iterations, n = 2, L2 relative residual: iterated = 6.997260e-11, true = 6.997260e-11 (requested = 1.000000e-10)
GCR: Convergence at 20 iterations, n = 3, L2 relative residual: iterated = 6.388893e-11, true = 6.388893e-11 (requested = 1.000000e-10)
GCR: Convergence at 20 iterations, n = 4, L2 relative residual: iterated = 5.928175e-11, true = 5.928175e-11 (requested = 1.000000e-10)
GCR: Convergence at 20 iterations, n = 5, L2 relative residual: iterated = 7.714755e-11, true = 7.714755e-11 (requested = 1.000000e-10)
GCR: Convergence at 20 iterations, n = 6, L2 relative residual: iterated = 7.674611e-11, true = 7.674611e-11 (requested = 1.000000e-10)
GCR: Convergence at 20 iterations, n = 7, L2 relative residual: iterated = 8.011127e-11, true = 8.011127e-11 (requested = 1.000000e-10)
GCR: Convergence at 20 iterations, n = 8, L2 relative residual: iterated = 7.685351e-11, true = 7.685351e-11 (requested = 1.000000e-10)
GCR: Convergence at 20 iterations, n = 9, L2 relative residual: iterated = 8.743841e-11, true = 8.743841e-11 (requested = 1.000000e-10)
GCR: Convergence at 20 iterations, n = 10, L2 relative residual: iterated = 4.329906e-11, true = 4.329906e-11 (requested = 1.000000e-10)
GCR: Convergence at 20 iterations, n = 11, L2 relative residual: iterated = 5.827860e-11, true = 5.827860e-11 (requested = 1.000000e-10)
PyQUDA INFO: Time = 1.783 secs, Performance = 14292.865 GFLOPS
PyQUDA INFO: INVERT 2 propagagors: 3.5371236260107253 secs
PyQUDA INFO: DOING SINK GAUSSIAN SMEARING
PyQUDA INFO: SINK GAUSSIAN SMEAR: 0.9660380969871767 secs
PyQUDA INFO: GPU used 49.9 GB, cupy pool 38.3 GB, cupy live 13.4 GB
PyQUDA INFO: CONTRACT ALL: 0.920700996008236 secs
PyQUDA INFO: UNTIL CONTRACTION: 6.547899825993227 secs
PyQUDA INFO: INNER LOOP STARTS
PyQUDA INFO: SOURCE POSITION = [np.int64(13), np.int64(29), np.int64(13), np.int64(75)]
PyQUDA INFO: DOING SRC GAUSSIAN SMEARING
PyQUDA INFO: SOURCE GAUSSIAN SMEAR: 0.8130554479721468 secs
PyQUDA INFO: RELOADING GAUGE
PyQUDA INFO: RELOADING GAUGE: 0.2594563919992652 secs
PyQUDA INFO: SOLVING DIRAC EQ
GCR: Convergence at 21 iterations, n = 0, L2 relative residual: iterated = 2.018457e-11, true = 2.018457e-11 (requested = 1.000000e-10)
GCR: Convergence at 21 iterations, n = 1, L2 relative residual: iterated = 4.405899e-11, true = 4.405899e-11 (requested = 1.000000e-10)
GCR: Convergence at 21 iterations, n = 2, L2 relative residual: iterated = 4.516236e-11, true = 4.516236e-11 (requested = 1.000000e-10)
GCR: Convergence at 21 iterations, n = 3, L2 relative residual: iterated = 4.217503e-11, true = 4.217503e-11 (requested = 1.000000e-10)
GCR: Convergence at 21 iterations, n = 4, L2 relative residual: iterated = 2.845649e-11, true = 2.845649e-11 (requested = 1.000000e-10)
GCR: Convergence at 21 iterations, n = 5, L2 relative residual: iterated = 3.559105e-11, true = 3.559105e-11 (requested = 1.000000e-10)
GCR: Convergence at 21 iterations, n = 6, L2 relative residual: iterated = 2.740589e-11, true = 2.740589e-11 (requested = 1.000000e-10)
GCR: Convergence at 21 iterations, n = 7, L2 relative residual: iterated = 4.655491e-11, true = 4.655491e-11 (requested = 1.000000e-10)
GCR: Convergence at 21 iterations, n = 8, L2 relative residual: iterated = 2.601957e-11, true = 2.601957e-11 (requested = 1.000000e-10)
GCR: Convergence at 21 iterations, n = 9, L2 relative residual: iterated = 3.562343e-11, true = 3.562343e-11 (requested = 1.000000e-10)
GCR: Convergence at 21 iterations, n = 10, L2 relative residual: iterated = 3.290471e-11, true = 3.290471e-11 (requested = 1.000000e-10)
GCR: Convergence at 21 iterations, n = 11, L2 relative residual: iterated = 4.923641e-11, true = 4.923641e-11 (requested = 1.000000e-10)
PyQUDA INFO: Time = 1.829 secs, Performance = 14650.178 GFLOPS
GCR: Convergence at 21 iterations, n = 0, L2 relative residual: iterated = 2.329626e-11, true = 2.329626e-11 (requested = 1.000000e-10)
GCR: Convergence at 21 iterations, n = 1, L2 relative residual: iterated = 2.148070e-11, true = 2.148070e-11 (requested = 1.000000e-10)
GCR: Convergence at 21 iterations, n = 2, L2 relative residual: iterated = 3.443133e-11, true = 3.443133e-11 (requested = 1.000000e-10)
GCR: Convergence at 21 iterations, n = 3, L2 relative residual: iterated = 4.240929e-11, true = 4.240929e-11 (requested = 1.000000e-10)
GCR: Convergence at 21 iterations, n = 4, L2 relative residual: iterated = 2.152546e-11, true = 2.152546e-11 (requested = 1.000000e-10)
GCR: Convergence at 21 iterations, n = 5, L2 relative residual: iterated = 3.065170e-11, true = 3.065170e-11 (requested = 1.000000e-10)
GCR: Convergence at 21 iterations, n = 6, L2 relative residual: iterated = 1.869682e-11, true = 1.869682e-11 (requested = 1.000000e-10)
GCR: Convergence at 21 iterations, n = 7, L2 relative residual: iterated = 3.331722e-11, true = 3.331722e-11 (requested = 1.000000e-10)
GCR: Convergence at 21 iterations, n = 8, L2 relative residual: iterated = 2.423712e-11, true = 2.423712e-11 (requested = 1.000000e-10)
GCR: Convergence at 21 iterations, n = 9, L2 relative residual: iterated = 3.193590e-11, true = 3.193590e-11 (requested = 1.000000e-10)
GCR: Convergence at 21 iterations, n = 10, L2 relative residual: iterated = 2.344300e-11, true = 2.344300e-11 (requested = 1.000000e-10)
GCR: Convergence at 21 iterations, n = 11, L2 relative residual: iterated = 2.623255e-11, true = 2.623255e-11 (requested = 1.000000e-10)
PyQUDA INFO: Time = 1.871 secs, Performance = 14340.578 GFLOPS
PyQUDA INFO: INVERT 2 propagagors: 3.7021965839958284 secs
PyQUDA INFO: DOING SINK GAUSSIAN SMEARING
PyQUDA INFO: SINK GAUSSIAN SMEAR: 0.968131215980975 secs
PyQUDA INFO: GPU used 49.9 GB, cupy pool 38.3 GB, cupy live 13.4 GB
PyQUDA INFO: CONTRACT ALL: 0.9211307619989384 secs
PyQUDA INFO: UNTIL CONTRACTION: 6.708415609988151 secs
PyQUDA INFO: INNER LOOP STARTS
PyQUDA INFO: SOURCE POSITION = [np.int64(13), np.int64(29), np.int64(29), np.int64(75)]
PyQUDA INFO: DOING SRC GAUSSIAN SMEARING
PyQUDA INFO: SOURCE GAUSSIAN SMEAR: 0.8156590059807058 secs
PyQUDA INFO: RELOADING GAUGE
PyQUDA INFO: RELOADING GAUGE: 0.265753729006974 secs
PyQUDA INFO: SOLVING DIRAC EQ
GCR: Convergence at 21 iterations, n = 0, L2 relative residual: iterated = 2.707841e-11, true = 2.707841e-11 (requested = 1.000000e-10)
GCR: Convergence at 21 iterations, n = 1, L2 relative residual: iterated = 2.067061e-11, true = 2.067061e-11 (requested = 1.000000e-10)
GCR: Convergence at 21 iterations, n = 2, L2 relative residual: iterated = 2.536809e-11, true = 2.536809e-11 (requested = 1.000000e-10)
GCR: Convergence at 21 iterations, n = 3, L2 relative residual: iterated = 2.333857e-11, true = 2.333857e-11 (requested = 1.000000e-10)
GCR: Convergence at 21 iterations, n = 4, L2 relative residual: iterated = 2.550754e-11, true = 2.550754e-11 (requested = 1.000000e-10)
GCR: Convergence at 21 iterations, n = 5, L2 relative residual: iterated = 2.462562e-11, true = 2.462562e-11 (requested = 1.000000e-10)
GCR: Convergence at 21 iterations, n = 6, L2 relative residual: iterated = 3.576602e-11, true = 3.576602e-11 (requested = 1.000000e-10)
GCR: Convergence at 21 iterations, n = 7, L2 relative residual: iterated = 4.588859e-11, true = 4.588859e-11 (requested = 1.000000e-10)
GCR: Convergence at 21 iterations, n = 8, L2 relative residual: iterated = 2.904611e-11, true = 2.904611e-11 (requested = 1.000000e-10)
GCR: Convergence at 21 iterations, n = 9, L2 relative residual: iterated = 2.137885e-11, true = 2.137885e-11 (requested = 1.000000e-10)
GCR: Convergence at 21 iterations, n = 10, L2 relative residual: iterated = 1.949895e-11, true = 1.949895e-11 (requested = 1.000000e-10)
GCR: Convergence at 21 iterations, n = 11, L2 relative residual: iterated = 2.897849e-11, true = 2.897849e-11 (requested = 1.000000e-10)
PyQUDA INFO: Time = 1.832 secs, Performance = 14637.310 GFLOPS
GCR: Convergence at 21 iterations, n = 0, L2 relative residual: iterated = 2.693889e-11, true = 2.693889e-11 (requested = 1.000000e-10)
GCR: Convergence at 21 iterations, n = 1, L2 relative residual: iterated = 3.237678e-11, true = 3.237678e-11 (requested = 1.000000e-10)
GCR: Convergence at 21 iterations, n = 2, L2 relative residual: iterated = 2.366822e-11, true = 2.366822e-11 (requested = 1.000000e-10)
GCR: Convergence at 21 iterations, n = 3, L2 relative residual: iterated = 2.429548e-11, true = 2.429548e-11 (requested = 1.000000e-10)
GCR: Convergence at 21 iterations, n = 4, L2 relative residual: iterated = 4.540697e-11, true = 4.540697e-11 (requested = 1.000000e-10)
GCR: Convergence at 21 iterations, n = 5, L2 relative residual: iterated = 3.045042e-11, true = 3.045042e-11 (requested = 1.000000e-10)
GCR: Convergence at 21 iterations, n = 6, L2 relative residual: iterated = 4.206143e-11, true = 4.206143e-11 (requested = 1.000000e-10)
GCR: Convergence at 21 iterations, n = 7, L2 relative residual: iterated = 3.813713e-11, true = 3.813713e-11 (requested = 1.000000e-10)
GCR: Convergence at 21 iterations, n = 8, L2 relative residual: iterated = 3.503413e-11, true = 3.503413e-11 (requested = 1.000000e-10)
GCR: Convergence at 21 iterations, n = 9, L2 relative residual: iterated = 3.631658e-11, true = 3.631658e-11 (requested = 1.000000e-10)
GCR: Convergence at 21 iterations, n = 10, L2 relative residual: iterated = 3.913667e-11, true = 3.913667e-11 (requested = 1.000000e-10)
GCR: Convergence at 21 iterations, n = 11, L2 relative residual: iterated = 2.805955e-11, true = 2.805955e-11 (requested = 1.000000e-10)
PyQUDA INFO: Time = 1.871 secs, Performance = 14326.080 GFLOPS
PyQUDA INFO: INVERT 2 propagagors: 3.7043129639932886 secs
PyQUDA INFO: DOING SINK GAUSSIAN SMEARING
PyQUDA INFO: SINK GAUSSIAN SMEAR: 0.9569883609947283 secs
PyQUDA INFO: GPU used 49.9 GB, cupy pool 38.3 GB, cupy live 13.4 GB
PyQUDA INFO: CONTRACT ALL: 0.9207082639914006 secs
PyQUDA INFO: UNTIL CONTRACTION: 6.707668112998363 secs
PyQUDA INFO: INNER LOOP STARTS
PyQUDA INFO: SOURCE POSITION = [np.int64(29), np.int64(13), np.int64(13), np.int64(75)]
PyQUDA INFO: DOING SRC GAUSSIAN SMEARING
PyQUDA INFO: SOURCE GAUSSIAN SMEAR: 0.8170131570077501 secs
PyQUDA INFO: RELOADING GAUGE
PyQUDA INFO: RELOADING GAUGE: 0.2586321319977287 secs
PyQUDA INFO: SOLVING DIRAC EQ
GCR: Convergence at 21 iterations, n = 0, L2 relative residual: iterated = 3.876457e-11, true = 3.876457e-11 (requested = 1.000000e-10)
GCR: Convergence at 21 iterations, n = 1, L2 relative residual: iterated = 3.334296e-11, true = 3.334296e-11 (requested = 1.000000e-10)
GCR: Convergence at 21 iterations, n = 2, L2 relative residual: iterated = 2.857844e-11, true = 2.857844e-11 (requested = 1.000000e-10)
GCR: Convergence at 21 iterations, n = 3, L2 relative residual: iterated = 2.697924e-11, true = 2.697924e-11 (requested = 1.000000e-10)
GCR: Convergence at 21 iterations, n = 4, L2 relative residual: iterated = 2.583068e-11, true = 2.583068e-11 (requested = 1.000000e-10)
GCR: Convergence at 21 iterations, n = 5, L2 relative residual: iterated = 2.636305e-11, true = 2.636305e-11 (requested = 1.000000e-10)
GCR: Convergence at 21 iterations, n = 6, L2 relative residual: iterated = 8.790952e-12, true = 8.790952e-12 (requested = 1.000000e-10)
GCR: Convergence at 21 iterations, n = 7, L2 relative residual: iterated = 2.966244e-11, true = 2.966244e-11 (requested = 1.000000e-10)
GCR: Convergence at 21 iterations, n = 8, L2 relative residual: iterated = 2.030544e-11, true = 2.030544e-11 (requested = 1.000000e-10)
GCR: Convergence at 21 iterations, n = 9, L2 relative residual: iterated = 1.408973e-11, true = 1.408973e-11 (requested = 1.000000e-10)
GCR: Convergence at 21 iterations, n = 10, L2 relative residual: iterated = 1.620484e-11, true = 1.620484e-11 (requested = 1.000000e-10)
GCR: Convergence at 21 iterations, n = 11, L2 relative residual: iterated = 2.027249e-11, true = 2.027249e-11 (requested = 1.000000e-10)
PyQUDA INFO: Time = 1.837 secs, Performance = 14574.914 GFLOPS
GCR: Convergence at 21 iterations, n = 0, L2 relative residual: iterated = 4.999908e-11, true = 4.999908e-11 (requested = 1.000000e-10)
GCR: Convergence at 21 iterations, n = 1, L2 relative residual: iterated = 3.187903e-11, true = 3.187903e-11 (requested = 1.000000e-10)
GCR: Convergence at 21 iterations, n = 2, L2 relative residual: iterated = 3.471691e-11, true = 3.471691e-11 (requested = 1.000000e-10)
GCR: Convergence at 21 iterations, n = 3, L2 relative residual: iterated = 4.645235e-11, true = 4.645235e-11 (requested = 1.000000e-10)
GCR: Convergence at 21 iterations, n = 4, L2 relative residual: iterated = 4.966948e-11, true = 4.966948e-11 (requested = 1.000000e-10)
GCR: Convergence at 21 iterations, n = 5, L2 relative residual: iterated = 3.227940e-11, true = 3.227940e-11 (requested = 1.000000e-10)
GCR: Convergence at 21 iterations, n = 6, L2 relative residual: iterated = 1.627657e-11, true = 1.627657e-11 (requested = 1.000000e-10)
GCR: Convergence at 21 iterations, n = 7, L2 relative residual: iterated = 2.124001e-11, true = 2.124001e-11 (requested = 1.000000e-10)
GCR: Convergence at 21 iterations, n = 8, L2 relative residual: iterated = 2.060257e-11, true = 2.060257e-11 (requested = 1.000000e-10)
GCR: Convergence at 21 iterations, n = 9, L2 relative residual: iterated = 3.248301e-11, true = 3.248301e-11 (requested = 1.000000e-10)
GCR: Convergence at 21 iterations, n = 10, L2 relative residual: iterated = 2.250403e-11, true = 2.250403e-11 (requested = 1.000000e-10)
GCR: Convergence at 21 iterations, n = 11, L2 relative residual: iterated = 1.966163e-11, true = 1.966163e-11 (requested = 1.000000e-10)
PyQUDA INFO: Time = 1.871 secs, Performance = 14295.740 GFLOPS
PyQUDA INFO: INVERT 2 propagagors: 3.7104701719945297 secs
PyQUDA INFO: DOING SINK GAUSSIAN SMEARING
PyQUDA INFO: SINK GAUSSIAN SMEAR: 0.9683436159975827 secs
PyQUDA INFO: GPU used 49.9 GB, cupy pool 38.3 GB, cupy live 13.4 GB
PyQUDA INFO: CONTRACT ALL: 0.9199498590023722 secs
PyQUDA INFO: UNTIL CONTRACTION: 6.718839784996817 secs
PyQUDA INFO: INNER LOOP STARTS
PyQUDA INFO: SOURCE POSITION = [np.int64(29), np.int64(13), np.int64(29), np.int64(75)]
PyQUDA INFO: DOING SRC GAUSSIAN SMEARING
PyQUDA INFO: SOURCE GAUSSIAN SMEAR: 0.821035777014913 secs
PyQUDA INFO: RELOADING GAUGE
PyQUDA INFO: RELOADING GAUGE: 0.26009457898908295 secs
PyQUDA INFO: SOLVING DIRAC EQ
GCR: Convergence at 20 iterations, n = 0, L2 relative residual: iterated = 7.106013e-11, true = 7.106013e-11 (requested = 1.000000e-10)
GCR: Convergence at 20 iterations, n = 1, L2 relative residual: iterated = 5.712512e-11, true = 5.712512e-11 (requested = 1.000000e-10)
GCR: Convergence at 20 iterations, n = 2, L2 relative residual: iterated = 7.783676e-11, true = 7.783676e-11 (requested = 1.000000e-10)
GCR: Convergence at 20 iterations, n = 3, L2 relative residual: iterated = 5.710724e-11, true = 5.710724e-11 (requested = 1.000000e-10)
GCR: Convergence at 20 iterations, n = 4, L2 relative residual: iterated = 7.749422e-11, true = 7.749422e-11 (requested = 1.000000e-10)
GCR: Convergence at 20 iterations, n = 5, L2 relative residual: iterated = 7.997443e-11, true = 7.997443e-11 (requested = 1.000000e-10)
GCR: Convergence at 20 iterations, n = 6, L2 relative residual: iterated = 4.517415e-11, true = 4.517415e-11 (requested = 1.000000e-10)
GCR: Convergence at 20 iterations, n = 7, L2 relative residual: iterated = 4.126172e-11, true = 4.126172e-11 (requested = 1.000000e-10)
GCR: Convergence at 20 iterations, n = 8, L2 relative residual: iterated = 3.554805e-11, true = 3.554805e-11 (requested = 1.000000e-10)
GCR: Convergence at 20 iterations, n = 9, L2 relative residual: iterated = 4.637371e-11, true = 4.637371e-11 (requested = 1.000000e-10)
GCR: Convergence at 20 iterations, n = 10, L2 relative residual: iterated = 5.973312e-11, true = 5.973312e-11 (requested = 1.000000e-10)
GCR: Convergence at 20 iterations, n = 11, L2 relative residual: iterated = 3.966675e-11, true = 3.966675e-11 (requested = 1.000000e-10)
PyQUDA INFO: Time = 1.764 secs, Performance = 14461.789 GFLOPS
GCR: Convergence at 21 iterations, n = 0, L2 relative residual: iterated = 2.340368e-11, true = 2.340368e-11 (requested = 1.000000e-10)
GCR: Convergence at 21 iterations, n = 1, L2 relative residual: iterated = 3.551382e-11, true = 3.551382e-11 (requested = 1.000000e-10)
GCR: Convergence at 21 iterations, n = 2, L2 relative residual: iterated = 2.218661e-11, true = 2.218661e-11 (requested = 1.000000e-10)
GCR: Convergence at 21 iterations, n = 3, L2 relative residual: iterated = 2.753630e-11, true = 2.753630e-11 (requested = 1.000000e-10)
GCR: Convergence at 21 iterations, n = 4, L2 relative residual: iterated = 3.097390e-11, true = 3.097390e-11 (requested = 1.000000e-10)
GCR: Convergence at 21 iterations, n = 5, L2 relative residual: iterated = 1.972136e-11, true = 1.972136e-11 (requested = 1.000000e-10)
GCR: Convergence at 21 iterations, n = 6, L2 relative residual: iterated = 2.140091e-11, true = 2.140091e-11 (requested = 1.000000e-10)
GCR: Convergence at 21 iterations, n = 7, L2 relative residual: iterated = 1.866509e-11, true = 1.866509e-11 (requested = 1.000000e-10)
GCR: Convergence at 21 iterations, n = 8, L2 relative residual: iterated = 1.422752e-11, true = 1.422752e-11 (requested = 1.000000e-10)
GCR: Convergence at 21 iterations, n = 9, L2 relative residual: iterated = 1.772733e-11, true = 1.772733e-11 (requested = 1.000000e-10)
GCR: Convergence at 21 iterations, n = 10, L2 relative residual: iterated = 2.081160e-11, true = 2.081160e-11 (requested = 1.000000e-10)
GCR: Convergence at 21 iterations, n = 11, L2 relative residual: iterated = 2.272499e-11, true = 2.272499e-11 (requested = 1.000000e-10)
PyQUDA INFO: Time = 1.870 secs, Performance = 14347.273 GFLOPS
PyQUDA INFO: INVERT 2 propagagors: 3.6365078350063413 secs
PyQUDA INFO: DOING SINK GAUSSIAN SMEARING
PyQUDA INFO: SINK GAUSSIAN SMEAR: 0.9619064360158518 secs
PyQUDA INFO: GPU used 49.9 GB, cupy pool 38.3 GB, cupy live 13.4 GB
PyQUDA INFO: CONTRACT ALL: 0.9194715979974717 secs
PyQUDA INFO: UNTIL CONTRACTION: 6.643973933998495 secs
PyQUDA INFO: INNER LOOP STARTS
PyQUDA INFO: SOURCE POSITION = [np.int64(29), np.int64(29), np.int64(13), np.int64(75)]
PyQUDA INFO: DOING SRC GAUSSIAN SMEARING
PyQUDA INFO: SOURCE GAUSSIAN SMEAR: 0.816952056979062 secs
PyQUDA INFO: RELOADING GAUGE
PyQUDA INFO: RELOADING GAUGE: 0.2615024949773215 secs
PyQUDA INFO: SOLVING DIRAC EQ
GCR: Convergence at 20 iterations, n = 0, L2 relative residual: iterated = 7.974005e-11, true = 7.974005e-11 (requested = 1.000000e-10)
GCR: Convergence at 20 iterations, n = 1, L2 relative residual: iterated = 8.686642e-11, true = 8.686642e-11 (requested = 1.000000e-10)
GCR: Convergence at 20 iterations, n = 2, L2 relative residual: iterated = 6.360482e-11, true = 6.360482e-11 (requested = 1.000000e-10)
GCR: Convergence at 20 iterations, n = 3, L2 relative residual: iterated = 8.080989e-11, true = 8.080989e-11 (requested = 1.000000e-10)
GCR: Convergence at 20 iterations, n = 4, L2 relative residual: iterated = 9.146820e-11, true = 9.146820e-11 (requested = 1.000000e-10)
GCR: Convergence at 20 iterations, n = 5, L2 relative residual: iterated = 9.561873e-11, true = 9.561873e-11 (requested = 1.000000e-10)
GCR: Convergence at 20 iterations, n = 6, L2 relative residual: iterated = 3.799004e-11, true = 3.799004e-11 (requested = 1.000000e-10)
GCR: Convergence at 20 iterations, n = 7, L2 relative residual: iterated = 5.535383e-11, true = 5.535383e-11 (requested = 1.000000e-10)
GCR: Convergence at 20 iterations, n = 8, L2 relative residual: iterated = 5.986951e-11, true = 5.986951e-11 (requested = 1.000000e-10)
GCR: Convergence at 20 iterations, n = 9, L2 relative residual: iterated = 6.143159e-11, true = 6.143159e-11 (requested = 1.000000e-10)
GCR: Convergence at 20 iterations, n = 10, L2 relative residual: iterated = 5.055341e-11, true = 5.055341e-11 (requested = 1.000000e-10)
GCR: Convergence at 20 iterations, n = 11, L2 relative residual: iterated = 6.400607e-11, true = 6.400607e-11 (requested = 1.000000e-10)
PyQUDA INFO: Time = 1.768 secs, Performance = 14424.339 GFLOPS
GCR: Convergence at 21 iterations, n = 0, L2 relative residual: iterated = 2.874417e-11, true = 2.874417e-11 (requested = 1.000000e-10)
GCR: Convergence at 21 iterations, n = 1, L2 relative residual: iterated = 4.350721e-11, true = 4.350721e-11 (requested = 1.000000e-10)
GCR: Convergence at 21 iterations, n = 2, L2 relative residual: iterated = 2.789960e-11, true = 2.789960e-11 (requested = 1.000000e-10)
GCR: Convergence at 21 iterations, n = 3, L2 relative residual: iterated = 2.341738e-11, true = 2.341738e-11 (requested = 1.000000e-10)
GCR: Convergence at 21 iterations, n = 4, L2 relative residual: iterated = 2.573544e-11, true = 2.573544e-11 (requested = 1.000000e-10)
GCR: Convergence at 21 iterations, n = 5, L2 relative residual: iterated = 3.576559e-11, true = 3.576559e-11 (requested = 1.000000e-10)
GCR: Convergence at 21 iterations, n = 6, L2 relative residual: iterated = 2.144712e-11, true = 2.144712e-11 (requested = 1.000000e-10)
GCR: Convergence at 21 iterations, n = 7, L2 relative residual: iterated = 2.868045e-11, true = 2.868045e-11 (requested = 1.000000e-10)
GCR: Convergence at 21 iterations, n = 8, L2 relative residual: iterated = 2.654273e-11, true = 2.654273e-11 (requested = 1.000000e-10)
GCR: Convergence at 21 iterations, n = 9, L2 relative residual: iterated = 2.342636e-11, true = 2.342636e-11 (requested = 1.000000e-10)
GCR: Convergence at 21 iterations, n = 10, L2 relative residual: iterated = 2.362931e-11, true = 2.362931e-11 (requested = 1.000000e-10)
GCR: Convergence at 21 iterations, n = 11, L2 relative residual: iterated = 1.485242e-11, true = 1.485242e-11 (requested = 1.000000e-10)
PyQUDA INFO: Time = 1.867 secs, Performance = 14356.992 GFLOPS
PyQUDA INFO: INVERT 2 propagagors: 3.637388599017868 secs
PyQUDA INFO: DOING SINK GAUSSIAN SMEARING
PyQUDA INFO: SINK GAUSSIAN SMEAR: 0.8427467780129518 secs
PyQUDA INFO: GPU used 49.9 GB, cupy pool 38.3 GB, cupy live 13.4 GB
PyQUDA INFO: CONTRACT ALL: 0.9203749709995463 secs
PyQUDA INFO: UNTIL CONTRACTION: 6.523962912004208 secs
PyQUDA INFO: INNER LOOP STARTS
PyQUDA INFO: SOURCE POSITION = [np.int64(29), np.int64(29), np.int64(29), np.int64(75)]
PyQUDA INFO: DOING SRC GAUSSIAN SMEARING
PyQUDA INFO: SOURCE GAUSSIAN SMEAR: 0.8161135130212642 secs
PyQUDA INFO: RELOADING GAUGE
PyQUDA INFO: RELOADING GAUGE: 0.26201511701219715 secs
PyQUDA INFO: SOLVING DIRAC EQ
GCR: Convergence at 21 iterations, n = 0, L2 relative residual: iterated = 3.179360e-11, true = 3.179360e-11 (requested = 1.000000e-10)
GCR: Convergence at 21 iterations, n = 1, L2 relative residual: iterated = 2.413294e-11, true = 2.413294e-11 (requested = 1.000000e-10)
GCR: Convergence at 21 iterations, n = 2, L2 relative residual: iterated = 2.429130e-11, true = 2.429130e-11 (requested = 1.000000e-10)
GCR: Convergence at 21 iterations, n = 3, L2 relative residual: iterated = 3.198678e-11, true = 3.198678e-11 (requested = 1.000000e-10)
GCR: Convergence at 21 iterations, n = 4, L2 relative residual: iterated = 5.229328e-11, true = 5.229328e-11 (requested = 1.000000e-10)
GCR: Convergence at 21 iterations, n = 5, L2 relative residual: iterated = 5.452506e-11, true = 5.452506e-11 (requested = 1.000000e-10)
GCR: Convergence at 21 iterations, n = 6, L2 relative residual: iterated = 2.754725e-11, true = 2.754725e-11 (requested = 1.000000e-10)
GCR: Convergence at 21 iterations, n = 7, L2 relative residual: iterated = 2.391141e-11, true = 2.391141e-11 (requested = 1.000000e-10)
GCR: Convergence at 21 iterations, n = 8, L2 relative residual: iterated = 2.486072e-11, true = 2.486072e-11 (requested = 1.000000e-10)
GCR: Convergence at 21 iterations, n = 9, L2 relative residual: iterated = 3.187558e-11, true = 3.187558e-11 (requested = 1.000000e-10)
GCR: Convergence at 21 iterations, n = 10, L2 relative residual: iterated = 2.653327e-11, true = 2.653327e-11 (requested = 1.000000e-10)
GCR: Convergence at 21 iterations, n = 11, L2 relative residual: iterated = 2.001304e-11, true = 2.001304e-11 (requested = 1.000000e-10)
PyQUDA INFO: Time = 1.832 secs, Performance = 14637.270 GFLOPS
GCR: Convergence at 21 iterations, n = 0, L2 relative residual: iterated = 3.544086e-11, true = 3.544086e-11 (requested = 1.000000e-10)
GCR: Convergence at 21 iterations, n = 1, L2 relative residual: iterated = 2.634845e-11, true = 2.634845e-11 (requested = 1.000000e-10)
GCR: Convergence at 21 iterations, n = 2, L2 relative residual: iterated = 4.109298e-11, true = 4.109298e-11 (requested = 1.000000e-10)
GCR: Convergence at 21 iterations, n = 3, L2 relative residual: iterated = 2.062389e-11, true = 2.062389e-11 (requested = 1.000000e-10)
GCR: Convergence at 21 iterations, n = 4, L2 relative residual: iterated = 2.577118e-11, true = 2.577118e-11 (requested = 1.000000e-10)
GCR: Convergence at 21 iterations, n = 5, L2 relative residual: iterated = 2.477235e-11, true = 2.477235e-11 (requested = 1.000000e-10)
GCR: Convergence at 21 iterations, n = 6, L2 relative residual: iterated = 2.224345e-11, true = 2.224345e-11 (requested = 1.000000e-10)
GCR: Convergence at 21 iterations, n = 7, L2 relative residual: iterated = 2.825018e-11, true = 2.825018e-11 (requested = 1.000000e-10)
GCR: Convergence at 21 iterations, n = 8, L2 relative residual: iterated = 1.736156e-11, true = 1.736156e-11 (requested = 1.000000e-10)
GCR: Convergence at 21 iterations, n = 9, L2 relative residual: iterated = 2.079152e-11, true = 2.079152e-11 (requested = 1.000000e-10)
GCR: Convergence at 21 iterations, n = 10, L2 relative residual: iterated = 2.387302e-11, true = 2.387302e-11 (requested = 1.000000e-10)
GCR: Convergence at 21 iterations, n = 11, L2 relative residual: iterated = 2.224321e-11, true = 2.224321e-11 (requested = 1.000000e-10)
PyQUDA INFO: Time = 1.868 secs, Performance = 14337.823 GFLOPS
PyQUDA INFO: INVERT 2 propagagors: 3.7013620990037452 secs
PyQUDA INFO: DOING SINK GAUSSIAN SMEARING
PyQUDA INFO: SINK GAUSSIAN SMEAR: 0.9622202169848606 secs
PyQUDA INFO: GPU used 49.9 GB, cupy pool 38.3 GB, cupy live 13.4 GB
PyQUDA INFO: CONTRACT ALL: 0.9204004119965248 secs
PyQUDA INFO: UNTIL CONTRACTION: 6.706754248007201 secs
PyQUDA INFO: INNER LOOP STARTS
PyQUDA INFO: SOURCE POSITION = [np.int64(13), np.int64(13), np.int64(13), np.int64(11)]
PyQUDA INFO: DOING SRC GAUSSIAN SMEARING
PyQUDA INFO: SOURCE GAUSSIAN SMEAR: 0.8148451469896827 secs
PyQUDA INFO: RELOADING GAUGE
PyQUDA INFO: RELOADING GAUGE: 0.25713009500759654 secs
PyQUDA INFO: SOLVING DIRAC EQ
GCR: Convergence at 21 iterations, n = 0, L2 relative residual: iterated = 8.030959e-12, true = 8.030959e-12 (requested = 1.000000e-10)
GCR: Convergence at 21 iterations, n = 1, L2 relative residual: iterated = 1.593615e-11, true = 1.593615e-11 (requested = 1.000000e-10)
GCR: Convergence at 21 iterations, n = 2, L2 relative residual: iterated = 1.738321e-11, true = 1.738321e-11 (requested = 1.000000e-10)
GCR: Convergence at 21 iterations, n = 3, L2 relative residual: iterated = 1.162749e-11, true = 1.162749e-11 (requested = 1.000000e-10)
GCR: Convergence at 21 iterations, n = 4, L2 relative residual: iterated = 1.091755e-11, true = 1.091755e-11 (requested = 1.000000e-10)
GCR: Convergence at 21 iterations, n = 5, L2 relative residual: iterated = 1.874003e-11, true = 1.874003e-11 (requested = 1.000000e-10)
GCR: Convergence at 21 iterations, n = 6, L2 relative residual: iterated = 5.116382e-11, true = 5.116382e-11 (requested = 1.000000e-10)
GCR: Convergence at 21 iterations, n = 7, L2 relative residual: iterated = 3.708232e-11, true = 3.708232e-11 (requested = 1.000000e-10)
GCR: Convergence at 21 iterations, n = 8, L2 relative residual: iterated = 2.943794e-11, true = 2.943794e-11 (requested = 1.000000e-10)
GCR: Convergence at 21 iterations, n = 9, L2 relative residual: iterated = 3.135922e-11, true = 3.135922e-11 (requested = 1.000000e-10)
GCR: Convergence at 21 iterations, n = 10, L2 relative residual: iterated = 2.300856e-11, true = 2.300856e-11 (requested = 1.000000e-10)
GCR: Convergence at 21 iterations, n = 11, L2 relative residual: iterated = 4.264163e-11, true = 4.264163e-11 (requested = 1.000000e-10)
PyQUDA INFO: Time = 1.864 secs, Performance = 14695.437 GFLOPS
GCR: Convergence at 21 iterations, n = 0, L2 relative residual: iterated = 1.359883e-11, true = 1.359883e-11 (requested = 1.000000e-10)
GCR: Convergence at 21 iterations, n = 1, L2 relative residual: iterated = 2.259893e-11, true = 2.259893e-11 (requested = 1.000000e-10)
GCR: Convergence at 21 iterations, n = 2, L2 relative residual: iterated = 2.102112e-11, true = 2.102112e-11 (requested = 1.000000e-10)
GCR: Convergence at 21 iterations, n = 3, L2 relative residual: iterated = 2.016926e-11, true = 2.016926e-11 (requested = 1.000000e-10)
GCR: Convergence at 21 iterations, n = 4, L2 relative residual: iterated = 1.273493e-11, true = 1.273493e-11 (requested = 1.000000e-10)
GCR: Convergence at 21 iterations, n = 5, L2 relative residual: iterated = 1.804017e-11, true = 1.804017e-11 (requested = 1.000000e-10)
GCR: Convergence at 21 iterations, n = 6, L2 relative residual: iterated = 7.871468e-11, true = 7.871468e-11 (requested = 1.000000e-10)
GCR: Convergence at 21 iterations, n = 7, L2 relative residual: iterated = 2.327954e-11, true = 2.327954e-11 (requested = 1.000000e-10)
GCR: Convergence at 21 iterations, n = 8, L2 relative residual: iterated = 4.738345e-11, true = 4.738345e-11 (requested = 1.000000e-10)
GCR: Convergence at 21 iterations, n = 9, L2 relative residual: iterated = 5.590394e-11, true = 5.590394e-11 (requested = 1.000000e-10)
GCR: Convergence at 21 iterations, n = 10, L2 relative residual: iterated = 4.945365e-11, true = 4.945365e-11 (requested = 1.000000e-10)
GCR: Convergence at 21 iterations, n = 11, L2 relative residual: iterated = 6.073198e-11, true = 6.073198e-11 (requested = 1.000000e-10)
PyQUDA INFO: Time = 1.883 secs, Performance = 14380.953 GFLOPS
PyQUDA INFO: INVERT 2 propagagors: 3.748668040992925 secs
PyQUDA INFO: DOING SINK GAUSSIAN SMEARING
PyQUDA INFO: SINK GAUSSIAN SMEAR: 0.9702527860063128 secs
PyQUDA INFO: GPU used 49.9 GB, cupy pool 38.3 GB, cupy live 13.4 GB
PyQUDA INFO: CONTRACT ALL: 0.9200169600080699 secs
PyQUDA INFO: UNTIL CONTRACTION: 6.755658196983859 secs
PyQUDA INFO: INNER LOOP STARTS
PyQUDA INFO: SOURCE POSITION = [np.int64(13), np.int64(13), np.int64(29), np.int64(11)]
PyQUDA INFO: DOING SRC GAUSSIAN SMEARING
PyQUDA INFO: SOURCE GAUSSIAN SMEAR: 0.8169294870167505 secs
PyQUDA INFO: RELOADING GAUGE
PyQUDA INFO: RELOADING GAUGE: 0.26220088900299743 secs
PyQUDA INFO: SOLVING DIRAC EQ
GCR: Convergence at 21 iterations, n = 0, L2 relative residual: iterated = 3.094929e-11, true = 3.094929e-11 (requested = 1.000000e-10)
GCR: Convergence at 21 iterations, n = 1, L2 relative residual: iterated = 2.924666e-11, true = 2.924666e-11 (requested = 1.000000e-10)
GCR: Convergence at 21 iterations, n = 2, L2 relative residual: iterated = 2.436143e-11, true = 2.436143e-11 (requested = 1.000000e-10)
GCR: Convergence at 21 iterations, n = 3, L2 relative residual: iterated = 5.809526e-11, true = 5.809526e-11 (requested = 1.000000e-10)
GCR: Convergence at 21 iterations, n = 4, L2 relative residual: iterated = 3.084278e-11, true = 3.084278e-11 (requested = 1.000000e-10)
GCR: Convergence at 21 iterations, n = 5, L2 relative residual: iterated = 2.544690e-11, true = 2.544690e-11 (requested = 1.000000e-10)
GCR: Convergence at 21 iterations, n = 6, L2 relative residual: iterated = 3.325697e-11, true = 3.325697e-11 (requested = 1.000000e-10)
GCR: Convergence at 21 iterations, n = 7, L2 relative residual: iterated = 3.492539e-11, true = 3.492539e-11 (requested = 1.000000e-10)
GCR: Convergence at 21 iterations, n = 8, L2 relative residual: iterated = 2.235474e-11, true = 2.235474e-11 (requested = 1.000000e-10)
GCR: Convergence at 21 iterations, n = 9, L2 relative residual: iterated = 3.602086e-11, true = 3.602086e-11 (requested = 1.000000e-10)
GCR: Convergence at 21 iterations, n = 10, L2 relative residual: iterated = 3.280363e-11, true = 3.280363e-11 (requested = 1.000000e-10)
GCR: Convergence at 21 iterations, n = 11, L2 relative residual: iterated = 2.496961e-11, true = 2.496961e-11 (requested = 1.000000e-10)
PyQUDA INFO: Time = 1.840 secs, Performance = 14567.440 GFLOPS
GCR: Convergence at 21 iterations, n = 0, L2 relative residual: iterated = 2.346543e-11, true = 2.346543e-11 (requested = 1.000000e-10)
GCR: Convergence at 21 iterations, n = 1, L2 relative residual: iterated = 3.929945e-11, true = 3.929945e-11 (requested = 1.000000e-10)
GCR: Convergence at 21 iterations, n = 2, L2 relative residual: iterated = 4.698808e-11, true = 4.698808e-11 (requested = 1.000000e-10)
GCR: Convergence at 21 iterations, n = 3, L2 relative residual: iterated = 3.052165e-11, true = 3.052165e-11 (requested = 1.000000e-10)
GCR: Convergence at 21 iterations, n = 4, L2 relative residual: iterated = 2.839576e-11, true = 2.839576e-11 (requested = 1.000000e-10)
GCR: Convergence at 21 iterations, n = 5, L2 relative residual: iterated = 2.005841e-11, true = 2.005841e-11 (requested = 1.000000e-10)
GCR: Convergence at 21 iterations, n = 6, L2 relative residual: iterated = 2.456021e-11, true = 2.456021e-11 (requested = 1.000000e-10)
GCR: Convergence at 21 iterations, n = 7, L2 relative residual: iterated = 3.297265e-11, true = 3.297265e-11 (requested = 1.000000e-10)
GCR: Convergence at 21 iterations, n = 8, L2 relative residual: iterated = 3.022606e-11, true = 3.022606e-11 (requested = 1.000000e-10)
GCR: Convergence at 21 iterations, n = 9, L2 relative residual: iterated = 3.287206e-11, true = 3.287206e-11 (requested = 1.000000e-10)
GCR: Convergence at 21 iterations, n = 10, L2 relative residual: iterated = 2.541065e-11, true = 2.541065e-11 (requested = 1.000000e-10)
GCR: Convergence at 21 iterations, n = 11, L2 relative residual: iterated = 2.925716e-11, true = 2.925716e-11 (requested = 1.000000e-10)
PyQUDA INFO: Time = 1.869 secs, Performance = 14352.962 GFLOPS
PyQUDA INFO: INVERT 2 propagagors: 3.7101661509950645 secs
PyQUDA INFO: DOING SINK GAUSSIAN SMEARING
PyQUDA INFO: SINK GAUSSIAN SMEAR: 0.8315870949882083 secs
PyQUDA INFO: GPU used 49.9 GB, cupy pool 38.3 GB, cupy live 13.4 GB
PyQUDA INFO: CONTRACT ALL: 0.9193301270133816 secs
PyQUDA INFO: UNTIL CONTRACTION: 6.5845278759952635 secs
PyQUDA INFO: INNER LOOP STARTS
PyQUDA INFO: SOURCE POSITION = [np.int64(13), np.int64(29), np.int64(13), np.int64(11)]
PyQUDA INFO: DOING SRC GAUSSIAN SMEARING
PyQUDA INFO: SOURCE GAUSSIAN SMEAR: 0.8158623319759499 secs
PyQUDA INFO: RELOADING GAUGE
PyQUDA INFO: RELOADING GAUGE: 0.2551233050180599 secs
PyQUDA INFO: SOLVING DIRAC EQ
GCR: Convergence at 21 iterations, n = 0, L2 relative residual: iterated = 1.947875e-11, true = 1.947875e-11 (requested = 1.000000e-10)
GCR: Convergence at 21 iterations, n = 1, L2 relative residual: iterated = 2.331842e-11, true = 2.331842e-11 (requested = 1.000000e-10)
GCR: Convergence at 21 iterations, n = 2, L2 relative residual: iterated = 1.691721e-11, true = 1.691721e-11 (requested = 1.000000e-10)
GCR: Convergence at 21 iterations, n = 3, L2 relative residual: iterated = 2.308199e-11, true = 2.308199e-11 (requested = 1.000000e-10)
GCR: Convergence at 21 iterations, n = 4, L2 relative residual: iterated = 1.414130e-11, true = 1.414130e-11 (requested = 1.000000e-10)
GCR: Convergence at 21 iterations, n = 5, L2 relative residual: iterated = 2.712661e-11, true = 2.712661e-11 (requested = 1.000000e-10)
GCR: Convergence at 21 iterations, n = 6, L2 relative residual: iterated = 3.564693e-11, true = 3.564693e-11 (requested = 1.000000e-10)
GCR: Convergence at 21 iterations, n = 7, L2 relative residual: iterated = 7.957108e-11, true = 7.957108e-11 (requested = 1.000000e-10)
GCR: Convergence at 21 iterations, n = 8, L2 relative residual: iterated = 2.130936e-11, true = 2.130936e-11 (requested = 1.000000e-10)
GCR: Convergence at 21 iterations, n = 9, L2 relative residual: iterated = 5.179385e-11, true = 5.179385e-11 (requested = 1.000000e-10)
GCR: Convergence at 21 iterations, n = 10, L2 relative residual: iterated = 4.486245e-11, true = 4.486245e-11 (requested = 1.000000e-10)
GCR: Convergence at 21 iterations, n = 11, L2 relative residual: iterated = 4.984357e-11, true = 4.984357e-11 (requested = 1.000000e-10)
PyQUDA INFO: Time = 1.833 secs, Performance = 14627.944 GFLOPS
GCR: Convergence at 21 iterations, n = 0, L2 relative residual: iterated = 8.507508e-12, true = 8.507508e-12 (requested = 1.000000e-10)
GCR: Convergence at 21 iterations, n = 1, L2 relative residual: iterated = 1.901284e-11, true = 1.901284e-11 (requested = 1.000000e-10)
GCR: Convergence at 21 iterations, n = 2, L2 relative residual: iterated = 1.392487e-11, true = 1.392487e-11 (requested = 1.000000e-10)
GCR: Convergence at 21 iterations, n = 3, L2 relative residual: iterated = 1.579206e-11, true = 1.579206e-11 (requested = 1.000000e-10)
GCR: Convergence at 21 iterations, n = 4, L2 relative residual: iterated = 9.876601e-12, true = 9.876601e-12 (requested = 1.000000e-10)
GCR: Convergence at 21 iterations, n = 5, L2 relative residual: iterated = 1.267096e-11, true = 1.267096e-11 (requested = 1.000000e-10)
GCR: Convergence at 21 iterations, n = 6, L2 relative residual: iterated = 2.707652e-11, true = 2.707652e-11 (requested = 1.000000e-10)
GCR: Convergence at 21 iterations, n = 7, L2 relative residual: iterated = 3.818945e-11, true = 3.818945e-11 (requested = 1.000000e-10)
GCR: Convergence at 21 iterations, n = 8, L2 relative residual: iterated = 1.948253e-11, true = 1.948253e-11 (requested = 1.000000e-10)
GCR: Convergence at 21 iterations, n = 9, L2 relative residual: iterated = 3.665176e-11, true = 3.665176e-11 (requested = 1.000000e-10)
GCR: Convergence at 21 iterations, n = 10, L2 relative residual: iterated = 1.597095e-11, true = 1.597095e-11 (requested = 1.000000e-10)
GCR: Convergence at 21 iterations, n = 11, L2 relative residual: iterated = 3.464162e-11, true = 3.464162e-11 (requested = 1.000000e-10)
PyQUDA INFO: Time = 1.892 secs, Performance = 14363.258 GFLOPS
PyQUDA INFO: INVERT 2 propagagors: 3.7280091640132014 secs
PyQUDA INFO: DOING SINK GAUSSIAN SMEARING
PyQUDA INFO: SINK GAUSSIAN SMEAR: 0.9608769019832835 secs
PyQUDA INFO: GPU used 49.9 GB, cupy pool 38.3 GB, cupy live 13.4 GB
PyQUDA INFO: CONTRACT ALL: 0.9202129410114139 secs
PyQUDA INFO: UNTIL CONTRACTION: 6.723127535020467 secs
PyQUDA INFO: INNER LOOP STARTS
PyQUDA INFO: SOURCE POSITION = [np.int64(13), np.int64(29), np.int64(29), np.int64(11)]
PyQUDA INFO: DOING SRC GAUSSIAN SMEARING
PyQUDA INFO: SOURCE GAUSSIAN SMEAR: 0.8155520210275427 secs
PyQUDA INFO: RELOADING GAUGE
PyQUDA INFO: RELOADING GAUGE: 0.25527291602338664 secs
PyQUDA INFO: SOLVING DIRAC EQ
GCR: Convergence at 21 iterations, n = 0, L2 relative residual: iterated = 2.967972e-11, true = 2.967972e-11 (requested = 1.000000e-10)
GCR: Convergence at 21 iterations, n = 1, L2 relative residual: iterated = 2.570597e-11, true = 2.570597e-11 (requested = 1.000000e-10)
GCR: Convergence at 21 iterations, n = 2, L2 relative residual: iterated = 2.271765e-11, true = 2.271765e-11 (requested = 1.000000e-10)
GCR: Convergence at 21 iterations, n = 3, L2 relative residual: iterated = 2.000662e-11, true = 2.000662e-11 (requested = 1.000000e-10)
GCR: Convergence at 21 iterations, n = 4, L2 relative residual: iterated = 3.597327e-11, true = 3.597327e-11 (requested = 1.000000e-10)
GCR: Convergence at 21 iterations, n = 5, L2 relative residual: iterated = 3.220492e-11, true = 3.220492e-11 (requested = 1.000000e-10)
GCR: Convergence at 21 iterations, n = 6, L2 relative residual: iterated = 2.035646e-11, true = 2.035646e-11 (requested = 1.000000e-10)
GCR: Convergence at 21 iterations, n = 7, L2 relative residual: iterated = 2.607840e-11, true = 2.607840e-11 (requested = 1.000000e-10)
GCR: Convergence at 21 iterations, n = 8, L2 relative residual: iterated = 2.309829e-11, true = 2.309829e-11 (requested = 1.000000e-10)
GCR: Convergence at 21 iterations, n = 9, L2 relative residual: iterated = 1.404451e-11, true = 1.404451e-11 (requested = 1.000000e-10)
GCR: Convergence at 21 iterations, n = 10, L2 relative residual: iterated = 2.041603e-11, true = 2.041603e-11 (requested = 1.000000e-10)
GCR: Convergence at 21 iterations, n = 11, L2 relative residual: iterated = 3.671179e-11, true = 3.671179e-11 (requested = 1.000000e-10)
PyQUDA INFO: Time = 1.834 secs, Performance = 14628.186 GFLOPS
GCR: Convergence at 20 iterations, n = 0, L2 relative residual: iterated = 5.988336e-11, true = 5.988336e-11 (requested = 1.000000e-10)
GCR: Convergence at 20 iterations, n = 1, L2 relative residual: iterated = 3.287596e-11, true = 3.287596e-11 (requested = 1.000000e-10)
GCR: Convergence at 20 iterations, n = 2, L2 relative residual: iterated = 6.010591e-11, true = 6.010591e-11 (requested = 1.000000e-10)
GCR: Convergence at 20 iterations, n = 3, L2 relative residual: iterated = 5.344534e-11, true = 5.344534e-11 (requested = 1.000000e-10)
GCR: Convergence at 20 iterations, n = 4, L2 relative residual: iterated = 5.811348e-11, true = 5.811348e-11 (requested = 1.000000e-10)
GCR: Convergence at 20 iterations, n = 5, L2 relative residual: iterated = 5.283214e-11, true = 5.283214e-11 (requested = 1.000000e-10)
GCR: Convergence at 20 iterations, n = 6, L2 relative residual: iterated = 4.518694e-11, true = 4.518694e-11 (requested = 1.000000e-10)
GCR: Convergence at 20 iterations, n = 7, L2 relative residual: iterated = 4.586476e-11, true = 4.586476e-11 (requested = 1.000000e-10)
GCR: Convergence at 20 iterations, n = 8, L2 relative residual: iterated = 3.755414e-11, true = 3.755414e-11 (requested = 1.000000e-10)
GCR: Convergence at 20 iterations, n = 9, L2 relative residual: iterated = 3.938647e-11, true = 3.938647e-11 (requested = 1.000000e-10)
GCR: Convergence at 20 iterations, n = 10, L2 relative residual: iterated = 3.557699e-11, true = 3.557699e-11 (requested = 1.000000e-10)
GCR: Convergence at 20 iterations, n = 11, L2 relative residual: iterated = 4.957530e-11, true = 4.957530e-11 (requested = 1.000000e-10)
PyQUDA INFO: Time = 1.799 secs, Performance = 14194.447 GFLOPS
PyQUDA INFO: INVERT 2 propagagors: 3.6350931680062786 secs
PyQUDA INFO: DOING SINK GAUSSIAN SMEARING
PyQUDA INFO: SINK GAUSSIAN SMEAR: 0.9510271860053763 secs
PyQUDA INFO: GPU used 49.9 GB, cupy pool 38.3 GB, cupy live 13.4 GB
PyQUDA INFO: CONTRACT ALL: 0.9201587579736952 secs
PyQUDA INFO: UNTIL CONTRACTION: 6.621570677001728 secs
PyQUDA INFO: INNER LOOP STARTS
PyQUDA INFO: SOURCE POSITION = [np.int64(29), np.int64(13), np.int64(13), np.int64(11)]
PyQUDA INFO: DOING SRC GAUSSIAN SMEARING
PyQUDA INFO: SOURCE GAUSSIAN SMEAR: 0.8154189720225986 secs
PyQUDA INFO: RELOADING GAUGE
PyQUDA INFO: RELOADING GAUGE: 0.25715179299004376 secs
PyQUDA INFO: SOLVING DIRAC EQ
GCR: Convergence at 21 iterations, n = 0, L2 relative residual: iterated = 4.213082e-11, true = 4.213082e-11 (requested = 1.000000e-10)
GCR: Convergence at 21 iterations, n = 1, L2 relative residual: iterated = 2.390296e-11, true = 2.390296e-11 (requested = 1.000000e-10)
GCR: Convergence at 21 iterations, n = 2, L2 relative residual: iterated = 3.927770e-11, true = 3.927770e-11 (requested = 1.000000e-10)
GCR: Convergence at 21 iterations, n = 3, L2 relative residual: iterated = 6.138403e-11, true = 6.138403e-11 (requested = 1.000000e-10)
GCR: Convergence at 21 iterations, n = 4, L2 relative residual: iterated = 5.674723e-11, true = 5.674723e-11 (requested = 1.000000e-10)
GCR: Convergence at 21 iterations, n = 5, L2 relative residual: iterated = 3.986830e-11, true = 3.986830e-11 (requested = 1.000000e-10)
GCR: Convergence at 21 iterations, n = 6, L2 relative residual: iterated = 3.295503e-11, true = 3.295503e-11 (requested = 1.000000e-10)
GCR: Convergence at 21 iterations, n = 7, L2 relative residual: iterated = 1.557758e-11, true = 1.557758e-11 (requested = 1.000000e-10)
GCR: Convergence at 21 iterations, n = 8, L2 relative residual: iterated = 2.031943e-11, true = 2.031943e-11 (requested = 1.000000e-10)
GCR: Convergence at 21 iterations, n = 9, L2 relative residual: iterated = 2.116752e-11, true = 2.116752e-11 (requested = 1.000000e-10)
GCR: Convergence at 21 iterations, n = 10, L2 relative residual: iterated = 2.259222e-11, true = 2.259222e-11 (requested = 1.000000e-10)
GCR: Convergence at 21 iterations, n = 11, L2 relative residual: iterated = 2.942297e-11, true = 2.942297e-11 (requested = 1.000000e-10)
PyQUDA INFO: Time = 1.830 secs, Performance = 14612.199 GFLOPS
GCR: Convergence at 20 iterations, n = 0, L2 relative residual: iterated = 9.992526e-11, true = 9.992526e-11 (requested = 1.000000e-10)
GCR: Convergence at 20 iterations, n = 1, L2 relative residual: iterated = 7.678588e-11, true = 7.678588e-11 (requested = 1.000000e-10)
GCR: Convergence at 20 iterations, n = 2, L2 relative residual: iterated = 9.246657e-11, true = 9.246657e-11 (requested = 1.000000e-10)
GCR: Convergence at 20 iterations, n = 3, L2 relative residual: iterated = 4.735965e-11, true = 4.735965e-11 (requested = 1.000000e-10)
GCR: Convergence at 20 iterations, n = 4, L2 relative residual: iterated = 6.340386e-11, true = 6.340386e-11 (requested = 1.000000e-10)
GCR: Convergence at 20 iterations, n = 5, L2 relative residual: iterated = 5.598084e-11, true = 5.598084e-11 (requested = 1.000000e-10)
GCR: Convergence at 20 iterations, n = 6, L2 relative residual: iterated = 6.081744e-11, true = 6.081744e-11 (requested = 1.000000e-10)
GCR: Convergence at 20 iterations, n = 7, L2 relative residual: iterated = 7.091851e-11, true = 7.091851e-11 (requested = 1.000000e-10)
GCR: Convergence at 20 iterations, n = 8, L2 relative residual: iterated = 5.698712e-11, true = 5.698712e-11 (requested = 1.000000e-10)
GCR: Convergence at 20 iterations, n = 9, L2 relative residual: iterated = 2.973346e-11, true = 2.973346e-11 (requested = 1.000000e-10)
GCR: Convergence at 20 iterations, n = 10, L2 relative residual: iterated = 3.919298e-11, true = 3.919298e-11 (requested = 1.000000e-10)
GCR: Convergence at 20 iterations, n = 11, L2 relative residual: iterated = 6.317327e-11, true = 6.317327e-11 (requested = 1.000000e-10)
PyQUDA INFO: Time = 1.839 secs, Performance = 13877.524 GFLOPS
PyQUDA INFO: INVERT 2 propagagors: 3.6716013299883343 secs
PyQUDA INFO: DOING SINK GAUSSIAN SMEARING
PyQUDA INFO: SINK GAUSSIAN SMEAR: 0.8956364119949285 secs
PyQUDA INFO: GPU used 49.9 GB, cupy pool 38.3 GB, cupy live 13.4 GB
PyQUDA INFO: CONTRACT ALL: 0.9198157820210326 secs
PyQUDA INFO: UNTIL CONTRACTION: 6.604232404002687 secs
PyQUDA INFO: INNER LOOP STARTS
PyQUDA INFO: SOURCE POSITION = [np.int64(29), np.int64(13), np.int64(29), np.int64(11)]
PyQUDA INFO: DOING SRC GAUSSIAN SMEARING
PyQUDA INFO: SOURCE GAUSSIAN SMEAR: 0.8191869050206151 secs
PyQUDA INFO: RELOADING GAUGE
PyQUDA INFO: RELOADING GAUGE: 0.2572041719977278 secs
PyQUDA INFO: SOLVING DIRAC EQ
GCR: Convergence at 21 iterations, n = 0, L2 relative residual: iterated = 4.443389e-11, true = 4.443389e-11 (requested = 1.000000e-10)
GCR: Convergence at 21 iterations, n = 1, L2 relative residual: iterated = 1.630006e-11, true = 1.630006e-11 (requested = 1.000000e-10)
GCR: Convergence at 21 iterations, n = 2, L2 relative residual: iterated = 3.715473e-11, true = 3.715473e-11 (requested = 1.000000e-10)
GCR: Convergence at 21 iterations, n = 3, L2 relative residual: iterated = 2.237222e-11, true = 2.237222e-11 (requested = 1.000000e-10)
GCR: Convergence at 21 iterations, n = 4, L2 relative residual: iterated = 3.292514e-11, true = 3.292514e-11 (requested = 1.000000e-10)
GCR: Convergence at 21 iterations, n = 5, L2 relative residual: iterated = 2.458736e-11, true = 2.458736e-11 (requested = 1.000000e-10)
GCR: Convergence at 21 iterations, n = 6, L2 relative residual: iterated = 5.764083e-11, true = 5.764083e-11 (requested = 1.000000e-10)
GCR: Convergence at 21 iterations, n = 7, L2 relative residual: iterated = 2.372172e-11, true = 2.372172e-11 (requested = 1.000000e-10)
GCR: Convergence at 21 iterations, n = 8, L2 relative residual: iterated = 4.048269e-11, true = 4.048269e-11 (requested = 1.000000e-10)
GCR: Convergence at 21 iterations, n = 9, L2 relative residual: iterated = 3.351363e-11, true = 3.351363e-11 (requested = 1.000000e-10)
GCR: Convergence at 21 iterations, n = 10, L2 relative residual: iterated = 2.293066e-11, true = 2.293066e-11 (requested = 1.000000e-10)
GCR: Convergence at 21 iterations, n = 11, L2 relative residual: iterated = 3.288309e-11, true = 3.288309e-11 (requested = 1.000000e-10)
PyQUDA INFO: Time = 1.830 secs, Performance = 14615.105 GFLOPS
GCR: Convergence at 21 iterations, n = 0, L2 relative residual: iterated = 2.593755e-11, true = 2.593755e-11 (requested = 1.000000e-10)
GCR: Convergence at 21 iterations, n = 1, L2 relative residual: iterated = 2.422836e-11, true = 2.422836e-11 (requested = 1.000000e-10)
GCR: Convergence at 21 iterations, n = 2, L2 relative residual: iterated = 5.302178e-11, true = 5.302178e-11 (requested = 1.000000e-10)
GCR: Convergence at 21 iterations, n = 3, L2 relative residual: iterated = 3.586581e-11, true = 3.586581e-11 (requested = 1.000000e-10)
GCR: Convergence at 21 iterations, n = 4, L2 relative residual: iterated = 6.412218e-11, true = 6.412218e-11 (requested = 1.000000e-10)
GCR: Convergence at 21 iterations, n = 5, L2 relative residual: iterated = 2.285638e-11, true = 2.285638e-11 (requested = 1.000000e-10)
GCR: Convergence at 21 iterations, n = 6, L2 relative residual: iterated = 3.923467e-11, true = 3.923467e-11 (requested = 1.000000e-10)
GCR: Convergence at 21 iterations, n = 7, L2 relative residual: iterated = 4.555393e-11, true = 4.555393e-11 (requested = 1.000000e-10)
GCR: Convergence at 21 iterations, n = 8, L2 relative residual: iterated = 3.580309e-11, true = 3.580309e-11 (requested = 1.000000e-10)
GCR: Convergence at 21 iterations, n = 9, L2 relative residual: iterated = 5.717958e-11, true = 5.717958e-11 (requested = 1.000000e-10)
GCR: Convergence at 21 iterations, n = 10, L2 relative residual: iterated = 4.276440e-11, true = 4.276440e-11 (requested = 1.000000e-10)
GCR: Convergence at 21 iterations, n = 11, L2 relative residual: iterated = 5.869054e-11, true = 5.869054e-11 (requested = 1.000000e-10)
PyQUDA INFO: Time = 1.865 secs, Performance = 14360.617 GFLOPS
PyQUDA INFO: INVERT 2 propagagors: 3.6976180569909047 secs
PyQUDA INFO: DOING SINK GAUSSIAN SMEARING
PyQUDA INFO: SINK GAUSSIAN SMEAR: 0.8356040169892367 secs
PyQUDA INFO: GPU used 49.9 GB, cupy pool 38.3 GB, cupy live 13.4 GB
PyQUDA INFO: CONTRACT ALL: 0.9203401440172456 secs
PyQUDA INFO: UNTIL CONTRACTION: 6.574409292021301 secs
PyQUDA INFO: INNER LOOP STARTS
PyQUDA INFO: SOURCE POSITION = [np.int64(29), np.int64(29), np.int64(13), np.int64(11)]
PyQUDA INFO: DOING SRC GAUSSIAN SMEARING
PyQUDA INFO: SOURCE GAUSSIAN SMEAR: 0.8138412450207397 secs
PyQUDA INFO: RELOADING GAUGE
PyQUDA INFO: RELOADING GAUGE: 0.25889617900247686 secs
PyQUDA INFO: SOLVING DIRAC EQ
GCR: Convergence at 21 iterations, n = 0, L2 relative residual: iterated = 3.065950e-11, true = 3.065950e-11 (requested = 1.000000e-10)
GCR: Convergence at 21 iterations, n = 1, L2 relative residual: iterated = 5.099259e-11, true = 5.099259e-11 (requested = 1.000000e-10)
GCR: Convergence at 21 iterations, n = 2, L2 relative residual: iterated = 3.405017e-11, true = 3.405017e-11 (requested = 1.000000e-10)
GCR: Convergence at 21 iterations, n = 3, L2 relative residual: iterated = 4.496834e-11, true = 4.496834e-11 (requested = 1.000000e-10)
GCR: Convergence at 21 iterations, n = 4, L2 relative residual: iterated = 5.156570e-11, true = 5.156570e-11 (requested = 1.000000e-10)
GCR: Convergence at 21 iterations, n = 5, L2 relative residual: iterated = 2.783654e-11, true = 2.783654e-11 (requested = 1.000000e-10)
GCR: Convergence at 21 iterations, n = 6, L2 relative residual: iterated = 4.497423e-11, true = 4.497423e-11 (requested = 1.000000e-10)
GCR: Convergence at 21 iterations, n = 7, L2 relative residual: iterated = 5.602861e-11, true = 5.602861e-11 (requested = 1.000000e-10)
GCR: Convergence at 21 iterations, n = 8, L2 relative residual: iterated = 5.056188e-11, true = 5.056188e-11 (requested = 1.000000e-10)
GCR: Convergence at 21 iterations, n = 9, L2 relative residual: iterated = 3.753329e-11, true = 3.753329e-11 (requested = 1.000000e-10)
GCR: Convergence at 21 iterations, n = 10, L2 relative residual: iterated = 4.523395e-11, true = 4.523395e-11 (requested = 1.000000e-10)
GCR: Convergence at 21 iterations, n = 11, L2 relative residual: iterated = 3.996955e-11, true = 3.996955e-11 (requested = 1.000000e-10)
PyQUDA INFO: Time = 1.846 secs, Performance = 14521.991 GFLOPS
GCR: Convergence at 21 iterations, n = 0, L2 relative residual: iterated = 4.739630e-11, true = 4.739630e-11 (requested = 1.000000e-10)
GCR: Convergence at 21 iterations, n = 1, L2 relative residual: iterated = 3.624377e-11, true = 3.624377e-11 (requested = 1.000000e-10)
GCR: Convergence at 21 iterations, n = 2, L2 relative residual: iterated = 1.944315e-11, true = 1.944315e-11 (requested = 1.000000e-10)
GCR: Convergence at 21 iterations, n = 3, L2 relative residual: iterated = 4.498438e-11, true = 4.498438e-11 (requested = 1.000000e-10)
GCR: Convergence at 21 iterations, n = 4, L2 relative residual: iterated = 1.537949e-11, true = 1.537949e-11 (requested = 1.000000e-10)
GCR: Convergence at 21 iterations, n = 5, L2 relative residual: iterated = 2.071628e-11, true = 2.071628e-11 (requested = 1.000000e-10)
GCR: Convergence at 21 iterations, n = 6, L2 relative residual: iterated = 1.831369e-11, true = 1.831369e-11 (requested = 1.000000e-10)
GCR: Convergence at 21 iterations, n = 7, L2 relative residual: iterated = 2.799637e-11, true = 2.799637e-11 (requested = 1.000000e-10)
GCR: Convergence at 21 iterations, n = 8, L2 relative residual: iterated = 2.126684e-11, true = 2.126684e-11 (requested = 1.000000e-10)
GCR: Convergence at 21 iterations, n = 9, L2 relative residual: iterated = 2.981435e-11, true = 2.981435e-11 (requested = 1.000000e-10)
GCR: Convergence at 21 iterations, n = 10, L2 relative residual: iterated = 2.511427e-11, true = 2.511427e-11 (requested = 1.000000e-10)
GCR: Convergence at 21 iterations, n = 11, L2 relative residual: iterated = 3.424203e-11, true = 3.424203e-11 (requested = 1.000000e-10)
PyQUDA INFO: Time = 1.865 secs, Performance = 14352.971 GFLOPS
PyQUDA INFO: INVERT 2 propagagors: 3.713235104980413 secs
PyQUDA INFO: DOING SINK GAUSSIAN SMEARING
PyQUDA INFO: SINK GAUSSIAN SMEAR: 0.8405623949947767 secs
PyQUDA INFO: GPU used 49.9 GB, cupy pool 38.3 GB, cupy live 13.4 GB
PyQUDA INFO: CONTRACT ALL: 0.9196528409956954 secs
PyQUDA INFO: UNTIL CONTRACTION: 6.590731153002707 secs
PyQUDA INFO: INNER LOOP STARTS
PyQUDA INFO: SOURCE POSITION = [np.int64(29), np.int64(29), np.int64(29), np.int64(11)]
PyQUDA INFO: DOING SRC GAUSSIAN SMEARING
PyQUDA INFO: SOURCE GAUSSIAN SMEAR: 0.8169856079912279 secs
PyQUDA INFO: RELOADING GAUGE
PyQUDA INFO: RELOADING GAUGE: 0.259288369998103 secs
PyQUDA INFO: SOLVING DIRAC EQ
GCR: Convergence at 21 iterations, n = 0, L2 relative residual: iterated = 3.321572e-11, true = 3.321572e-11 (requested = 1.000000e-10)
GCR: Convergence at 21 iterations, n = 1, L2 relative residual: iterated = 2.026633e-11, true = 2.026633e-11 (requested = 1.000000e-10)
GCR: Convergence at 21 iterations, n = 2, L2 relative residual: iterated = 2.620364e-11, true = 2.620364e-11 (requested = 1.000000e-10)
GCR: Convergence at 21 iterations, n = 3, L2 relative residual: iterated = 2.105486e-11, true = 2.105486e-11 (requested = 1.000000e-10)
GCR: Convergence at 21 iterations, n = 4, L2 relative residual: iterated = 2.380537e-11, true = 2.380537e-11 (requested = 1.000000e-10)
GCR: Convergence at 21 iterations, n = 5, L2 relative residual: iterated = 4.247220e-11, true = 4.247220e-11 (requested = 1.000000e-10)
GCR: Convergence at 21 iterations, n = 6, L2 relative residual: iterated = 3.743150e-11, true = 3.743150e-11 (requested = 1.000000e-10)
GCR: Convergence at 21 iterations, n = 7, L2 relative residual: iterated = 4.057733e-11, true = 4.057733e-11 (requested = 1.000000e-10)
GCR: Convergence at 21 iterations, n = 8, L2 relative residual: iterated = 4.350591e-11, true = 4.350591e-11 (requested = 1.000000e-10)
GCR: Convergence at 21 iterations, n = 9, L2 relative residual: iterated = 3.597320e-11, true = 3.597320e-11 (requested = 1.000000e-10)
GCR: Convergence at 21 iterations, n = 10, L2 relative residual: iterated = 2.416267e-11, true = 2.416267e-11 (requested = 1.000000e-10)
GCR: Convergence at 21 iterations, n = 11, L2 relative residual: iterated = 2.966150e-11, true = 2.966150e-11 (requested = 1.000000e-10)
PyQUDA INFO: Time = 1.832 secs, Performance = 14612.513 GFLOPS
GCR: Convergence at 21 iterations, n = 0, L2 relative residual: iterated = 4.267727e-11, true = 4.267727e-11 (requested = 1.000000e-10)
GCR: Convergence at 21 iterations, n = 1, L2 relative residual: iterated = 4.008461e-11, true = 4.008461e-11 (requested = 1.000000e-10)
GCR: Convergence at 21 iterations, n = 2, L2 relative residual: iterated = 3.148548e-11, true = 3.148548e-11 (requested = 1.000000e-10)
GCR: Convergence at 21 iterations, n = 3, L2 relative residual: iterated = 2.304757e-11, true = 2.304757e-11 (requested = 1.000000e-10)
GCR: Convergence at 21 iterations, n = 4, L2 relative residual: iterated = 2.539623e-11, true = 2.539623e-11 (requested = 1.000000e-10)
GCR: Convergence at 21 iterations, n = 5, L2 relative residual: iterated = 4.128137e-11, true = 4.128137e-11 (requested = 1.000000e-10)
GCR: Convergence at 21 iterations, n = 6, L2 relative residual: iterated = 2.838122e-11, true = 2.838122e-11 (requested = 1.000000e-10)
GCR: Convergence at 21 iterations, n = 7, L2 relative residual: iterated = 4.353634e-11, true = 4.353634e-11 (requested = 1.000000e-10)
GCR: Convergence at 21 iterations, n = 8, L2 relative residual: iterated = 2.754905e-11, true = 2.754905e-11 (requested = 1.000000e-10)
GCR: Convergence at 21 iterations, n = 9, L2 relative residual: iterated = 4.093323e-11, true = 4.093323e-11 (requested = 1.000000e-10)
GCR: Convergence at 21 iterations, n = 10, L2 relative residual: iterated = 4.707540e-11, true = 4.707540e-11 (requested = 1.000000e-10)
GCR: Convergence at 21 iterations, n = 11, L2 relative residual: iterated = 2.854707e-11, true = 2.854707e-11 (requested = 1.000000e-10)
PyQUDA INFO: Time = 1.861 secs, Performance = 14377.319 GFLOPS
PyQUDA INFO: INVERT 2 propagagors: 3.6955783289740793 secs
PyQUDA INFO: DOING SINK GAUSSIAN SMEARING
PyQUDA INFO: SINK GAUSSIAN SMEAR: 0.8421782009827439 secs
PyQUDA INFO: GPU used 49.9 GB, cupy pool 38.3 GB, cupy live 13.4 GB
PyQUDA INFO: CONTRACT ALL: 0.9194807910243981 secs
PyQUDA INFO: UNTIL CONTRACTION: 6.578219856019132 secs
PyQUDA INFO: INNER LOOP STARTS
PyQUDA INFO: SOURCE POSITION = [np.int64(13), np.int64(13), np.int64(13), np.int64(43)]
PyQUDA INFO: DOING SRC GAUSSIAN SMEARING
PyQUDA INFO: SOURCE GAUSSIAN SMEAR: 0.8125142499920912 secs
PyQUDA INFO: RELOADING GAUGE
PyQUDA INFO: RELOADING GAUGE: 0.2533765679982025 secs
PyQUDA INFO: SOLVING DIRAC EQ
GCR: Convergence at 21 iterations, n = 0, L2 relative residual: iterated = 2.682770e-11, true = 2.682770e-11 (requested = 1.000000e-10)
GCR: Convergence at 21 iterations, n = 1, L2 relative residual: iterated = 3.895563e-11, true = 3.895563e-11 (requested = 1.000000e-10)
GCR: Convergence at 21 iterations, n = 2, L2 relative residual: iterated = 6.748459e-11, true = 6.748459e-11 (requested = 1.000000e-10)
GCR: Convergence at 21 iterations, n = 3, L2 relative residual: iterated = 2.775806e-11, true = 2.775806e-11 (requested = 1.000000e-10)
GCR: Convergence at 21 iterations, n = 4, L2 relative residual: iterated = 2.762803e-11, true = 2.762803e-11 (requested = 1.000000e-10)
GCR: Convergence at 21 iterations, n = 5, L2 relative residual: iterated = 2.552766e-11, true = 2.552766e-11 (requested = 1.000000e-10)
GCR: Convergence at 21 iterations, n = 6, L2 relative residual: iterated = 3.064862e-11, true = 3.064862e-11 (requested = 1.000000e-10)
GCR: Convergence at 21 iterations, n = 7, L2 relative residual: iterated = 1.999630e-11, true = 1.999630e-11 (requested = 1.000000e-10)
GCR: Convergence at 21 iterations, n = 8, L2 relative residual: iterated = 3.675182e-11, true = 3.675182e-11 (requested = 1.000000e-10)
GCR: Convergence at 21 iterations, n = 9, L2 relative residual: iterated = 2.196491e-11, true = 2.196491e-11 (requested = 1.000000e-10)
GCR: Convergence at 21 iterations, n = 10, L2 relative residual: iterated = 2.239540e-11, true = 2.239540e-11 (requested = 1.000000e-10)
GCR: Convergence at 21 iterations, n = 11, L2 relative residual: iterated = 2.407846e-11, true = 2.407846e-11 (requested = 1.000000e-10)
PyQUDA INFO: Time = 1.832 secs, Performance = 14636.142 GFLOPS
GCR: Convergence at 21 iterations, n = 0, L2 relative residual: iterated = 2.424112e-11, true = 2.424112e-11 (requested = 1.000000e-10)
GCR: Convergence at 21 iterations, n = 1, L2 relative residual: iterated = 2.798797e-11, true = 2.798797e-11 (requested = 1.000000e-10)
GCR: Convergence at 21 iterations, n = 2, L2 relative residual: iterated = 2.724591e-11, true = 2.724591e-11 (requested = 1.000000e-10)
GCR: Convergence at 21 iterations, n = 3, L2 relative residual: iterated = 3.837574e-11, true = 3.837574e-11 (requested = 1.000000e-10)
GCR: Convergence at 21 iterations, n = 4, L2 relative residual: iterated = 7.397041e-11, true = 7.397041e-11 (requested = 1.000000e-10)
GCR: Convergence at 21 iterations, n = 5, L2 relative residual: iterated = 4.489063e-11, true = 4.489063e-11 (requested = 1.000000e-10)
GCR: Convergence at 21 iterations, n = 6, L2 relative residual: iterated = 2.203206e-11, true = 2.203206e-11 (requested = 1.000000e-10)
GCR: Convergence at 21 iterations, n = 7, L2 relative residual: iterated = 2.095232e-11, true = 2.095232e-11 (requested = 1.000000e-10)
GCR: Convergence at 21 iterations, n = 8, L2 relative residual: iterated = 2.562407e-11, true = 2.562407e-11 (requested = 1.000000e-10)
GCR: Convergence at 21 iterations, n = 9, L2 relative residual: iterated = 2.553684e-11, true = 2.553684e-11 (requested = 1.000000e-10)
GCR: Convergence at 21 iterations, n = 10, L2 relative residual: iterated = 2.890445e-11, true = 2.890445e-11 (requested = 1.000000e-10)
GCR: Convergence at 21 iterations, n = 11, L2 relative residual: iterated = 2.482732e-11, true = 2.482732e-11 (requested = 1.000000e-10)
PyQUDA INFO: Time = 1.868 secs, Performance = 14364.809 GFLOPS
PyQUDA INFO: INVERT 2 propagagors: 3.7023997049836908 secs
PyQUDA INFO: DOING SINK GAUSSIAN SMEARING
PyQUDA INFO: SINK GAUSSIAN SMEAR: 0.9670790289819706 secs
PyQUDA INFO: GPU used 49.9 GB, cupy pool 38.3 GB, cupy live 13.4 GB
PyQUDA INFO: CONTRACT ALL: 0.9202620340220165 secs
PyQUDA INFO: UNTIL CONTRACTION: 6.703344184003072 secs
PyQUDA INFO: INNER LOOP STARTS
PyQUDA INFO: SOURCE POSITION = [np.int64(13), np.int64(13), np.int64(29), np.int64(43)]
PyQUDA INFO: DOING SRC GAUSSIAN SMEARING
PyQUDA INFO: SOURCE GAUSSIAN SMEAR: 0.8216184549964964 secs
PyQUDA INFO: RELOADING GAUGE
PyQUDA INFO: RELOADING GAUGE: 0.2591984099999536 secs
PyQUDA INFO: SOLVING DIRAC EQ
GCR: Convergence at 21 iterations, n = 0, L2 relative residual: iterated = 3.667994e-11, true = 3.667994e-11 (requested = 1.000000e-10)
GCR: Convergence at 21 iterations, n = 1, L2 relative residual: iterated = 3.015903e-11, true = 3.015903e-11 (requested = 1.000000e-10)
GCR: Convergence at 21 iterations, n = 2, L2 relative residual: iterated = 2.738709e-11, true = 2.738709e-11 (requested = 1.000000e-10)
GCR: Convergence at 21 iterations, n = 3, L2 relative residual: iterated = 2.245811e-11, true = 2.245811e-11 (requested = 1.000000e-10)
GCR: Convergence at 21 iterations, n = 4, L2 relative residual: iterated = 3.143607e-11, true = 3.143607e-11 (requested = 1.000000e-10)
GCR: Convergence at 21 iterations, n = 5, L2 relative residual: iterated = 2.997981e-11, true = 2.997981e-11 (requested = 1.000000e-10)
GCR: Convergence at 21 iterations, n = 6, L2 relative residual: iterated = 5.694790e-11, true = 5.694790e-11 (requested = 1.000000e-10)
GCR: Convergence at 21 iterations, n = 7, L2 relative residual: iterated = 5.412079e-11, true = 5.412079e-11 (requested = 1.000000e-10)
GCR: Convergence at 21 iterations, n = 8, L2 relative residual: iterated = 4.316020e-11, true = 4.316020e-11 (requested = 1.000000e-10)
GCR: Convergence at 21 iterations, n = 9, L2 relative residual: iterated = 3.123158e-11, true = 3.123158e-11 (requested = 1.000000e-10)
GCR: Convergence at 21 iterations, n = 10, L2 relative residual: iterated = 2.680988e-11, true = 2.680988e-11 (requested = 1.000000e-10)
GCR: Convergence at 21 iterations, n = 11, L2 relative residual: iterated = 4.398402e-11, true = 4.398402e-11 (requested = 1.000000e-10)
PyQUDA INFO: Time = 1.833 secs, Performance = 14598.863 GFLOPS
GCR: Convergence at 21 iterations, n = 0, L2 relative residual: iterated = 3.342414e-11, true = 3.342414e-11 (requested = 1.000000e-10)
GCR: Convergence at 21 iterations, n = 1, L2 relative residual: iterated = 2.711687e-11, true = 2.711687e-11 (requested = 1.000000e-10)
GCR: Convergence at 21 iterations, n = 2, L2 relative residual: iterated = 2.985303e-11, true = 2.985303e-11 (requested = 1.000000e-10)
GCR: Convergence at 21 iterations, n = 3, L2 relative residual: iterated = 2.060472e-11, true = 2.060472e-11 (requested = 1.000000e-10)
GCR: Convergence at 21 iterations, n = 4, L2 relative residual: iterated = 3.914640e-11, true = 3.914640e-11 (requested = 1.000000e-10)
GCR: Convergence at 21 iterations, n = 5, L2 relative residual: iterated = 2.801094e-11, true = 2.801094e-11 (requested = 1.000000e-10)
GCR: Convergence at 21 iterations, n = 6, L2 relative residual: iterated = 3.577182e-11, true = 3.577182e-11 (requested = 1.000000e-10)
GCR: Convergence at 21 iterations, n = 7, L2 relative residual: iterated = 4.276155e-11, true = 4.276155e-11 (requested = 1.000000e-10)
GCR: Convergence at 21 iterations, n = 8, L2 relative residual: iterated = 4.922158e-11, true = 4.922158e-11 (requested = 1.000000e-10)
GCR: Convergence at 21 iterations, n = 9, L2 relative residual: iterated = 6.730732e-11, true = 6.730732e-11 (requested = 1.000000e-10)
GCR: Convergence at 21 iterations, n = 10, L2 relative residual: iterated = 3.566925e-11, true = 3.566925e-11 (requested = 1.000000e-10)
GCR: Convergence at 21 iterations, n = 11, L2 relative residual: iterated = 6.592618e-11, true = 6.592618e-11 (requested = 1.000000e-10)
PyQUDA INFO: Time = 1.879 secs, Performance = 14264.129 GFLOPS
PyQUDA INFO: INVERT 2 propagagors: 3.7135999359888956 secs
PyQUDA INFO: DOING SINK GAUSSIAN SMEARING
PyQUDA INFO: SINK GAUSSIAN SMEAR: 0.8290795730135869 secs
PyQUDA INFO: GPU used 49.9 GB, cupy pool 38.3 GB, cupy live 13.4 GB
PyQUDA INFO: CONTRACT ALL: 0.92020346398931 secs
PyQUDA INFO: UNTIL CONTRACTION: 6.589719649986364 secs
PyQUDA INFO: INNER LOOP STARTS
PyQUDA INFO: SOURCE POSITION = [np.int64(13), np.int64(29), np.int64(13), np.int64(43)]
PyQUDA INFO: DOING SRC GAUSSIAN SMEARING
PyQUDA INFO: SOURCE GAUSSIAN SMEAR: 0.8172040579956956 secs
PyQUDA INFO: RELOADING GAUGE
PyQUDA INFO: RELOADING GAUGE: 0.25552204600535333 secs
PyQUDA INFO: SOLVING DIRAC EQ
GCR: Convergence at 21 iterations, n = 0, L2 relative residual: iterated = 2.904105e-11, true = 2.904105e-11 (requested = 1.000000e-10)
GCR: Convergence at 21 iterations, n = 1, L2 relative residual: iterated = 2.954307e-11, true = 2.954307e-11 (requested = 1.000000e-10)
GCR: Convergence at 21 iterations, n = 2, L2 relative residual: iterated = 3.150592e-11, true = 3.150592e-11 (requested = 1.000000e-10)
GCR: Convergence at 21 iterations, n = 3, L2 relative residual: iterated = 2.631145e-11, true = 2.631145e-11 (requested = 1.000000e-10)
GCR: Convergence at 21 iterations, n = 4, L2 relative residual: iterated = 2.772421e-11, true = 2.772421e-11 (requested = 1.000000e-10)
GCR: Convergence at 21 iterations, n = 5, L2 relative residual: iterated = 3.378044e-11, true = 3.378044e-11 (requested = 1.000000e-10)
GCR: Convergence at 21 iterations, n = 6, L2 relative residual: iterated = 3.096519e-11, true = 3.096519e-11 (requested = 1.000000e-10)
GCR: Convergence at 21 iterations, n = 7, L2 relative residual: iterated = 3.194334e-11, true = 3.194334e-11 (requested = 1.000000e-10)
GCR: Convergence at 21 iterations, n = 8, L2 relative residual: iterated = 3.840374e-11, true = 3.840374e-11 (requested = 1.000000e-10)
GCR: Convergence at 21 iterations, n = 9, L2 relative residual: iterated = 5.524746e-11, true = 5.524746e-11 (requested = 1.000000e-10)
GCR: Convergence at 21 iterations, n = 10, L2 relative residual: iterated = 3.137025e-11, true = 3.137025e-11 (requested = 1.000000e-10)
GCR: Convergence at 21 iterations, n = 11, L2 relative residual: iterated = 5.640149e-11, true = 5.640149e-11 (requested = 1.000000e-10)
PyQUDA INFO: Time = 1.845 secs, Performance = 14537.237 GFLOPS
GCR: Convergence at 21 iterations, n = 0, L2 relative residual: iterated = 2.069655e-11, true = 2.069655e-11 (requested = 1.000000e-10)
GCR: Convergence at 21 iterations, n = 1, L2 relative residual: iterated = 1.365564e-11, true = 1.365564e-11 (requested = 1.000000e-10)
GCR: Convergence at 21 iterations, n = 2, L2 relative residual: iterated = 2.923970e-11, true = 2.923970e-11 (requested = 1.000000e-10)
GCR: Convergence at 21 iterations, n = 3, L2 relative residual: iterated = 1.978591e-11, true = 1.978591e-11 (requested = 1.000000e-10)
GCR: Convergence at 21 iterations, n = 4, L2 relative residual: iterated = 2.696487e-11, true = 2.696487e-11 (requested = 1.000000e-10)
GCR: Convergence at 21 iterations, n = 5, L2 relative residual: iterated = 3.303036e-11, true = 3.303036e-11 (requested = 1.000000e-10)
GCR: Convergence at 21 iterations, n = 6, L2 relative residual: iterated = 2.613124e-11, true = 2.613124e-11 (requested = 1.000000e-10)
GCR: Convergence at 21 iterations, n = 7, L2 relative residual: iterated = 2.650056e-11, true = 2.650056e-11 (requested = 1.000000e-10)
GCR: Convergence at 21 iterations, n = 8, L2 relative residual: iterated = 3.118744e-11, true = 3.118744e-11 (requested = 1.000000e-10)
GCR: Convergence at 21 iterations, n = 9, L2 relative residual: iterated = 1.854194e-11, true = 1.854194e-11 (requested = 1.000000e-10)
GCR: Convergence at 21 iterations, n = 10, L2 relative residual: iterated = 1.658514e-11, true = 1.658514e-11 (requested = 1.000000e-10)
GCR: Convergence at 21 iterations, n = 11, L2 relative residual: iterated = 3.765347e-11, true = 3.765347e-11 (requested = 1.000000e-10)
PyQUDA INFO: Time = 1.871 secs, Performance = 14348.998 GFLOPS
PyQUDA INFO: INVERT 2 propagagors: 3.7184608549869154 secs
PyQUDA INFO: DOING SINK GAUSSIAN SMEARING
PyQUDA INFO: SINK GAUSSIAN SMEAR: 0.9686152540089097 secs
PyQUDA INFO: GPU used 49.9 GB, cupy pool 38.3 GB, cupy live 13.4 GB
PyQUDA INFO: CONTRACT ALL: 0.9198108220007271 secs
PyQUDA INFO: UNTIL CONTRACTION: 6.725546797999414 secs
PyQUDA INFO: INNER LOOP STARTS
PyQUDA INFO: SOURCE POSITION = [np.int64(13), np.int64(29), np.int64(29), np.int64(43)]
PyQUDA INFO: DOING SRC GAUSSIAN SMEARING
PyQUDA INFO: SOURCE GAUSSIAN SMEAR: 0.818812464014627 secs
PyQUDA INFO: RELOADING GAUGE
PyQUDA INFO: RELOADING GAUGE: 0.2621044109982904 secs
PyQUDA INFO: SOLVING DIRAC EQ
GCR: Convergence at 21 iterations, n = 0, L2 relative residual: iterated = 2.329044e-11, true = 2.329044e-11 (requested = 1.000000e-10)
GCR: Convergence at 21 iterations, n = 1, L2 relative residual: iterated = 1.729777e-11, true = 1.729777e-11 (requested = 1.000000e-10)
GCR: Convergence at 21 iterations, n = 2, L2 relative residual: iterated = 2.765830e-11, true = 2.765830e-11 (requested = 1.000000e-10)
GCR: Convergence at 21 iterations, n = 3, L2 relative residual: iterated = 2.232837e-11, true = 2.232837e-11 (requested = 1.000000e-10)
GCR: Convergence at 21 iterations, n = 4, L2 relative residual: iterated = 2.037022e-11, true = 2.037022e-11 (requested = 1.000000e-10)
GCR: Convergence at 21 iterations, n = 5, L2 relative residual: iterated = 1.822791e-11, true = 1.822791e-11 (requested = 1.000000e-10)
GCR: Convergence at 21 iterations, n = 6, L2 relative residual: iterated = 3.970156e-11, true = 3.970156e-11 (requested = 1.000000e-10)
GCR: Convergence at 21 iterations, n = 7, L2 relative residual: iterated = 2.905632e-11, true = 2.905632e-11 (requested = 1.000000e-10)
GCR: Convergence at 21 iterations, n = 8, L2 relative residual: iterated = 3.952871e-11, true = 3.952871e-11 (requested = 1.000000e-10)
GCR: Convergence at 21 iterations, n = 9, L2 relative residual: iterated = 2.286252e-11, true = 2.286252e-11 (requested = 1.000000e-10)
GCR: Convergence at 21 iterations, n = 10, L2 relative residual: iterated = 2.851338e-11, true = 2.851338e-11 (requested = 1.000000e-10)
GCR: Convergence at 21 iterations, n = 11, L2 relative residual: iterated = 3.246142e-11, true = 3.246142e-11 (requested = 1.000000e-10)
PyQUDA INFO: Time = 1.844 secs, Performance = 14552.968 GFLOPS
GCR: Convergence at 21 iterations, n = 0, L2 relative residual: iterated = 2.431898e-11, true = 2.431898e-11 (requested = 1.000000e-10)
GCR: Convergence at 21 iterations, n = 1, L2 relative residual: iterated = 1.789420e-11, true = 1.789420e-11 (requested = 1.000000e-10)
GCR: Convergence at 21 iterations, n = 2, L2 relative residual: iterated = 1.748308e-11, true = 1.748308e-11 (requested = 1.000000e-10)
GCR: Convergence at 21 iterations, n = 3, L2 relative residual: iterated = 2.325086e-11, true = 2.325086e-11 (requested = 1.000000e-10)
GCR: Convergence at 21 iterations, n = 4, L2 relative residual: iterated = 1.405201e-11, true = 1.405201e-11 (requested = 1.000000e-10)
GCR: Convergence at 21 iterations, n = 5, L2 relative residual: iterated = 2.640908e-11, true = 2.640908e-11 (requested = 1.000000e-10)
GCR: Convergence at 21 iterations, n = 6, L2 relative residual: iterated = 3.841411e-11, true = 3.841411e-11 (requested = 1.000000e-10)
GCR: Convergence at 21 iterations, n = 7, L2 relative residual: iterated = 2.834869e-11, true = 2.834869e-11 (requested = 1.000000e-10)
GCR: Convergence at 21 iterations, n = 8, L2 relative residual: iterated = 3.308048e-11, true = 3.308048e-11 (requested = 1.000000e-10)
GCR: Convergence at 21 iterations, n = 9, L2 relative residual: iterated = 3.552986e-11, true = 3.552986e-11 (requested = 1.000000e-10)
GCR: Convergence at 21 iterations, n = 10, L2 relative residual: iterated = 2.878652e-11, true = 2.878652e-11 (requested = 1.000000e-10)
GCR: Convergence at 21 iterations, n = 11, L2 relative residual: iterated = 3.296664e-11, true = 3.296664e-11 (requested = 1.000000e-10)
PyQUDA INFO: Time = 1.872 secs, Performance = 14328.792 GFLOPS
PyQUDA INFO: INVERT 2 propagagors: 3.7180994889931753 secs
PyQUDA INFO: DOING SINK GAUSSIAN SMEARING
PyQUDA INFO: SINK GAUSSIAN SMEAR: 0.8300662420224398 secs
PyQUDA INFO: GPU used 49.9 GB, cupy pool 38.3 GB, cupy live 13.4 GB
PyQUDA INFO: CONTRACT ALL: 0.9206143890041858 secs
PyQUDA INFO: UNTIL CONTRACTION: 6.59538123299717 secs
PyQUDA INFO: INNER LOOP STARTS
PyQUDA INFO: SOURCE POSITION = [np.int64(29), np.int64(13), np.int64(13), np.int64(43)]
PyQUDA INFO: DOING SRC GAUSSIAN SMEARING
PyQUDA INFO: SOURCE GAUSSIAN SMEAR: 0.8099433629831765 secs
PyQUDA INFO: RELOADING GAUGE
PyQUDA INFO: RELOADING GAUGE: 0.259479888016358 secs
PyQUDA INFO: SOLVING DIRAC EQ
GCR: Convergence at 20 iterations, n = 0, L2 relative residual: iterated = 7.500975e-11, true = 7.500975e-11 (requested = 1.000000e-10)
GCR: Convergence at 20 iterations, n = 1, L2 relative residual: iterated = 3.730842e-11, true = 3.730842e-11 (requested = 1.000000e-10)
GCR: Convergence at 20 iterations, n = 2, L2 relative residual: iterated = 4.508572e-11, true = 4.508572e-11 (requested = 1.000000e-10)
GCR: Convergence at 20 iterations, n = 3, L2 relative residual: iterated = 4.750843e-11, true = 4.750843e-11 (requested = 1.000000e-10)
GCR: Convergence at 20 iterations, n = 4, L2 relative residual: iterated = 5.462990e-11, true = 5.462990e-11 (requested = 1.000000e-10)
GCR: Convergence at 20 iterations, n = 5, L2 relative residual: iterated = 5.705527e-11, true = 5.705527e-11 (requested = 1.000000e-10)
GCR: Convergence at 20 iterations, n = 6, L2 relative residual: iterated = 4.918392e-11, true = 4.918392e-11 (requested = 1.000000e-10)
GCR: Convergence at 20 iterations, n = 7, L2 relative residual: iterated = 6.940031e-11, true = 6.940031e-11 (requested = 1.000000e-10)
GCR: Convergence at 20 iterations, n = 8, L2 relative residual: iterated = 4.017981e-11, true = 4.017981e-11 (requested = 1.000000e-10)
GCR: Convergence at 20 iterations, n = 9, L2 relative residual: iterated = 6.122228e-11, true = 6.122228e-11 (requested = 1.000000e-10)
GCR: Convergence at 20 iterations, n = 10, L2 relative residual: iterated = 6.823765e-11, true = 6.823765e-11 (requested = 1.000000e-10)
GCR: Convergence at 20 iterations, n = 11, L2 relative residual: iterated = 5.791981e-11, true = 5.791981e-11 (requested = 1.000000e-10)
PyQUDA INFO: Time = 1.762 secs, Performance = 14493.393 GFLOPS
GCR: Convergence at 21 iterations, n = 0, L2 relative residual: iterated = 3.442910e-11, true = 3.442910e-11 (requested = 1.000000e-10)
GCR: Convergence at 21 iterations, n = 1, L2 relative residual: iterated = 3.940206e-11, true = 3.940206e-11 (requested = 1.000000e-10)
GCR: Convergence at 21 iterations, n = 2, L2 relative residual: iterated = 3.170849e-11, true = 3.170849e-11 (requested = 1.000000e-10)
GCR: Convergence at 21 iterations, n = 3, L2 relative residual: iterated = 3.034503e-11, true = 3.034503e-11 (requested = 1.000000e-10)
GCR: Convergence at 21 iterations, n = 4, L2 relative residual: iterated = 4.983812e-11, true = 4.983812e-11 (requested = 1.000000e-10)
GCR: Convergence at 21 iterations, n = 5, L2 relative residual: iterated = 2.567422e-11, true = 2.567422e-11 (requested = 1.000000e-10)
GCR: Convergence at 21 iterations, n = 6, L2 relative residual: iterated = 3.660525e-11, true = 3.660525e-11 (requested = 1.000000e-10)
GCR: Convergence at 21 iterations, n = 7, L2 relative residual: iterated = 6.486148e-11, true = 6.486148e-11 (requested = 1.000000e-10)
GCR: Convergence at 21 iterations, n = 8, L2 relative residual: iterated = 3.975677e-11, true = 3.975677e-11 (requested = 1.000000e-10)
GCR: Convergence at 21 iterations, n = 9, L2 relative residual: iterated = 3.769559e-11, true = 3.769559e-11 (requested = 1.000000e-10)
GCR: Convergence at 21 iterations, n = 10, L2 relative residual: iterated = 3.582884e-11, true = 3.582884e-11 (requested = 1.000000e-10)
GCR: Convergence at 21 iterations, n = 11, L2 relative residual: iterated = 4.275032e-11, true = 4.275032e-11 (requested = 1.000000e-10)
PyQUDA INFO: Time = 1.863 secs, Performance = 14375.615 GFLOPS
PyQUDA INFO: INVERT 2 propagagors: 3.627223485003924 secs
PyQUDA INFO: DOING SINK GAUSSIAN SMEARING
PyQUDA INFO: SINK GAUSSIAN SMEAR: 0.9667661919957027 secs
PyQUDA INFO: GPU used 49.9 GB, cupy pool 38.3 GB, cupy live 13.4 GB
PyQUDA INFO: CONTRACT ALL: 0.9207805899786763 secs
PyQUDA INFO: UNTIL CONTRACTION: 6.629346508008894 secs
PyQUDA INFO: INNER LOOP STARTS
PyQUDA INFO: SOURCE POSITION = [np.int64(29), np.int64(13), np.int64(29), np.int64(43)]
PyQUDA INFO: DOING SRC GAUSSIAN SMEARING
PyQUDA INFO: SOURCE GAUSSIAN SMEAR: 0.8202435090206563 secs
PyQUDA INFO: RELOADING GAUGE
PyQUDA INFO: RELOADING GAUGE: 0.2608659249963239 secs
PyQUDA INFO: SOLVING DIRAC EQ
GCR: Convergence at 21 iterations, n = 0, L2 relative residual: iterated = 2.758439e-11, true = 2.758439e-11 (requested = 1.000000e-10)
GCR: Convergence at 21 iterations, n = 1, L2 relative residual: iterated = 4.371652e-11, true = 4.371652e-11 (requested = 1.000000e-10)
GCR: Convergence at 21 iterations, n = 2, L2 relative residual: iterated = 2.609923e-11, true = 2.609923e-11 (requested = 1.000000e-10)
GCR: Convergence at 21 iterations, n = 3, L2 relative residual: iterated = 2.736917e-11, true = 2.736917e-11 (requested = 1.000000e-10)
GCR: Convergence at 21 iterations, n = 4, L2 relative residual: iterated = 2.433639e-11, true = 2.433639e-11 (requested = 1.000000e-10)
GCR: Convergence at 21 iterations, n = 5, L2 relative residual: iterated = 3.646900e-11, true = 3.646900e-11 (requested = 1.000000e-10)
GCR: Convergence at 21 iterations, n = 6, L2 relative residual: iterated = 3.489850e-11, true = 3.489850e-11 (requested = 1.000000e-10)
GCR: Convergence at 21 iterations, n = 7, L2 relative residual: iterated = 7.168446e-11, true = 7.168446e-11 (requested = 1.000000e-10)
GCR: Convergence at 21 iterations, n = 8, L2 relative residual: iterated = 3.901576e-11, true = 3.901576e-11 (requested = 1.000000e-10)
GCR: Convergence at 21 iterations, n = 9, L2 relative residual: iterated = 3.137692e-11, true = 3.137692e-11 (requested = 1.000000e-10)
GCR: Convergence at 21 iterations, n = 10, L2 relative residual: iterated = 4.005938e-11, true = 4.005938e-11 (requested = 1.000000e-10)
GCR: Convergence at 21 iterations, n = 11, L2 relative residual: iterated = 5.383293e-11, true = 5.383293e-11 (requested = 1.000000e-10)
PyQUDA INFO: Time = 1.841 secs, Performance = 14557.287 GFLOPS
GCR: Convergence at 21 iterations, n = 0, L2 relative residual: iterated = 2.639089e-11, true = 2.639089e-11 (requested = 1.000000e-10)
GCR: Convergence at 21 iterations, n = 1, L2 relative residual: iterated = 2.987633e-11, true = 2.987633e-11 (requested = 1.000000e-10)
GCR: Convergence at 21 iterations, n = 2, L2 relative residual: iterated = 1.671647e-11, true = 1.671647e-11 (requested = 1.000000e-10)
GCR: Convergence at 21 iterations, n = 3, L2 relative residual: iterated = 3.471601e-11, true = 3.471601e-11 (requested = 1.000000e-10)
GCR: Convergence at 21 iterations, n = 4, L2 relative residual: iterated = 2.898229e-11, true = 2.898229e-11 (requested = 1.000000e-10)
GCR: Convergence at 21 iterations, n = 5, L2 relative residual: iterated = 2.674869e-11, true = 2.674869e-11 (requested = 1.000000e-10)
GCR: Convergence at 21 iterations, n = 6, L2 relative residual: iterated = 3.086286e-11, true = 3.086286e-11 (requested = 1.000000e-10)
GCR: Convergence at 21 iterations, n = 7, L2 relative residual: iterated = 2.988409e-11, true = 2.988409e-11 (requested = 1.000000e-10)
GCR: Convergence at 21 iterations, n = 8, L2 relative residual: iterated = 4.866245e-11, true = 4.866245e-11 (requested = 1.000000e-10)
GCR: Convergence at 21 iterations, n = 9, L2 relative residual: iterated = 2.888660e-11, true = 2.888660e-11 (requested = 1.000000e-10)
GCR: Convergence at 21 iterations, n = 10, L2 relative residual: iterated = 4.566885e-11, true = 4.566885e-11 (requested = 1.000000e-10)
GCR: Convergence at 21 iterations, n = 11, L2 relative residual: iterated = 6.662622e-11, true = 6.662622e-11 (requested = 1.000000e-10)
PyQUDA INFO: Time = 1.868 secs, Performance = 14360.032 GFLOPS
PyQUDA INFO: INVERT 2 propagagors: 3.710586548986612 secs
PyQUDA INFO: DOING SINK GAUSSIAN SMEARING
PyQUDA INFO: SINK GAUSSIAN SMEAR: 0.964426802995149 secs
PyQUDA INFO: GPU used 49.9 GB, cupy pool 38.3 GB, cupy live 13.4 GB
PyQUDA INFO: CONTRACT ALL: 0.9205467330175452 secs
PyQUDA INFO: UNTIL CONTRACTION: 6.721239103993867 secs
PyQUDA INFO: INNER LOOP STARTS
PyQUDA INFO: SOURCE POSITION = [np.int64(29), np.int64(29), np.int64(13), np.int64(43)]
PyQUDA INFO: DOING SRC GAUSSIAN SMEARING
PyQUDA INFO: SOURCE GAUSSIAN SMEAR: 0.8129322089953348 secs
PyQUDA INFO: RELOADING GAUGE
PyQUDA INFO: RELOADING GAUGE: 0.26730498400866054 secs
PyQUDA INFO: SOLVING DIRAC EQ
GCR: Convergence at 21 iterations, n = 0, L2 relative residual: iterated = 2.294821e-11, true = 2.294821e-11 (requested = 1.000000e-10)
GCR: Convergence at 21 iterations, n = 1, L2 relative residual: iterated = 2.255906e-11, true = 2.255906e-11 (requested = 1.000000e-10)
GCR: Convergence at 21 iterations, n = 2, L2 relative residual: iterated = 2.720310e-11, true = 2.720310e-11 (requested = 1.000000e-10)
GCR: Convergence at 21 iterations, n = 3, L2 relative residual: iterated = 4.131502e-11, true = 4.131502e-11 (requested = 1.000000e-10)
GCR: Convergence at 21 iterations, n = 4, L2 relative residual: iterated = 3.784645e-11, true = 3.784645e-11 (requested = 1.000000e-10)
GCR: Convergence at 21 iterations, n = 5, L2 relative residual: iterated = 3.818678e-11, true = 3.818678e-11 (requested = 1.000000e-10)
GCR: Convergence at 21 iterations, n = 6, L2 relative residual: iterated = 2.393762e-11, true = 2.393762e-11 (requested = 1.000000e-10)
GCR: Convergence at 21 iterations, n = 7, L2 relative residual: iterated = 2.624956e-11, true = 2.624956e-11 (requested = 1.000000e-10)
GCR: Convergence at 21 iterations, n = 8, L2 relative residual: iterated = 1.621550e-11, true = 1.621550e-11 (requested = 1.000000e-10)
GCR: Convergence at 21 iterations, n = 9, L2 relative residual: iterated = 1.741595e-11, true = 1.741595e-11 (requested = 1.000000e-10)
GCR: Convergence at 21 iterations, n = 10, L2 relative residual: iterated = 3.310343e-11, true = 3.310343e-11 (requested = 1.000000e-10)
GCR: Convergence at 21 iterations, n = 11, L2 relative residual: iterated = 3.613907e-11, true = 3.613907e-11 (requested = 1.000000e-10)
PyQUDA INFO: Time = 1.834 secs, Performance = 14625.953 GFLOPS
GCR: Convergence at 20 iterations, n = 0, L2 relative residual: iterated = 9.113057e-11, true = 9.113057e-11 (requested = 1.000000e-10)
GCR: Convergence at 20 iterations, n = 1, L2 relative residual: iterated = 8.298840e-11, true = 8.298840e-11 (requested = 1.000000e-10)
GCR: Convergence at 20 iterations, n = 2, L2 relative residual: iterated = 7.814532e-11, true = 7.814532e-11 (requested = 1.000000e-10)
GCR: Convergence at 20 iterations, n = 3, L2 relative residual: iterated = 8.235258e-11, true = 8.235258e-11 (requested = 1.000000e-10)
GCR: Convergence at 20 iterations, n = 4, L2 relative residual: iterated = 5.447919e-11, true = 5.447919e-11 (requested = 1.000000e-10)
GCR: Convergence at 20 iterations, n = 5, L2 relative residual: iterated = 6.499982e-11, true = 6.499982e-11 (requested = 1.000000e-10)
GCR: Convergence at 20 iterations, n = 6, L2 relative residual: iterated = 7.871094e-11, true = 7.871094e-11 (requested = 1.000000e-10)
GCR: Convergence at 20 iterations, n = 7, L2 relative residual: iterated = 8.016706e-11, true = 8.016706e-11 (requested = 1.000000e-10)
GCR: Convergence at 20 iterations, n = 8, L2 relative residual: iterated = 5.826799e-11, true = 5.826799e-11 (requested = 1.000000e-10)
GCR: Convergence at 20 iterations, n = 9, L2 relative residual: iterated = 5.802451e-11, true = 5.802451e-11 (requested = 1.000000e-10)
GCR: Convergence at 20 iterations, n = 10, L2 relative residual: iterated = 6.594228e-11, true = 6.594228e-11 (requested = 1.000000e-10)
GCR: Convergence at 20 iterations, n = 11, L2 relative residual: iterated = 8.127794e-11, true = 8.127794e-11 (requested = 1.000000e-10)
PyQUDA INFO: Time = 1.796 secs, Performance = 14209.104 GFLOPS
PyQUDA INFO: INVERT 2 propagagors: 3.6327548590197694 secs
PyQUDA INFO: DOING SINK GAUSSIAN SMEARING
PyQUDA INFO: SINK GAUSSIAN SMEAR: 0.9665436819777824 secs
PyQUDA INFO: GPU used 49.9 GB, cupy pool 38.3 GB, cupy live 13.4 GB
PyQUDA INFO: CONTRACT ALL: 0.9204205029818695 secs
PyQUDA INFO: UNTIL CONTRACTION: 6.645551422989229 secs
PyQUDA INFO: INNER LOOP STARTS
PyQUDA INFO: SOURCE POSITION = [np.int64(29), np.int64(29), np.int64(29), np.int64(43)]
PyQUDA INFO: DOING SRC GAUSSIAN SMEARING
PyQUDA INFO: SOURCE GAUSSIAN SMEAR: 0.8180828309850767 secs
PyQUDA INFO: RELOADING GAUGE
PyQUDA INFO: RELOADING GAUGE: 0.26024510301067494 secs
PyQUDA INFO: SOLVING DIRAC EQ
GCR: Convergence at 21 iterations, n = 0, L2 relative residual: iterated = 2.642880e-11, true = 2.642880e-11 (requested = 1.000000e-10)
GCR: Convergence at 21 iterations, n = 1, L2 relative residual: iterated = 1.675597e-11, true = 1.675597e-11 (requested = 1.000000e-10)
GCR: Convergence at 21 iterations, n = 2, L2 relative residual: iterated = 1.317386e-11, true = 1.317386e-11 (requested = 1.000000e-10)
GCR: Convergence at 21 iterations, n = 3, L2 relative residual: iterated = 2.062841e-11, true = 2.062841e-11 (requested = 1.000000e-10)
GCR: Convergence at 21 iterations, n = 4, L2 relative residual: iterated = 2.275882e-11, true = 2.275882e-11 (requested = 1.000000e-10)
GCR: Convergence at 21 iterations, n = 5, L2 relative residual: iterated = 2.123505e-11, true = 2.123505e-11 (requested = 1.000000e-10)
GCR: Convergence at 21 iterations, n = 6, L2 relative residual: iterated = 7.895881e-11, true = 7.895881e-11 (requested = 1.000000e-10)
GCR: Convergence at 21 iterations, n = 7, L2 relative residual: iterated = 5.224325e-11, true = 5.224325e-11 (requested = 1.000000e-10)
GCR: Convergence at 21 iterations, n = 8, L2 relative residual: iterated = 3.262851e-11, true = 3.262851e-11 (requested = 1.000000e-10)
GCR: Convergence at 21 iterations, n = 9, L2 relative residual: iterated = 3.765554e-11, true = 3.765554e-11 (requested = 1.000000e-10)
GCR: Convergence at 21 iterations, n = 10, L2 relative residual: iterated = 3.461044e-11, true = 3.461044e-11 (requested = 1.000000e-10)
GCR: Convergence at 21 iterations, n = 11, L2 relative residual: iterated = 6.503983e-11, true = 6.503983e-11 (requested = 1.000000e-10)
PyQUDA INFO: Time = 1.835 secs, Performance = 14610.132 GFLOPS
GCR: Convergence at 21 iterations, n = 0, L2 relative residual: iterated = 2.567793e-11, true = 2.567793e-11 (requested = 1.000000e-10)
GCR: Convergence at 21 iterations, n = 1, L2 relative residual: iterated = 2.306199e-11, true = 2.306199e-11 (requested = 1.000000e-10)
GCR: Convergence at 21 iterations, n = 2, L2 relative residual: iterated = 3.476876e-11, true = 3.476876e-11 (requested = 1.000000e-10)
GCR: Convergence at 21 iterations, n = 3, L2 relative residual: iterated = 1.764711e-11, true = 1.764711e-11 (requested = 1.000000e-10)
GCR: Convergence at 21 iterations, n = 4, L2 relative residual: iterated = 2.464026e-11, true = 2.464026e-11 (requested = 1.000000e-10)
GCR: Convergence at 21 iterations, n = 5, L2 relative residual: iterated = 2.725595e-11, true = 2.725595e-11 (requested = 1.000000e-10)
GCR: Convergence at 21 iterations, n = 6, L2 relative residual: iterated = 5.663527e-11, true = 5.663527e-11 (requested = 1.000000e-10)
GCR: Convergence at 21 iterations, n = 7, L2 relative residual: iterated = 6.969288e-11, true = 6.969288e-11 (requested = 1.000000e-10)
GCR: Convergence at 21 iterations, n = 8, L2 relative residual: iterated = 4.043756e-11, true = 4.043756e-11 (requested = 1.000000e-10)
GCR: Convergence at 21 iterations, n = 9, L2 relative residual: iterated = 3.598912e-11, true = 3.598912e-11 (requested = 1.000000e-10)
GCR: Convergence at 21 iterations, n = 10, L2 relative residual: iterated = 7.005551e-11, true = 7.005551e-11 (requested = 1.000000e-10)
GCR: Convergence at 21 iterations, n = 11, L2 relative residual: iterated = 5.727977e-11, true = 5.727977e-11 (requested = 1.000000e-10)
PyQUDA INFO: Time = 1.862 secs, Performance = 14395.574 GFLOPS
PyQUDA INFO: INVERT 2 propagagors: 3.698642514005769 secs
PyQUDA INFO: DOING SINK GAUSSIAN SMEARING
PyQUDA INFO: SINK GAUSSIAN SMEAR: 0.8343349810165819 secs
PyQUDA INFO: GPU used 49.9 GB, cupy pool 38.3 GB, cupy live 13.4 GB
PyQUDA INFO: CONTRACT ALL: 0.9201149810105562 secs
PyQUDA INFO: UNTIL CONTRACTION: 6.576639384991722 secs
PyQUDA INFO: SAVING SECTION:4.752950594003778 secs
PyQUDA INFO: END CFG #294: GPU used 49.9 GB, cupy pool 38.3 GB, cupy live 13.4 GB
PyQUDA INFO: READ GAUGE #324: 3.3740033920039423 secs
PyQUDA INFO: DOING HYP SMEARING
PyQUDA INFO: plaq_hyp_before = [0.5839873500330639, 0.5839869135328533, 0.5839877865332745]
performGaugeSmearQuda: step 000 plaquette (mean 5.8398735003306390e-01, spatial 5.8398691353285326e-01 temporal 5.8398778653327454e-01) Q charge = 8.3455891369658932e+00
PyQUDA INFO: plaq_hyp_after = [0.9461075750335333, 0.9461051139246348, 0.9461100361424317]
PyQUDA INFO: HYP SMEAR: 0.6535110310069285 secs
PyQUDA INFO: DOING APE SMEARING
PyQUDA INFO: plaq_ape_before = [0.5839873500330639, 0.5839869135328533, 0.5839877865332745]
performGaugeSmearQuda: step 000 plaquette (mean 5.8398735003306390e-01, spatial 5.8398691353285326e-01 temporal 5.8398778653327454e-01) Q charge = 8.3455891369658932e+00
PyQUDA INFO: plaq_ape_after = [0.8194328176223639, 0.9988478024479801, 0.6400178327967476]
PyQUDA INFO: APE SMEAR: 0.6985884649911895 secs
PyQUDA INFO: INNER LOOP STARTS
PyQUDA INFO: SOURCE POSITION = [np.int64(28), np.int64(28), np.int64(28), np.int64(4)]
PyQUDA INFO: DOING SRC GAUSSIAN SMEARING
PyQUDA INFO: SOURCE GAUSSIAN SMEAR: 0.8257760850246996 secs
PyQUDA INFO: RELOADING GAUGE
PyQUDA INFO: RELOADING GAUGE: 0.26711585200973786 secs
PyQUDA INFO: SOLVING DIRAC EQ
GCR: Convergence at 20 iterations, n = 0, L2 relative residual: iterated = 8.198924e-11, true = 8.198924e-11 (requested = 1.000000e-10)
GCR: Convergence at 20 iterations, n = 1, L2 relative residual: iterated = 5.830555e-11, true = 5.830555e-11 (requested = 1.000000e-10)
GCR: Convergence at 20 iterations, n = 2, L2 relative residual: iterated = 6.955817e-11, true = 6.955817e-11 (requested = 1.000000e-10)
GCR: Convergence at 20 iterations, n = 3, L2 relative residual: iterated = 4.688495e-11, true = 4.688495e-11 (requested = 1.000000e-10)
GCR: Convergence at 20 iterations, n = 4, L2 relative residual: iterated = 5.408798e-11, true = 5.408798e-11 (requested = 1.000000e-10)
GCR: Convergence at 20 iterations, n = 5, L2 relative residual: iterated = 6.233670e-11, true = 6.233670e-11 (requested = 1.000000e-10)
GCR: Convergence at 20 iterations, n = 6, L2 relative residual: iterated = 3.600422e-11, true = 3.600422e-11 (requested = 1.000000e-10)
GCR: Convergence at 20 iterations, n = 7, L2 relative residual: iterated = 4.773575e-11, true = 4.773575e-11 (requested = 1.000000e-10)
GCR: Convergence at 20 iterations, n = 8, L2 relative residual: iterated = 4.406780e-11, true = 4.406780e-11 (requested = 1.000000e-10)
GCR: Convergence at 20 iterations, n = 9, L2 relative residual: iterated = 5.412894e-11, true = 5.412894e-11 (requested = 1.000000e-10)
GCR: Convergence at 20 iterations, n = 10, L2 relative residual: iterated = 5.022019e-11, true = 5.022019e-11 (requested = 1.000000e-10)
GCR: Convergence at 20 iterations, n = 11, L2 relative residual: iterated = 4.693114e-11, true = 4.693114e-11 (requested = 1.000000e-10)
PyQUDA INFO: Time = 1.881 secs, Performance = 13564.214 GFLOPS
GCR: Convergence at 20 iterations, n = 0, L2 relative residual: iterated = 6.079707e-11, true = 6.079707e-11 (requested = 1.000000e-10)
GCR: Convergence at 20 iterations, n = 1, L2 relative residual: iterated = 4.423177e-11, true = 4.423177e-11 (requested = 1.000000e-10)
GCR: Convergence at 20 iterations, n = 2, L2 relative residual: iterated = 4.776076e-11, true = 4.776076e-11 (requested = 1.000000e-10)
GCR: Convergence at 20 iterations, n = 3, L2 relative residual: iterated = 5.050547e-11, true = 5.050547e-11 (requested = 1.000000e-10)
GCR: Convergence at 20 iterations, n = 4, L2 relative residual: iterated = 7.368294e-11, true = 7.368294e-11 (requested = 1.000000e-10)
GCR: Convergence at 20 iterations, n = 5, L2 relative residual: iterated = 9.093292e-11, true = 9.093292e-11 (requested = 1.000000e-10)
GCR: Convergence at 20 iterations, n = 6, L2 relative residual: iterated = 5.937327e-11, true = 5.937327e-11 (requested = 1.000000e-10)
GCR: Convergence at 20 iterations, n = 7, L2 relative residual: iterated = 9.211198e-11, true = 9.211198e-11 (requested = 1.000000e-10)
GCR: Convergence at 20 iterations, n = 8, L2 relative residual: iterated = 7.297216e-11, true = 7.297216e-11 (requested = 1.000000e-10)
GCR: Convergence at 20 iterations, n = 9, L2 relative residual: iterated = 6.831199e-11, true = 6.831199e-11 (requested = 1.000000e-10)
GCR: Convergence at 20 iterations, n = 10, L2 relative residual: iterated = 2.607224e-11, true = 2.607224e-11 (requested = 1.000000e-10)
GCR: Convergence at 20 iterations, n = 11, L2 relative residual: iterated = 4.839554e-11, true = 4.839554e-11 (requested = 1.000000e-10)
PyQUDA INFO: Time = 1.796 secs, Performance = 14203.595 GFLOPS
PyQUDA INFO: INVERT 2 propagagors: 3.6791316700109746 secs
PyQUDA INFO: DOING SINK GAUSSIAN SMEARING
PyQUDA INFO: SINK GAUSSIAN SMEAR: 0.8307265650073532 secs
PyQUDA INFO: GPU used 49.9 GB, cupy pool 38.3 GB, cupy live 13.4 GB
PyQUDA INFO: CONTRACT ALL: 0.9215017469832674 secs
PyQUDA INFO: UNTIL CONTRACTION: 6.567999877006514 secs
PyQUDA INFO: INNER LOOP STARTS
PyQUDA INFO: SOURCE POSITION = [np.int64(28), np.int64(28), np.int64(12), np.int64(4)]
PyQUDA INFO: DOING SRC GAUSSIAN SMEARING
PyQUDA INFO: SOURCE GAUSSIAN SMEAR: 0.819656417996157 secs
PyQUDA INFO: RELOADING GAUGE
PyQUDA INFO: RELOADING GAUGE: 0.260252263979055 secs
PyQUDA INFO: SOLVING DIRAC EQ
GCR: Convergence at 21 iterations, n = 0, L2 relative residual: iterated = 2.504736e-11, true = 2.504736e-11 (requested = 1.000000e-10)
GCR: Convergence at 21 iterations, n = 1, L2 relative residual: iterated = 3.796764e-11, true = 3.796764e-11 (requested = 1.000000e-10)
GCR: Convergence at 21 iterations, n = 2, L2 relative residual: iterated = 2.945304e-11, true = 2.945304e-11 (requested = 1.000000e-10)
GCR: Convergence at 21 iterations, n = 3, L2 relative residual: iterated = 3.417054e-11, true = 3.417054e-11 (requested = 1.000000e-10)
GCR: Convergence at 21 iterations, n = 4, L2 relative residual: iterated = 4.334744e-11, true = 4.334744e-11 (requested = 1.000000e-10)
GCR: Convergence at 21 iterations, n = 5, L2 relative residual: iterated = 3.722070e-11, true = 3.722070e-11 (requested = 1.000000e-10)
GCR: Convergence at 21 iterations, n = 6, L2 relative residual: iterated = 2.394594e-11, true = 2.394594e-11 (requested = 1.000000e-10)
GCR: Convergence at 21 iterations, n = 7, L2 relative residual: iterated = 2.293936e-11, true = 2.293936e-11 (requested = 1.000000e-10)
GCR: Convergence at 21 iterations, n = 8, L2 relative residual: iterated = 1.983914e-11, true = 1.983914e-11 (requested = 1.000000e-10)
GCR: Convergence at 21 iterations, n = 9, L2 relative residual: iterated = 1.394019e-11, true = 1.394019e-11 (requested = 1.000000e-10)
GCR: Convergence at 21 iterations, n = 10, L2 relative residual: iterated = 1.962479e-11, true = 1.962479e-11 (requested = 1.000000e-10)
GCR: Convergence at 21 iterations, n = 11, L2 relative residual: iterated = 3.069291e-11, true = 3.069291e-11 (requested = 1.000000e-10)
PyQUDA INFO: Time = 1.831 secs, Performance = 14642.866 GFLOPS
GCR: Convergence at 21 iterations, n = 0, L2 relative residual: iterated = 3.919906e-11, true = 3.919906e-11 (requested = 1.000000e-10)
GCR: Convergence at 21 iterations, n = 1, L2 relative residual: iterated = 2.095884e-11, true = 2.095884e-11 (requested = 1.000000e-10)
GCR: Convergence at 21 iterations, n = 2, L2 relative residual: iterated = 2.278947e-11, true = 2.278947e-11 (requested = 1.000000e-10)
GCR: Convergence at 21 iterations, n = 3, L2 relative residual: iterated = 2.115164e-11, true = 2.115164e-11 (requested = 1.000000e-10)
GCR: Convergence at 21 iterations, n = 4, L2 relative residual: iterated = 2.402644e-11, true = 2.402644e-11 (requested = 1.000000e-10)
GCR: Convergence at 21 iterations, n = 5, L2 relative residual: iterated = 2.719721e-11, true = 2.719721e-11 (requested = 1.000000e-10)
GCR: Convergence at 21 iterations, n = 6, L2 relative residual: iterated = 2.571263e-11, true = 2.571263e-11 (requested = 1.000000e-10)
GCR: Convergence at 21 iterations, n = 7, L2 relative residual: iterated = 3.112676e-11, true = 3.112676e-11 (requested = 1.000000e-10)
GCR: Convergence at 21 iterations, n = 8, L2 relative residual: iterated = 1.942591e-11, true = 1.942591e-11 (requested = 1.000000e-10)
GCR: Convergence at 21 iterations, n = 9, L2 relative residual: iterated = 2.204628e-11, true = 2.204628e-11 (requested = 1.000000e-10)
GCR: Convergence at 21 iterations, n = 10, L2 relative residual: iterated = 1.667061e-11, true = 1.667061e-11 (requested = 1.000000e-10)
GCR: Convergence at 21 iterations, n = 11, L2 relative residual: iterated = 2.093752e-11, true = 2.093752e-11 (requested = 1.000000e-10)
PyQUDA INFO: Time = 1.865 secs, Performance = 14355.018 GFLOPS
PyQUDA INFO: INVERT 2 propagagors: 3.697610019997228 secs
PyQUDA INFO: DOING SINK GAUSSIAN SMEARING
PyQUDA INFO: SINK GAUSSIAN SMEAR: 0.8338887690042611 secs
PyQUDA INFO: GPU used 49.9 GB, cupy pool 38.3 GB, cupy live 13.4 GB
PyQUDA INFO: CONTRACT ALL: 0.9200779809907544 secs
PyQUDA INFO: UNTIL CONTRACTION: 6.575647902005585 secs
PyQUDA INFO: INNER LOOP STARTS
PyQUDA INFO: SOURCE POSITION = [np.int64(28), np.int64(12), np.int64(28), np.int64(4)]
PyQUDA INFO: DOING SRC GAUSSIAN SMEARING
PyQUDA INFO: SOURCE GAUSSIAN SMEAR: 0.8167575749976095 secs
PyQUDA INFO: RELOADING GAUGE
PyQUDA INFO: RELOADING GAUGE: 0.25996648299042135 secs
PyQUDA INFO: SOLVING DIRAC EQ
GCR: Convergence at 21 iterations, n = 0, L2 relative residual: iterated = 2.829014e-11, true = 2.829014e-11 (requested = 1.000000e-10)
GCR: Convergence at 21 iterations, n = 1, L2 relative residual: iterated = 2.351674e-11, true = 2.351674e-11 (requested = 1.000000e-10)
GCR: Convergence at 21 iterations, n = 2, L2 relative residual: iterated = 1.725513e-11, true = 1.725513e-11 (requested = 1.000000e-10)
GCR: Convergence at 21 iterations, n = 3, L2 relative residual: iterated = 2.777128e-11, true = 2.777128e-11 (requested = 1.000000e-10)
GCR: Convergence at 21 iterations, n = 4, L2 relative residual: iterated = 2.429581e-11, true = 2.429581e-11 (requested = 1.000000e-10)
GCR: Convergence at 21 iterations, n = 5, L2 relative residual: iterated = 2.034453e-11, true = 2.034453e-11 (requested = 1.000000e-10)
GCR: Convergence at 21 iterations, n = 6, L2 relative residual: iterated = 1.683697e-11, true = 1.683697e-11 (requested = 1.000000e-10)
GCR: Convergence at 21 iterations, n = 7, L2 relative residual: iterated = 2.274381e-11, true = 2.274381e-11 (requested = 1.000000e-10)
GCR: Convergence at 21 iterations, n = 8, L2 relative residual: iterated = 2.827028e-11, true = 2.827028e-11 (requested = 1.000000e-10)
GCR: Convergence at 21 iterations, n = 9, L2 relative residual: iterated = 1.941896e-11, true = 1.941896e-11 (requested = 1.000000e-10)
GCR: Convergence at 21 iterations, n = 10, L2 relative residual: iterated = 4.126392e-11, true = 4.126392e-11 (requested = 1.000000e-10)
GCR: Convergence at 21 iterations, n = 11, L2 relative residual: iterated = 2.140225e-11, true = 2.140225e-11 (requested = 1.000000e-10)
PyQUDA INFO: Time = 1.846 secs, Performance = 14543.594 GFLOPS
GCR: Convergence at 20 iterations, n = 0, L2 relative residual: iterated = 7.393293e-11, true = 7.393293e-11 (requested = 1.000000e-10)
GCR: Convergence at 20 iterations, n = 1, L2 relative residual: iterated = 7.223081e-11, true = 7.223081e-11 (requested = 1.000000e-10)
GCR: Convergence at 20 iterations, n = 2, L2 relative residual: iterated = 4.871171e-11, true = 4.871171e-11 (requested = 1.000000e-10)
GCR: Convergence at 20 iterations, n = 3, L2 relative residual: iterated = 5.027984e-11, true = 5.027984e-11 (requested = 1.000000e-10)
GCR: Convergence at 20 iterations, n = 4, L2 relative residual: iterated = 5.520256e-11, true = 5.520256e-11 (requested = 1.000000e-10)
GCR: Convergence at 20 iterations, n = 5, L2 relative residual: iterated = 7.887101e-11, true = 7.887101e-11 (requested = 1.000000e-10)
GCR: Convergence at 20 iterations, n = 6, L2 relative residual: iterated = 7.365245e-11, true = 7.365245e-11 (requested = 1.000000e-10)
GCR: Convergence at 20 iterations, n = 7, L2 relative residual: iterated = 5.696123e-11, true = 5.696123e-11 (requested = 1.000000e-10)
GCR: Convergence at 20 iterations, n = 8, L2 relative residual: iterated = 6.473441e-11, true = 6.473441e-11 (requested = 1.000000e-10)
GCR: Convergence at 20 iterations, n = 9, L2 relative residual: iterated = 8.343131e-11, true = 8.343131e-11 (requested = 1.000000e-10)
GCR: Convergence at 20 iterations, n = 10, L2 relative residual: iterated = 4.355074e-11, true = 4.355074e-11 (requested = 1.000000e-10)
GCR: Convergence at 20 iterations, n = 11, L2 relative residual: iterated = 7.751865e-11, true = 7.751865e-11 (requested = 1.000000e-10)
PyQUDA INFO: Time = 1.793 secs, Performance = 14219.112 GFLOPS
PyQUDA INFO: INVERT 2 propagagors: 3.640951445006067 secs
PyQUDA INFO: DOING SINK GAUSSIAN SMEARING
PyQUDA INFO: SINK GAUSSIAN SMEAR: 0.9610980779980309 secs
PyQUDA INFO: GPU used 49.9 GB, cupy pool 38.3 GB, cupy live 13.4 GB
PyQUDA INFO: CONTRACT ALL: 0.9199038110091351 secs
PyQUDA INFO: UNTIL CONTRACTION: 6.643877196009271 secs
PyQUDA INFO: INNER LOOP STARTS
PyQUDA INFO: SOURCE POSITION = [np.int64(28), np.int64(12), np.int64(12), np.int64(4)]
PyQUDA INFO: DOING SRC GAUSSIAN SMEARING
PyQUDA INFO: SOURCE GAUSSIAN SMEAR: 0.8202567599946633 secs
PyQUDA INFO: RELOADING GAUGE
PyQUDA INFO: RELOADING GAUGE: 0.25718312899698503 secs
PyQUDA INFO: SOLVING DIRAC EQ
GCR: Convergence at 20 iterations, n = 0, L2 relative residual: iterated = 5.742600e-11, true = 5.742600e-11 (requested = 1.000000e-10)
GCR: Convergence at 20 iterations, n = 1, L2 relative residual: iterated = 7.075132e-11, true = 7.075132e-11 (requested = 1.000000e-10)
GCR: Convergence at 20 iterations, n = 2, L2 relative residual: iterated = 6.745064e-11, true = 6.745064e-11 (requested = 1.000000e-10)
GCR: Convergence at 20 iterations, n = 3, L2 relative residual: iterated = 8.029349e-11, true = 8.029349e-11 (requested = 1.000000e-10)
GCR: Convergence at 20 iterations, n = 4, L2 relative residual: iterated = 9.086384e-11, true = 9.086384e-11 (requested = 1.000000e-10)
GCR: Convergence at 20 iterations, n = 5, L2 relative residual: iterated = 6.192078e-11, true = 6.192078e-11 (requested = 1.000000e-10)
GCR: Convergence at 20 iterations, n = 6, L2 relative residual: iterated = 4.452963e-11, true = 4.452963e-11 (requested = 1.000000e-10)
GCR: Convergence at 20 iterations, n = 7, L2 relative residual: iterated = 4.869234e-11, true = 4.869234e-11 (requested = 1.000000e-10)
GCR: Convergence at 20 iterations, n = 8, L2 relative residual: iterated = 3.886703e-11, true = 3.886703e-11 (requested = 1.000000e-10)
GCR: Convergence at 20 iterations, n = 9, L2 relative residual: iterated = 5.820082e-11, true = 5.820082e-11 (requested = 1.000000e-10)
GCR: Convergence at 20 iterations, n = 10, L2 relative residual: iterated = 4.207171e-11, true = 4.207171e-11 (requested = 1.000000e-10)
GCR: Convergence at 20 iterations, n = 11, L2 relative residual: iterated = 5.853388e-11, true = 5.853388e-11 (requested = 1.000000e-10)
PyQUDA INFO: Time = 1.757 secs, Performance = 14527.304 GFLOPS
GCR: Convergence at 20 iterations, n = 0, L2 relative residual: iterated = 6.403567e-11, true = 6.403567e-11 (requested = 1.000000e-10)
GCR: Convergence at 20 iterations, n = 1, L2 relative residual: iterated = 8.395499e-11, true = 8.395499e-11 (requested = 1.000000e-10)
GCR: Convergence at 20 iterations, n = 2, L2 relative residual: iterated = 6.607551e-11, true = 6.607551e-11 (requested = 1.000000e-10)
GCR: Convergence at 20 iterations, n = 3, L2 relative residual: iterated = 7.316952e-11, true = 7.316952e-11 (requested = 1.000000e-10)
GCR: Convergence at 20 iterations, n = 4, L2 relative residual: iterated = 7.463509e-11, true = 7.463509e-11 (requested = 1.000000e-10)
GCR: Convergence at 20 iterations, n = 5, L2 relative residual: iterated = 4.353068e-11, true = 4.353068e-11 (requested = 1.000000e-10)
GCR: Convergence at 20 iterations, n = 6, L2 relative residual: iterated = 6.622599e-11, true = 6.622599e-11 (requested = 1.000000e-10)
GCR: Convergence at 20 iterations, n = 7, L2 relative residual: iterated = 4.164467e-11, true = 4.164467e-11 (requested = 1.000000e-10)
GCR: Convergence at 20 iterations, n = 8, L2 relative residual: iterated = 3.792475e-11, true = 3.792475e-11 (requested = 1.000000e-10)
GCR: Convergence at 20 iterations, n = 9, L2 relative residual: iterated = 4.572893e-11, true = 4.572893e-11 (requested = 1.000000e-10)
GCR: Convergence at 20 iterations, n = 10, L2 relative residual: iterated = 3.037993e-11, true = 3.037993e-11 (requested = 1.000000e-10)
GCR: Convergence at 20 iterations, n = 11, L2 relative residual: iterated = 5.272798e-11, true = 5.272798e-11 (requested = 1.000000e-10)
PyQUDA INFO: Time = 1.791 secs, Performance = 14242.243 GFLOPS
PyQUDA INFO: INVERT 2 propagagors: 3.5504077239893377 secs
PyQUDA INFO: DOING SINK GAUSSIAN SMEARING
PyQUDA INFO: SINK GAUSSIAN SMEAR: 0.9660523000056855 secs
PyQUDA INFO: GPU used 49.9 GB, cupy pool 38.3 GB, cupy live 13.4 GB
PyQUDA INFO: CONTRACT ALL: 0.9203753529873211 secs
PyQUDA INFO: UNTIL CONTRACTION: 6.560440096014645 secs
PyQUDA INFO: INNER LOOP STARTS
PyQUDA INFO: SOURCE POSITION = [np.int64(12), np.int64(28), np.int64(28), np.int64(4)]
PyQUDA INFO: DOING SRC GAUSSIAN SMEARING
PyQUDA INFO: SOURCE GAUSSIAN SMEAR: 0.8174710579914972 secs
PyQUDA INFO: RELOADING GAUGE
PyQUDA INFO: RELOADING GAUGE: 0.2599407019733917 secs
PyQUDA INFO: SOLVING DIRAC EQ
GCR: Convergence at 20 iterations, n = 0, L2 relative residual: iterated = 9.087055e-11, true = 9.087055e-11 (requested = 1.000000e-10)
GCR: Convergence at 20 iterations, n = 1, L2 relative residual: iterated = 5.865612e-11, true = 5.865612e-11 (requested = 1.000000e-10)
GCR: Convergence at 20 iterations, n = 2, L2 relative residual: iterated = 6.202713e-11, true = 6.202713e-11 (requested = 1.000000e-10)
GCR: Convergence at 20 iterations, n = 3, L2 relative residual: iterated = 7.722580e-11, true = 7.722580e-11 (requested = 1.000000e-10)
GCR: Convergence at 20 iterations, n = 4, L2 relative residual: iterated = 6.770078e-11, true = 6.770078e-11 (requested = 1.000000e-10)
GCR: Convergence at 20 iterations, n = 5, L2 relative residual: iterated = 6.027124e-11, true = 6.027124e-11 (requested = 1.000000e-10)
GCR: Convergence at 20 iterations, n = 6, L2 relative residual: iterated = 5.846469e-11, true = 5.846469e-11 (requested = 1.000000e-10)
GCR: Convergence at 20 iterations, n = 7, L2 relative residual: iterated = 3.596383e-11, true = 3.596383e-11 (requested = 1.000000e-10)
GCR: Convergence at 20 iterations, n = 8, L2 relative residual: iterated = 5.403183e-11, true = 5.403183e-11 (requested = 1.000000e-10)
GCR: Convergence at 20 iterations, n = 9, L2 relative residual: iterated = 5.192069e-11, true = 5.192069e-11 (requested = 1.000000e-10)
GCR: Convergence at 20 iterations, n = 10, L2 relative residual: iterated = 3.763602e-11, true = 3.763602e-11 (requested = 1.000000e-10)
GCR: Convergence at 20 iterations, n = 11, L2 relative residual: iterated = 4.507125e-11, true = 4.507125e-11 (requested = 1.000000e-10)
PyQUDA INFO: Time = 1.759 secs, Performance = 14506.851 GFLOPS
GCR: Convergence at 21 iterations, n = 0, L2 relative residual: iterated = 3.021364e-11, true = 3.021364e-11 (requested = 1.000000e-10)
GCR: Convergence at 21 iterations, n = 1, L2 relative residual: iterated = 4.150366e-11, true = 4.150366e-11 (requested = 1.000000e-10)
GCR: Convergence at 21 iterations, n = 2, L2 relative residual: iterated = 3.078031e-11, true = 3.078031e-11 (requested = 1.000000e-10)
GCR: Convergence at 21 iterations, n = 3, L2 relative residual: iterated = 2.201274e-11, true = 2.201274e-11 (requested = 1.000000e-10)
GCR: Convergence at 21 iterations, n = 4, L2 relative residual: iterated = 2.811790e-11, true = 2.811790e-11 (requested = 1.000000e-10)
GCR: Convergence at 21 iterations, n = 5, L2 relative residual: iterated = 2.403650e-11, true = 2.403650e-11 (requested = 1.000000e-10)
GCR: Convergence at 21 iterations, n = 6, L2 relative residual: iterated = 1.627647e-11, true = 1.627647e-11 (requested = 1.000000e-10)
GCR: Convergence at 21 iterations, n = 7, L2 relative residual: iterated = 1.848555e-11, true = 1.848555e-11 (requested = 1.000000e-10)
GCR: Convergence at 21 iterations, n = 8, L2 relative residual: iterated = 1.850438e-11, true = 1.850438e-11 (requested = 1.000000e-10)
GCR: Convergence at 21 iterations, n = 9, L2 relative residual: iterated = 1.943776e-11, true = 1.943776e-11 (requested = 1.000000e-10)
GCR: Convergence at 21 iterations, n = 10, L2 relative residual: iterated = 2.201203e-11, true = 2.201203e-11 (requested = 1.000000e-10)
GCR: Convergence at 21 iterations, n = 11, L2 relative residual: iterated = 2.403702e-11, true = 2.403702e-11 (requested = 1.000000e-10)
PyQUDA INFO: Time = 1.913 secs, Performance = 14032.244 GFLOPS
PyQUDA INFO: INVERT 2 propagagors: 3.674190538993571 secs
PyQUDA INFO: DOING SINK GAUSSIAN SMEARING
PyQUDA INFO: SINK GAUSSIAN SMEAR: 0.9402333280013409 secs
PyQUDA INFO: GPU used 49.9 GB, cupy pool 38.3 GB, cupy live 13.4 GB
PyQUDA INFO: CONTRACT ALL: 0.9198306699981913 secs
PyQUDA INFO: UNTIL CONTRACTION: 6.657254063989967 secs
PyQUDA INFO: INNER LOOP STARTS
PyQUDA INFO: SOURCE POSITION = [np.int64(12), np.int64(28), np.int64(12), np.int64(4)]
PyQUDA INFO: DOING SRC GAUSSIAN SMEARING
PyQUDA INFO: SOURCE GAUSSIAN SMEAR: 0.8213462749845348 secs
PyQUDA INFO: RELOADING GAUGE
PyQUDA INFO: RELOADING GAUGE: 0.2647579729964491 secs
PyQUDA INFO: SOLVING DIRAC EQ
GCR: Convergence at 21 iterations, n = 0, L2 relative residual: iterated = 3.345920e-11, true = 3.345920e-11 (requested = 1.000000e-10)
GCR: Convergence at 21 iterations, n = 1, L2 relative residual: iterated = 3.707761e-11, true = 3.707761e-11 (requested = 1.000000e-10)
GCR: Convergence at 21 iterations, n = 2, L2 relative residual: iterated = 3.866385e-11, true = 3.866385e-11 (requested = 1.000000e-10)
GCR: Convergence at 21 iterations, n = 3, L2 relative residual: iterated = 1.194000e-11, true = 1.194000e-11 (requested = 1.000000e-10)
GCR: Convergence at 21 iterations, n = 4, L2 relative residual: iterated = 3.699619e-11, true = 3.699619e-11 (requested = 1.000000e-10)
GCR: Convergence at 21 iterations, n = 5, L2 relative residual: iterated = 6.049610e-11, true = 6.049610e-11 (requested = 1.000000e-10)
GCR: Convergence at 21 iterations, n = 6, L2 relative residual: iterated = 1.907108e-11, true = 1.907108e-11 (requested = 1.000000e-10)
GCR: Convergence at 21 iterations, n = 7, L2 relative residual: iterated = 1.461822e-11, true = 1.461822e-11 (requested = 1.000000e-10)
GCR: Convergence at 21 iterations, n = 8, L2 relative residual: iterated = 1.779384e-11, true = 1.779384e-11 (requested = 1.000000e-10)
GCR: Convergence at 21 iterations, n = 9, L2 relative residual: iterated = 1.786491e-11, true = 1.786491e-11 (requested = 1.000000e-10)
GCR: Convergence at 21 iterations, n = 10, L2 relative residual: iterated = 1.521015e-11, true = 1.521015e-11 (requested = 1.000000e-10)
GCR: Convergence at 21 iterations, n = 11, L2 relative residual: iterated = 1.562873e-11, true = 1.562873e-11 (requested = 1.000000e-10)
PyQUDA INFO: Time = 1.837 secs, Performance = 14583.117 GFLOPS
GCR: Convergence at 21 iterations, n = 0, L2 relative residual: iterated = 4.975583e-11, true = 4.975583e-11 (requested = 1.000000e-10)
GCR: Convergence at 21 iterations, n = 1, L2 relative residual: iterated = 2.665687e-11, true = 2.665687e-11 (requested = 1.000000e-10)
GCR: Convergence at 21 iterations, n = 2, L2 relative residual: iterated = 2.515494e-11, true = 2.515494e-11 (requested = 1.000000e-10)
GCR: Convergence at 21 iterations, n = 3, L2 relative residual: iterated = 3.644648e-11, true = 3.644648e-11 (requested = 1.000000e-10)
GCR: Convergence at 21 iterations, n = 4, L2 relative residual: iterated = 3.250018e-11, true = 3.250018e-11 (requested = 1.000000e-10)
GCR: Convergence at 21 iterations, n = 5, L2 relative residual: iterated = 2.270476e-11, true = 2.270476e-11 (requested = 1.000000e-10)
GCR: Convergence at 21 iterations, n = 6, L2 relative residual: iterated = 1.658254e-11, true = 1.658254e-11 (requested = 1.000000e-10)
GCR: Convergence at 21 iterations, n = 7, L2 relative residual: iterated = 1.494401e-11, true = 1.494401e-11 (requested = 1.000000e-10)
GCR: Convergence at 21 iterations, n = 8, L2 relative residual: iterated = 1.329647e-11, true = 1.329647e-11 (requested = 1.000000e-10)
GCR: Convergence at 21 iterations, n = 9, L2 relative residual: iterated = 1.673170e-11, true = 1.673170e-11 (requested = 1.000000e-10)
GCR: Convergence at 21 iterations, n = 10, L2 relative residual: iterated = 1.630096e-11, true = 1.630096e-11 (requested = 1.000000e-10)
GCR: Convergence at 21 iterations, n = 11, L2 relative residual: iterated = 1.556196e-11, true = 1.556196e-11 (requested = 1.000000e-10)
PyQUDA INFO: Time = 1.868 secs, Performance = 14343.922 GFLOPS
PyQUDA INFO: INVERT 2 propagagors: 3.707207404979272 secs
PyQUDA INFO: DOING SINK GAUSSIAN SMEARING
PyQUDA INFO: SINK GAUSSIAN SMEAR: 0.9634169639903121 secs
PyQUDA INFO: GPU used 49.9 GB, cupy pool 38.3 GB, cupy live 13.4 GB
PyQUDA INFO: CONTRACT ALL: 0.9206010360212531 secs
PyQUDA INFO: UNTIL CONTRACTION: 6.7216166089929175 secs
PyQUDA INFO: INNER LOOP STARTS
PyQUDA INFO: SOURCE POSITION = [np.int64(12), np.int64(12), np.int64(28), np.int64(4)]
PyQUDA INFO: DOING SRC GAUSSIAN SMEARING
PyQUDA INFO: SOURCE GAUSSIAN SMEAR: 0.8230633829953149 secs
PyQUDA INFO: RELOADING GAUGE
PyQUDA INFO: RELOADING GAUGE: 0.2594843490223866 secs
PyQUDA INFO: SOLVING DIRAC EQ
GCR: Convergence at 21 iterations, n = 0, L2 relative residual: iterated = 1.262940e-11, true = 1.262940e-11 (requested = 1.000000e-10)
GCR: Convergence at 21 iterations, n = 1, L2 relative residual: iterated = 2.000375e-11, true = 2.000375e-11 (requested = 1.000000e-10)
GCR: Convergence at 21 iterations, n = 2, L2 relative residual: iterated = 2.320933e-11, true = 2.320933e-11 (requested = 1.000000e-10)
GCR: Convergence at 21 iterations, n = 3, L2 relative residual: iterated = 1.500122e-11, true = 1.500122e-11 (requested = 1.000000e-10)
GCR: Convergence at 21 iterations, n = 4, L2 relative residual: iterated = 2.710777e-11, true = 2.710777e-11 (requested = 1.000000e-10)
GCR: Convergence at 21 iterations, n = 5, L2 relative residual: iterated = 3.235169e-11, true = 3.235169e-11 (requested = 1.000000e-10)
GCR: Convergence at 21 iterations, n = 6, L2 relative residual: iterated = 2.545915e-11, true = 2.545915e-11 (requested = 1.000000e-10)
GCR: Convergence at 21 iterations, n = 7, L2 relative residual: iterated = 2.454099e-11, true = 2.454099e-11 (requested = 1.000000e-10)
GCR: Convergence at 21 iterations, n = 8, L2 relative residual: iterated = 3.195934e-11, true = 3.195934e-11 (requested = 1.000000e-10)
GCR: Convergence at 21 iterations, n = 9, L2 relative residual: iterated = 1.706470e-11, true = 1.706470e-11 (requested = 1.000000e-10)
GCR: Convergence at 21 iterations, n = 10, L2 relative residual: iterated = 3.706305e-11, true = 3.706305e-11 (requested = 1.000000e-10)
GCR: Convergence at 21 iterations, n = 11, L2 relative residual: iterated = 2.128197e-11, true = 2.128197e-11 (requested = 1.000000e-10)
PyQUDA INFO: Time = 1.857 secs, Performance = 14588.374 GFLOPS
GCR: Convergence at 20 iterations, n = 0, L2 relative residual: iterated = 6.782958e-11, true = 6.782958e-11 (requested = 1.000000e-10)
GCR: Convergence at 20 iterations, n = 1, L2 relative residual: iterated = 4.715901e-11, true = 4.715901e-11 (requested = 1.000000e-10)
GCR: Convergence at 20 iterations, n = 2, L2 relative residual: iterated = 4.809667e-11, true = 4.809667e-11 (requested = 1.000000e-10)
GCR: Convergence at 20 iterations, n = 3, L2 relative residual: iterated = 4.538702e-11, true = 4.538702e-11 (requested = 1.000000e-10)
GCR: Convergence at 20 iterations, n = 4, L2 relative residual: iterated = 5.650666e-11, true = 5.650666e-11 (requested = 1.000000e-10)
GCR: Convergence at 20 iterations, n = 5, L2 relative residual: iterated = 5.024255e-11, true = 5.024255e-11 (requested = 1.000000e-10)
GCR: Convergence at 20 iterations, n = 6, L2 relative residual: iterated = 6.930442e-11, true = 6.930442e-11 (requested = 1.000000e-10)
GCR: Convergence at 20 iterations, n = 7, L2 relative residual: iterated = 7.630765e-11, true = 7.630765e-11 (requested = 1.000000e-10)
GCR: Convergence at 20 iterations, n = 8, L2 relative residual: iterated = 7.222330e-11, true = 7.222330e-11 (requested = 1.000000e-10)
GCR: Convergence at 20 iterations, n = 9, L2 relative residual: iterated = 8.717803e-11, true = 8.717803e-11 (requested = 1.000000e-10)
GCR: Convergence at 20 iterations, n = 10, L2 relative residual: iterated = 8.117467e-11, true = 8.117467e-11 (requested = 1.000000e-10)
GCR: Convergence at 20 iterations, n = 11, L2 relative residual: iterated = 7.877568e-11, true = 7.877568e-11 (requested = 1.000000e-10)
PyQUDA INFO: Time = 1.797 secs, Performance = 14193.985 GFLOPS
PyQUDA INFO: INVERT 2 propagagors: 3.656161697988864 secs
PyQUDA INFO: DOING SINK GAUSSIAN SMEARING
PyQUDA INFO: SINK GAUSSIAN SMEAR: 0.9708213800040539 secs
PyQUDA INFO: GPU used 49.9 GB, cupy pool 38.3 GB, cupy live 13.4 GB
PyQUDA INFO: CONTRACT ALL: 0.9197565919894259 secs
PyQUDA INFO: UNTIL CONTRACTION: 6.674937663017772 secs
PyQUDA INFO: INNER LOOP STARTS
PyQUDA INFO: SOURCE POSITION = [np.int64(12), np.int64(12), np.int64(12), np.int64(4)]
PyQUDA INFO: DOING SRC GAUSSIAN SMEARING
PyQUDA INFO: SOURCE GAUSSIAN SMEAR: 0.8227728210040368 secs
PyQUDA INFO: RELOADING GAUGE
PyQUDA INFO: RELOADING GAUGE: 0.2589316359953955 secs
PyQUDA INFO: SOLVING DIRAC EQ
GCR: Convergence at 21 iterations, n = 0, L2 relative residual: iterated = 2.320397e-11, true = 2.320397e-11 (requested = 1.000000e-10)
GCR: Convergence at 21 iterations, n = 1, L2 relative residual: iterated = 1.667005e-11, true = 1.667005e-11 (requested = 1.000000e-10)
GCR: Convergence at 21 iterations, n = 2, L2 relative residual: iterated = 2.229681e-11, true = 2.229681e-11 (requested = 1.000000e-10)
GCR: Convergence at 21 iterations, n = 3, L2 relative residual: iterated = 2.519876e-11, true = 2.519876e-11 (requested = 1.000000e-10)
GCR: Convergence at 21 iterations, n = 4, L2 relative residual: iterated = 2.129074e-11, true = 2.129074e-11 (requested = 1.000000e-10)
GCR: Convergence at 21 iterations, n = 5, L2 relative residual: iterated = 1.425289e-11, true = 1.425289e-11 (requested = 1.000000e-10)
GCR: Convergence at 21 iterations, n = 6, L2 relative residual: iterated = 1.590003e-11, true = 1.590003e-11 (requested = 1.000000e-10)
GCR: Convergence at 21 iterations, n = 7, L2 relative residual: iterated = 3.750409e-11, true = 3.750409e-11 (requested = 1.000000e-10)
GCR: Convergence at 21 iterations, n = 8, L2 relative residual: iterated = 2.765266e-11, true = 2.765266e-11 (requested = 1.000000e-10)
GCR: Convergence at 21 iterations, n = 9, L2 relative residual: iterated = 5.858299e-11, true = 5.858299e-11 (requested = 1.000000e-10)
GCR: Convergence at 21 iterations, n = 10, L2 relative residual: iterated = 3.031751e-11, true = 3.031751e-11 (requested = 1.000000e-10)
GCR: Convergence at 21 iterations, n = 11, L2 relative residual: iterated = 4.008960e-11, true = 4.008960e-11 (requested = 1.000000e-10)
PyQUDA INFO: Time = 1.844 secs, Performance = 14542.897 GFLOPS
GCR: Convergence at 20 iterations, n = 0, L2 relative residual: iterated = 2.597966e-11, true = 2.597966e-11 (requested = 1.000000e-10)
GCR: Convergence at 20 iterations, n = 1, L2 relative residual: iterated = 2.997083e-11, true = 2.997083e-11 (requested = 1.000000e-10)
GCR: Convergence at 20 iterations, n = 2, L2 relative residual: iterated = 3.274462e-11, true = 3.274462e-11 (requested = 1.000000e-10)
GCR: Convergence at 20 iterations, n = 3, L2 relative residual: iterated = 2.973530e-11, true = 2.973530e-11 (requested = 1.000000e-10)
GCR: Convergence at 20 iterations, n = 4, L2 relative residual: iterated = 3.565942e-11, true = 3.565942e-11 (requested = 1.000000e-10)
GCR: Convergence at 20 iterations, n = 5, L2 relative residual: iterated = 2.487393e-11, true = 2.487393e-11 (requested = 1.000000e-10)
GCR: Convergence at 20 iterations, n = 6, L2 relative residual: iterated = 3.980244e-11, true = 3.980244e-11 (requested = 1.000000e-10)
GCR: Convergence at 20 iterations, n = 7, L2 relative residual: iterated = 8.010579e-11, true = 8.010579e-11 (requested = 1.000000e-10)
GCR: Convergence at 20 iterations, n = 8, L2 relative residual: iterated = 5.426098e-11, true = 5.426098e-11 (requested = 1.000000e-10)
GCR: Convergence at 20 iterations, n = 9, L2 relative residual: iterated = 3.953583e-11, true = 3.953583e-11 (requested = 1.000000e-10)
GCR: Convergence at 20 iterations, n = 10, L2 relative residual: iterated = 3.782635e-11, true = 3.782635e-11 (requested = 1.000000e-10)
GCR: Convergence at 20 iterations, n = 11, L2 relative residual: iterated = 3.924939e-11, true = 3.924939e-11 (requested = 1.000000e-10)
PyQUDA INFO: Time = 1.822 secs, Performance = 14320.977 GFLOPS
PyQUDA INFO: INVERT 2 propagagors: 3.668120006012032 secs
PyQUDA INFO: DOING SINK GAUSSIAN SMEARING
PyQUDA INFO: SINK GAUSSIAN SMEAR: 0.9540170280088205 secs
PyQUDA INFO: GPU used 49.9 GB, cupy pool 38.3 GB, cupy live 13.4 GB
PyQUDA INFO: CONTRACT ALL: 0.920496055012336 secs
PyQUDA INFO: UNTIL CONTRACTION: 6.669799548981246 secs
PyQUDA INFO: INNER LOOP STARTS
PyQUDA INFO: SOURCE POSITION = [np.int64(28), np.int64(28), np.int64(28), np.int64(36)]
PyQUDA INFO: DOING SRC GAUSSIAN SMEARING
PyQUDA INFO: SOURCE GAUSSIAN SMEAR: 0.8145471020252444 secs
PyQUDA INFO: RELOADING GAUGE
PyQUDA INFO: RELOADING GAUGE: 0.25939561901031993 secs
PyQUDA INFO: SOLVING DIRAC EQ
GCR: Convergence at 21 iterations, n = 0, L2 relative residual: iterated = 2.010425e-11, true = 2.010425e-11 (requested = 1.000000e-10)
GCR: Convergence at 21 iterations, n = 1, L2 relative residual: iterated = 2.830214e-11, true = 2.830214e-11 (requested = 1.000000e-10)
GCR: Convergence at 21 iterations, n = 2, L2 relative residual: iterated = 3.624790e-11, true = 3.624790e-11 (requested = 1.000000e-10)
GCR: Convergence at 21 iterations, n = 3, L2 relative residual: iterated = 2.530915e-11, true = 2.530915e-11 (requested = 1.000000e-10)
GCR: Convergence at 21 iterations, n = 4, L2 relative residual: iterated = 2.543885e-11, true = 2.543885e-11 (requested = 1.000000e-10)
GCR: Convergence at 21 iterations, n = 5, L2 relative residual: iterated = 3.024686e-11, true = 3.024686e-11 (requested = 1.000000e-10)
GCR: Convergence at 21 iterations, n = 6, L2 relative residual: iterated = 5.475853e-11, true = 5.475853e-11 (requested = 1.000000e-10)
GCR: Convergence at 21 iterations, n = 7, L2 relative residual: iterated = 9.300805e-11, true = 9.300805e-11 (requested = 1.000000e-10)
GCR: Convergence at 21 iterations, n = 8, L2 relative residual: iterated = 4.987339e-11, true = 4.987339e-11 (requested = 1.000000e-10)
GCR: Convergence at 21 iterations, n = 9, L2 relative residual: iterated = 7.888102e-11, true = 7.888102e-11 (requested = 1.000000e-10)
GCR: Convergence at 21 iterations, n = 10, L2 relative residual: iterated = 6.270481e-11, true = 6.270481e-11 (requested = 1.000000e-10)
GCR: Convergence at 21 iterations, n = 11, L2 relative residual: iterated = 6.434982e-11, true = 6.434982e-11 (requested = 1.000000e-10)
PyQUDA INFO: Time = 1.833 secs, Performance = 14628.095 GFLOPS
GCR: Convergence at 21 iterations, n = 0, L2 relative residual: iterated = 2.646666e-11, true = 2.646666e-11 (requested = 1.000000e-10)
GCR: Convergence at 21 iterations, n = 1, L2 relative residual: iterated = 2.370510e-11, true = 2.370510e-11 (requested = 1.000000e-10)
GCR: Convergence at 21 iterations, n = 2, L2 relative residual: iterated = 1.997869e-11, true = 1.997869e-11 (requested = 1.000000e-10)
GCR: Convergence at 21 iterations, n = 3, L2 relative residual: iterated = 2.729298e-11, true = 2.729298e-11 (requested = 1.000000e-10)
GCR: Convergence at 21 iterations, n = 4, L2 relative residual: iterated = 1.909634e-11, true = 1.909634e-11 (requested = 1.000000e-10)
GCR: Convergence at 21 iterations, n = 5, L2 relative residual: iterated = 2.177575e-11, true = 2.177575e-11 (requested = 1.000000e-10)
GCR: Convergence at 21 iterations, n = 6, L2 relative residual: iterated = 3.352331e-11, true = 3.352331e-11 (requested = 1.000000e-10)
GCR: Convergence at 21 iterations, n = 7, L2 relative residual: iterated = 5.942223e-11, true = 5.942223e-11 (requested = 1.000000e-10)
GCR: Convergence at 21 iterations, n = 8, L2 relative residual: iterated = 4.114297e-11, true = 4.114297e-11 (requested = 1.000000e-10)
GCR: Convergence at 21 iterations, n = 9, L2 relative residual: iterated = 5.881040e-11, true = 5.881040e-11 (requested = 1.000000e-10)
GCR: Convergence at 21 iterations, n = 10, L2 relative residual: iterated = 3.643215e-11, true = 3.643215e-11 (requested = 1.000000e-10)
GCR: Convergence at 21 iterations, n = 11, L2 relative residual: iterated = 4.572429e-11, true = 4.572429e-11 (requested = 1.000000e-10)
PyQUDA INFO: Time = 1.872 secs, Performance = 14347.549 GFLOPS
PyQUDA INFO: INVERT 2 propagagors: 3.707169015018735 secs
PyQUDA INFO: DOING SINK GAUSSIAN SMEARING
PyQUDA INFO: SINK GAUSSIAN SMEAR: 0.8423752269882243 secs
PyQUDA INFO: GPU used 49.9 GB, cupy pool 38.3 GB, cupy live 13.4 GB
PyQUDA INFO: CONTRACT ALL: 0.919433631002903 secs
PyQUDA INFO: UNTIL CONTRACTION: 6.5881654619879555 secs
PyQUDA INFO: INNER LOOP STARTS
PyQUDA INFO: SOURCE POSITION = [np.int64(28), np.int64(28), np.int64(12), np.int64(36)]
PyQUDA INFO: DOING SRC GAUSSIAN SMEARING
PyQUDA INFO: SOURCE GAUSSIAN SMEAR: 0.8245999610226136 secs
PyQUDA INFO: RELOADING GAUGE
PyQUDA INFO: RELOADING GAUGE: 0.25611101297545247 secs
PyQUDA INFO: SOLVING DIRAC EQ
GCR: Convergence at 21 iterations, n = 0, L2 relative residual: iterated = 3.096025e-11, true = 3.096025e-11 (requested = 1.000000e-10)
GCR: Convergence at 21 iterations, n = 1, L2 relative residual: iterated = 3.339412e-11, true = 3.339412e-11 (requested = 1.000000e-10)
GCR: Convergence at 21 iterations, n = 2, L2 relative residual: iterated = 5.215422e-11, true = 5.215422e-11 (requested = 1.000000e-10)
GCR: Convergence at 21 iterations, n = 3, L2 relative residual: iterated = 6.497142e-11, true = 6.497142e-11 (requested = 1.000000e-10)
GCR: Convergence at 21 iterations, n = 4, L2 relative residual: iterated = 3.153502e-11, true = 3.153502e-11 (requested = 1.000000e-10)
GCR: Convergence at 21 iterations, n = 5, L2 relative residual: iterated = 3.366145e-11, true = 3.366145e-11 (requested = 1.000000e-10)
GCR: Convergence at 21 iterations, n = 6, L2 relative residual: iterated = 2.217720e-11, true = 2.217720e-11 (requested = 1.000000e-10)
GCR: Convergence at 21 iterations, n = 7, L2 relative residual: iterated = 3.821819e-11, true = 3.821819e-11 (requested = 1.000000e-10)
GCR: Convergence at 21 iterations, n = 8, L2 relative residual: iterated = 1.751933e-11, true = 1.751933e-11 (requested = 1.000000e-10)
GCR: Convergence at 21 iterations, n = 9, L2 relative residual: iterated = 2.352848e-11, true = 2.352848e-11 (requested = 1.000000e-10)
GCR: Convergence at 21 iterations, n = 10, L2 relative residual: iterated = 2.375533e-11, true = 2.375533e-11 (requested = 1.000000e-10)
GCR: Convergence at 21 iterations, n = 11, L2 relative residual: iterated = 3.392916e-11, true = 3.392916e-11 (requested = 1.000000e-10)
PyQUDA INFO: Time = 1.848 secs, Performance = 14527.571 GFLOPS
GCR: Convergence at 21 iterations, n = 0, L2 relative residual: iterated = 3.475045e-11, true = 3.475045e-11 (requested = 1.000000e-10)
GCR: Convergence at 21 iterations, n = 1, L2 relative residual: iterated = 6.034034e-11, true = 6.034034e-11 (requested = 1.000000e-10)
GCR: Convergence at 21 iterations, n = 2, L2 relative residual: iterated = 5.003464e-11, true = 5.003464e-11 (requested = 1.000000e-10)
GCR: Convergence at 21 iterations, n = 3, L2 relative residual: iterated = 4.458175e-11, true = 4.458175e-11 (requested = 1.000000e-10)
GCR: Convergence at 21 iterations, n = 4, L2 relative residual: iterated = 5.619882e-11, true = 5.619882e-11 (requested = 1.000000e-10)
GCR: Convergence at 21 iterations, n = 5, L2 relative residual: iterated = 4.332207e-11, true = 4.332207e-11 (requested = 1.000000e-10)
GCR: Convergence at 21 iterations, n = 6, L2 relative residual: iterated = 4.886870e-11, true = 4.886870e-11 (requested = 1.000000e-10)
GCR: Convergence at 21 iterations, n = 7, L2 relative residual: iterated = 3.574758e-11, true = 3.574758e-11 (requested = 1.000000e-10)
GCR: Convergence at 21 iterations, n = 8, L2 relative residual: iterated = 2.513866e-11, true = 2.513866e-11 (requested = 1.000000e-10)
GCR: Convergence at 21 iterations, n = 9, L2 relative residual: iterated = 2.494783e-11, true = 2.494783e-11 (requested = 1.000000e-10)
GCR: Convergence at 21 iterations, n = 10, L2 relative residual: iterated = 3.144811e-11, true = 3.144811e-11 (requested = 1.000000e-10)
GCR: Convergence at 21 iterations, n = 11, L2 relative residual: iterated = 4.204556e-11, true = 4.204556e-11 (requested = 1.000000e-10)
PyQUDA INFO: Time = 1.876 secs, Performance = 14309.664 GFLOPS
PyQUDA INFO: INVERT 2 propagagors: 3.726228148007067 secs
PyQUDA INFO: DOING SINK GAUSSIAN SMEARING
PyQUDA INFO: SINK GAUSSIAN SMEAR: 0.845549812016543 secs
PyQUDA INFO: GPU used 49.9 GB, cupy pool 38.3 GB, cupy live 13.4 GB
PyQUDA INFO: CONTRACT ALL: 0.919661462015938 secs
PyQUDA INFO: UNTIL CONTRACTION: 6.616348609008128 secs
PyQUDA INFO: INNER LOOP STARTS
PyQUDA INFO: SOURCE POSITION = [np.int64(28), np.int64(12), np.int64(28), np.int64(36)]
PyQUDA INFO: DOING SRC GAUSSIAN SMEARING
PyQUDA INFO: SOURCE GAUSSIAN SMEAR: 0.8186365319998004 secs
PyQUDA INFO: RELOADING GAUGE
PyQUDA INFO: RELOADING GAUGE: 0.2588037060049828 secs
PyQUDA INFO: SOLVING DIRAC EQ
GCR: Convergence at 21 iterations, n = 0, L2 relative residual: iterated = 3.541471e-11, true = 3.541471e-11 (requested = 1.000000e-10)
GCR: Convergence at 21 iterations, n = 1, L2 relative residual: iterated = 1.932930e-11, true = 1.932930e-11 (requested = 1.000000e-10)
GCR: Convergence at 21 iterations, n = 2, L2 relative residual: iterated = 1.921157e-11, true = 1.921157e-11 (requested = 1.000000e-10)
GCR: Convergence at 21 iterations, n = 3, L2 relative residual: iterated = 3.715619e-11, true = 3.715619e-11 (requested = 1.000000e-10)
GCR: Convergence at 21 iterations, n = 4, L2 relative residual: iterated = 3.390660e-11, true = 3.390660e-11 (requested = 1.000000e-10)
GCR: Convergence at 21 iterations, n = 5, L2 relative residual: iterated = 2.752131e-11, true = 2.752131e-11 (requested = 1.000000e-10)
GCR: Convergence at 21 iterations, n = 6, L2 relative residual: iterated = 3.049687e-11, true = 3.049687e-11 (requested = 1.000000e-10)
GCR: Convergence at 21 iterations, n = 7, L2 relative residual: iterated = 7.362932e-11, true = 7.362932e-11 (requested = 1.000000e-10)
GCR: Convergence at 21 iterations, n = 8, L2 relative residual: iterated = 6.189933e-11, true = 6.189933e-11 (requested = 1.000000e-10)
GCR: Convergence at 21 iterations, n = 9, L2 relative residual: iterated = 5.104146e-11, true = 5.104146e-11 (requested = 1.000000e-10)
GCR: Convergence at 21 iterations, n = 10, L2 relative residual: iterated = 3.156470e-11, true = 3.156470e-11 (requested = 1.000000e-10)
GCR: Convergence at 21 iterations, n = 11, L2 relative residual: iterated = 5.009010e-11, true = 5.009010e-11 (requested = 1.000000e-10)
PyQUDA INFO: Time = 1.847 secs, Performance = 14534.781 GFLOPS
GCR: Convergence at 21 iterations, n = 0, L2 relative residual: iterated = 3.944903e-11, true = 3.944903e-11 (requested = 1.000000e-10)
GCR: Convergence at 21 iterations, n = 1, L2 relative residual: iterated = 4.678168e-11, true = 4.678168e-11 (requested = 1.000000e-10)
GCR: Convergence at 21 iterations, n = 2, L2 relative residual: iterated = 3.284440e-11, true = 3.284440e-11 (requested = 1.000000e-10)
GCR: Convergence at 21 iterations, n = 3, L2 relative residual: iterated = 2.355717e-11, true = 2.355717e-11 (requested = 1.000000e-10)
GCR: Convergence at 21 iterations, n = 4, L2 relative residual: iterated = 2.566629e-11, true = 2.566629e-11 (requested = 1.000000e-10)
GCR: Convergence at 21 iterations, n = 5, L2 relative residual: iterated = 3.146505e-11, true = 3.146505e-11 (requested = 1.000000e-10)
GCR: Convergence at 21 iterations, n = 6, L2 relative residual: iterated = 3.778326e-11, true = 3.778326e-11 (requested = 1.000000e-10)
GCR: Convergence at 21 iterations, n = 7, L2 relative residual: iterated = 6.956137e-11, true = 6.956137e-11 (requested = 1.000000e-10)
GCR: Convergence at 21 iterations, n = 8, L2 relative residual: iterated = 4.145164e-11, true = 4.145164e-11 (requested = 1.000000e-10)
GCR: Convergence at 21 iterations, n = 9, L2 relative residual: iterated = 7.147746e-11, true = 7.147746e-11 (requested = 1.000000e-10)
GCR: Convergence at 21 iterations, n = 10, L2 relative residual: iterated = 4.251323e-11, true = 4.251323e-11 (requested = 1.000000e-10)
GCR: Convergence at 21 iterations, n = 11, L2 relative residual: iterated = 7.599483e-11, true = 7.599483e-11 (requested = 1.000000e-10)
PyQUDA INFO: Time = 1.870 secs, Performance = 14313.516 GFLOPS
PyQUDA INFO: INVERT 2 propagagors: 3.7194409249932505 secs
PyQUDA INFO: DOING SINK GAUSSIAN SMEARING
PyQUDA INFO: SINK GAUSSIAN SMEAR: 0.8408824699872639 secs
PyQUDA INFO: GPU used 49.9 GB, cupy pool 38.3 GB, cupy live 13.4 GB
PyQUDA INFO: CONTRACT ALL: 0.92000826401636 secs
PyQUDA INFO: UNTIL CONTRACTION: 6.603497367003001 secs
PyQUDA INFO: INNER LOOP STARTS
PyQUDA INFO: SOURCE POSITION = [np.int64(28), np.int64(12), np.int64(12), np.int64(36)]
PyQUDA INFO: DOING SRC GAUSSIAN SMEARING
PyQUDA INFO: SOURCE GAUSSIAN SMEAR: 0.8210341340163723 secs
PyQUDA INFO: RELOADING GAUGE
PyQUDA INFO: RELOADING GAUGE: 0.26256124398787506 secs
PyQUDA INFO: SOLVING DIRAC EQ
GCR: Convergence at 21 iterations, n = 0, L2 relative residual: iterated = 3.521709e-11, true = 3.521709e-11 (requested = 1.000000e-10)
GCR: Convergence at 21 iterations, n = 1, L2 relative residual: iterated = 4.364195e-11, true = 4.364195e-11 (requested = 1.000000e-10)
GCR: Convergence at 21 iterations, n = 2, L2 relative residual: iterated = 1.861874e-11, true = 1.861874e-11 (requested = 1.000000e-10)
GCR: Convergence at 21 iterations, n = 3, L2 relative residual: iterated = 3.320104e-11, true = 3.320104e-11 (requested = 1.000000e-10)
GCR: Convergence at 21 iterations, n = 4, L2 relative residual: iterated = 4.144650e-11, true = 4.144650e-11 (requested = 1.000000e-10)
GCR: Convergence at 21 iterations, n = 5, L2 relative residual: iterated = 3.398349e-11, true = 3.398349e-11 (requested = 1.000000e-10)
GCR: Convergence at 21 iterations, n = 6, L2 relative residual: iterated = 7.570091e-11, true = 7.570091e-11 (requested = 1.000000e-10)
GCR: Convergence at 21 iterations, n = 7, L2 relative residual: iterated = 7.164190e-11, true = 7.164190e-11 (requested = 1.000000e-10)
GCR: Convergence at 21 iterations, n = 8, L2 relative residual: iterated = 4.041972e-11, true = 4.041972e-11 (requested = 1.000000e-10)
GCR: Convergence at 21 iterations, n = 9, L2 relative residual: iterated = 5.445272e-11, true = 5.445272e-11 (requested = 1.000000e-10)
GCR: Convergence at 21 iterations, n = 10, L2 relative residual: iterated = 8.159570e-11, true = 8.159570e-11 (requested = 1.000000e-10)
GCR: Convergence at 21 iterations, n = 11, L2 relative residual: iterated = 4.145985e-11, true = 4.145985e-11 (requested = 1.000000e-10)
PyQUDA INFO: Time = 1.829 secs, Performance = 14625.030 GFLOPS
GCR: Convergence at 21 iterations, n = 0, L2 relative residual: iterated = 3.217567e-11, true = 3.217567e-11 (requested = 1.000000e-10)
GCR: Convergence at 21 iterations, n = 1, L2 relative residual: iterated = 3.462459e-11, true = 3.462459e-11 (requested = 1.000000e-10)
GCR: Convergence at 21 iterations, n = 2, L2 relative residual: iterated = 6.404548e-11, true = 6.404548e-11 (requested = 1.000000e-10)
GCR: Convergence at 21 iterations, n = 3, L2 relative residual: iterated = 3.881079e-11, true = 3.881079e-11 (requested = 1.000000e-10)
GCR: Convergence at 21 iterations, n = 4, L2 relative residual: iterated = 4.102733e-11, true = 4.102733e-11 (requested = 1.000000e-10)
GCR: Convergence at 21 iterations, n = 5, L2 relative residual: iterated = 5.456377e-11, true = 5.456377e-11 (requested = 1.000000e-10)
GCR: Convergence at 21 iterations, n = 6, L2 relative residual: iterated = 8.424769e-11, true = 8.424769e-11 (requested = 1.000000e-10)
GCR: Convergence at 21 iterations, n = 7, L2 relative residual: iterated = 8.442420e-11, true = 8.442420e-11 (requested = 1.000000e-10)
GCR: Convergence at 21 iterations, n = 8, L2 relative residual: iterated = 8.250195e-11, true = 8.250195e-11 (requested = 1.000000e-10)
GCR: Convergence at 21 iterations, n = 9, L2 relative residual: iterated = 6.214273e-11, true = 6.214273e-11 (requested = 1.000000e-10)
GCR: Convergence at 21 iterations, n = 10, L2 relative residual: iterated = 5.152412e-11, true = 5.152412e-11 (requested = 1.000000e-10)
GCR: Convergence at 21 iterations, n = 11, L2 relative residual: iterated = 7.079124e-11, true = 7.079124e-11 (requested = 1.000000e-10)
PyQUDA INFO: Time = 1.864 secs, Performance = 14384.324 GFLOPS
PyQUDA INFO: INVERT 2 propagagors: 3.6950007760024164 secs
PyQUDA INFO: DOING SINK GAUSSIAN SMEARING
PyQUDA INFO: SINK GAUSSIAN SMEAR: 0.971201211999869 secs
PyQUDA INFO: GPU used 49.9 GB, cupy pool 38.3 GB, cupy live 13.4 GB
PyQUDA INFO: CONTRACT ALL: 0.9195460309856571 secs
PyQUDA INFO: UNTIL CONTRACTION: 6.71357326101861 secs
PyQUDA INFO: INNER LOOP STARTS
PyQUDA INFO: SOURCE POSITION = [np.int64(12), np.int64(28), np.int64(28), np.int64(36)]
PyQUDA INFO: DOING SRC GAUSSIAN SMEARING
PyQUDA INFO: SOURCE GAUSSIAN SMEAR: 0.821436475001974 secs
PyQUDA INFO: RELOADING GAUGE
PyQUDA INFO: RELOADING GAUGE: 0.2557456599897705 secs
PyQUDA INFO: SOLVING DIRAC EQ
GCR: Convergence at 21 iterations, n = 0, L2 relative residual: iterated = 1.620259e-11, true = 1.620259e-11 (requested = 1.000000e-10)
GCR: Convergence at 21 iterations, n = 1, L2 relative residual: iterated = 2.110890e-11, true = 2.110890e-11 (requested = 1.000000e-10)
GCR: Convergence at 21 iterations, n = 2, L2 relative residual: iterated = 2.271332e-11, true = 2.271332e-11 (requested = 1.000000e-10)
GCR: Convergence at 21 iterations, n = 3, L2 relative residual: iterated = 1.958543e-11, true = 1.958543e-11 (requested = 1.000000e-10)
GCR: Convergence at 21 iterations, n = 4, L2 relative residual: iterated = 3.570962e-11, true = 3.570962e-11 (requested = 1.000000e-10)
GCR: Convergence at 21 iterations, n = 5, L2 relative residual: iterated = 2.004253e-11, true = 2.004253e-11 (requested = 1.000000e-10)
GCR: Convergence at 21 iterations, n = 6, L2 relative residual: iterated = 3.160067e-11, true = 3.160067e-11 (requested = 1.000000e-10)
GCR: Convergence at 21 iterations, n = 7, L2 relative residual: iterated = 4.687002e-11, true = 4.687002e-11 (requested = 1.000000e-10)
GCR: Convergence at 21 iterations, n = 8, L2 relative residual: iterated = 3.621375e-11, true = 3.621375e-11 (requested = 1.000000e-10)
GCR: Convergence at 21 iterations, n = 9, L2 relative residual: iterated = 4.030188e-11, true = 4.030188e-11 (requested = 1.000000e-10)
GCR: Convergence at 21 iterations, n = 10, L2 relative residual: iterated = 3.674247e-11, true = 3.674247e-11 (requested = 1.000000e-10)
GCR: Convergence at 21 iterations, n = 11, L2 relative residual: iterated = 3.844117e-11, true = 3.844117e-11 (requested = 1.000000e-10)
PyQUDA INFO: Time = 1.848 secs, Performance = 14666.419 GFLOPS
GCR: Convergence at 21 iterations, n = 0, L2 relative residual: iterated = 1.872337e-11, true = 1.872337e-11 (requested = 1.000000e-10)
GCR: Convergence at 21 iterations, n = 1, L2 relative residual: iterated = 2.418704e-11, true = 2.418704e-11 (requested = 1.000000e-10)
GCR: Convergence at 21 iterations, n = 2, L2 relative residual: iterated = 4.440906e-11, true = 4.440906e-11 (requested = 1.000000e-10)
GCR: Convergence at 21 iterations, n = 3, L2 relative residual: iterated = 3.609142e-11, true = 3.609142e-11 (requested = 1.000000e-10)
GCR: Convergence at 21 iterations, n = 4, L2 relative residual: iterated = 2.686461e-11, true = 2.686461e-11 (requested = 1.000000e-10)
GCR: Convergence at 21 iterations, n = 5, L2 relative residual: iterated = 3.656266e-11, true = 3.656266e-11 (requested = 1.000000e-10)
GCR: Convergence at 21 iterations, n = 6, L2 relative residual: iterated = 4.618753e-11, true = 4.618753e-11 (requested = 1.000000e-10)
GCR: Convergence at 21 iterations, n = 7, L2 relative residual: iterated = 5.628107e-11, true = 5.628107e-11 (requested = 1.000000e-10)
GCR: Convergence at 21 iterations, n = 8, L2 relative residual: iterated = 5.024375e-11, true = 5.024375e-11 (requested = 1.000000e-10)
GCR: Convergence at 21 iterations, n = 9, L2 relative residual: iterated = 4.207676e-11, true = 4.207676e-11 (requested = 1.000000e-10)
GCR: Convergence at 21 iterations, n = 10, L2 relative residual: iterated = 5.471990e-11, true = 5.471990e-11 (requested = 1.000000e-10)
GCR: Convergence at 21 iterations, n = 11, L2 relative residual: iterated = 8.178589e-11, true = 8.178589e-11 (requested = 1.000000e-10)
PyQUDA INFO: Time = 1.870 secs, Performance = 14349.452 GFLOPS
PyQUDA INFO: INVERT 2 propagagors: 3.720221408002544 secs
PyQUDA INFO: DOING SINK GAUSSIAN SMEARING
PyQUDA INFO: SINK GAUSSIAN SMEAR: 0.9704144379938953 secs
PyQUDA INFO: GPU used 49.9 GB, cupy pool 38.3 GB, cupy live 13.4 GB
PyQUDA INFO: CONTRACT ALL: 0.9205999469850212 secs
PyQUDA INFO: UNTIL CONTRACTION: 6.734577043011086 secs
PyQUDA INFO: INNER LOOP STARTS
PyQUDA INFO: SOURCE POSITION = [np.int64(12), np.int64(28), np.int64(12), np.int64(36)]
PyQUDA INFO: DOING SRC GAUSSIAN SMEARING
PyQUDA INFO: SOURCE GAUSSIAN SMEAR: 0.8224648300092667 secs
PyQUDA INFO: RELOADING GAUGE
PyQUDA INFO: RELOADING GAUGE: 0.2560921919939574 secs
PyQUDA INFO: SOLVING DIRAC EQ
GCR: Convergence at 22 iterations, n = 0, L2 relative residual: iterated = 1.276900e-11, true = 1.276900e-11 (requested = 1.000000e-10)
GCR: Convergence at 22 iterations, n = 1, L2 relative residual: iterated = 9.922264e-12, true = 9.922264e-12 (requested = 1.000000e-10)
GCR: Convergence at 22 iterations, n = 2, L2 relative residual: iterated = 7.580111e-12, true = 7.580111e-12 (requested = 1.000000e-10)
GCR: Convergence at 22 iterations, n = 3, L2 relative residual: iterated = 1.084732e-11, true = 1.084732e-11 (requested = 1.000000e-10)
GCR: Convergence at 22 iterations, n = 4, L2 relative residual: iterated = 1.023071e-11, true = 1.023071e-11 (requested = 1.000000e-10)
GCR: Convergence at 22 iterations, n = 5, L2 relative residual: iterated = 7.335484e-12, true = 7.335484e-12 (requested = 1.000000e-10)
GCR: Convergence at 22 iterations, n = 6, L2 relative residual: iterated = 1.461095e-11, true = 1.461095e-11 (requested = 1.000000e-10)
GCR: Convergence at 22 iterations, n = 7, L2 relative residual: iterated = 1.277730e-11, true = 1.277730e-11 (requested = 1.000000e-10)
GCR: Convergence at 22 iterations, n = 8, L2 relative residual: iterated = 3.764865e-11, true = 3.764865e-11 (requested = 1.000000e-10)
GCR: Convergence at 22 iterations, n = 9, L2 relative residual: iterated = 3.741450e-11, true = 3.741450e-11 (requested = 1.000000e-10)
GCR: Convergence at 22 iterations, n = 10, L2 relative residual: iterated = 1.166428e-11, true = 1.166428e-11 (requested = 1.000000e-10)
GCR: Convergence at 22 iterations, n = 11, L2 relative residual: iterated = 2.003875e-11, true = 2.003875e-11 (requested = 1.000000e-10)
PyQUDA INFO: Time = 1.924 secs, Performance = 14610.745 GFLOPS
GCR: Convergence at 21 iterations, n = 0, L2 relative residual: iterated = 2.459435e-11, true = 2.459435e-11 (requested = 1.000000e-10)
GCR: Convergence at 21 iterations, n = 1, L2 relative residual: iterated = 3.494915e-11, true = 3.494915e-11 (requested = 1.000000e-10)
GCR: Convergence at 21 iterations, n = 2, L2 relative residual: iterated = 2.358720e-11, true = 2.358720e-11 (requested = 1.000000e-10)
GCR: Convergence at 21 iterations, n = 3, L2 relative residual: iterated = 2.094641e-11, true = 2.094641e-11 (requested = 1.000000e-10)
GCR: Convergence at 21 iterations, n = 4, L2 relative residual: iterated = 3.762553e-11, true = 3.762553e-11 (requested = 1.000000e-10)
GCR: Convergence at 21 iterations, n = 5, L2 relative residual: iterated = 3.249769e-11, true = 3.249769e-11 (requested = 1.000000e-10)
GCR: Convergence at 21 iterations, n = 6, L2 relative residual: iterated = 4.675383e-11, true = 4.675383e-11 (requested = 1.000000e-10)
GCR: Convergence at 21 iterations, n = 7, L2 relative residual: iterated = 3.084113e-11, true = 3.084113e-11 (requested = 1.000000e-10)
GCR: Convergence at 21 iterations, n = 8, L2 relative residual: iterated = 6.844919e-11, true = 6.844919e-11 (requested = 1.000000e-10)
GCR: Convergence at 21 iterations, n = 9, L2 relative residual: iterated = 5.750712e-11, true = 5.750712e-11 (requested = 1.000000e-10)
GCR: Convergence at 21 iterations, n = 10, L2 relative residual: iterated = 7.449745e-11, true = 7.449745e-11 (requested = 1.000000e-10)
GCR: Convergence at 21 iterations, n = 11, L2 relative residual: iterated = 3.868455e-11, true = 3.868455e-11 (requested = 1.000000e-10)
PyQUDA INFO: Time = 1.874 secs, Performance = 14332.409 GFLOPS
PyQUDA INFO: INVERT 2 propagagors: 3.799822844011942 secs
PyQUDA INFO: DOING SINK GAUSSIAN SMEARING
PyQUDA INFO: SINK GAUSSIAN SMEAR: 0.9572328240028583 secs
PyQUDA INFO: GPU used 49.9 GB, cupy pool 38.3 GB, cupy live 13.4 GB
PyQUDA INFO: CONTRACT ALL: 0.9197197220055386 secs
PyQUDA INFO: UNTIL CONTRACTION: 6.801396397000644 secs
PyQUDA INFO: INNER LOOP STARTS
PyQUDA INFO: SOURCE POSITION = [np.int64(12), np.int64(12), np.int64(28), np.int64(36)]
PyQUDA INFO: DOING SRC GAUSSIAN SMEARING
PyQUDA INFO: SOURCE GAUSSIAN SMEAR: 0.8225572600204032 secs
PyQUDA INFO: RELOADING GAUGE
PyQUDA INFO: RELOADING GAUGE: 0.26048655301565304 secs
PyQUDA INFO: SOLVING DIRAC EQ
GCR: Convergence at 21 iterations, n = 0, L2 relative residual: iterated = 2.618747e-11, true = 2.618747e-11 (requested = 1.000000e-10)
GCR: Convergence at 21 iterations, n = 1, L2 relative residual: iterated = 5.480242e-11, true = 5.480242e-11 (requested = 1.000000e-10)
GCR: Convergence at 21 iterations, n = 2, L2 relative residual: iterated = 3.037686e-11, true = 3.037686e-11 (requested = 1.000000e-10)
GCR: Convergence at 21 iterations, n = 3, L2 relative residual: iterated = 3.099720e-11, true = 3.099720e-11 (requested = 1.000000e-10)
GCR: Convergence at 21 iterations, n = 4, L2 relative residual: iterated = 2.369587e-11, true = 2.369587e-11 (requested = 1.000000e-10)
GCR: Convergence at 21 iterations, n = 5, L2 relative residual: iterated = 5.824743e-11, true = 5.824743e-11 (requested = 1.000000e-10)
GCR: Convergence at 21 iterations, n = 6, L2 relative residual: iterated = 5.132206e-11, true = 5.132206e-11 (requested = 1.000000e-10)
GCR: Convergence at 21 iterations, n = 7, L2 relative residual: iterated = 3.654358e-11, true = 3.654358e-11 (requested = 1.000000e-10)
GCR: Convergence at 21 iterations, n = 8, L2 relative residual: iterated = 4.745984e-11, true = 4.745984e-11 (requested = 1.000000e-10)
GCR: Convergence at 21 iterations, n = 9, L2 relative residual: iterated = 2.746042e-11, true = 2.746042e-11 (requested = 1.000000e-10)
GCR: Convergence at 21 iterations, n = 10, L2 relative residual: iterated = 3.266365e-11, true = 3.266365e-11 (requested = 1.000000e-10)
GCR: Convergence at 21 iterations, n = 11, L2 relative residual: iterated = 4.849372e-11, true = 4.849372e-11 (requested = 1.000000e-10)
PyQUDA INFO: Time = 1.833 secs, Performance = 14637.659 GFLOPS
GCR: Convergence at 21 iterations, n = 0, L2 relative residual: iterated = 3.795501e-11, true = 3.795501e-11 (requested = 1.000000e-10)
GCR: Convergence at 21 iterations, n = 1, L2 relative residual: iterated = 3.469713e-11, true = 3.469713e-11 (requested = 1.000000e-10)
GCR: Convergence at 21 iterations, n = 2, L2 relative residual: iterated = 2.584091e-11, true = 2.584091e-11 (requested = 1.000000e-10)
GCR: Convergence at 21 iterations, n = 3, L2 relative residual: iterated = 3.870650e-11, true = 3.870650e-11 (requested = 1.000000e-10)
GCR: Convergence at 21 iterations, n = 4, L2 relative residual: iterated = 2.845226e-11, true = 2.845226e-11 (requested = 1.000000e-10)
GCR: Convergence at 21 iterations, n = 5, L2 relative residual: iterated = 4.486247e-11, true = 4.486247e-11 (requested = 1.000000e-10)
GCR: Convergence at 21 iterations, n = 6, L2 relative residual: iterated = 3.374747e-11, true = 3.374747e-11 (requested = 1.000000e-10)
GCR: Convergence at 21 iterations, n = 7, L2 relative residual: iterated = 2.951185e-11, true = 2.951185e-11 (requested = 1.000000e-10)
GCR: Convergence at 21 iterations, n = 8, L2 relative residual: iterated = 3.208898e-11, true = 3.208898e-11 (requested = 1.000000e-10)
GCR: Convergence at 21 iterations, n = 9, L2 relative residual: iterated = 2.613482e-11, true = 2.613482e-11 (requested = 1.000000e-10)
GCR: Convergence at 21 iterations, n = 10, L2 relative residual: iterated = 3.841790e-11, true = 3.841790e-11 (requested = 1.000000e-10)
GCR: Convergence at 21 iterations, n = 11, L2 relative residual: iterated = 3.328463e-11, true = 3.328463e-11 (requested = 1.000000e-10)
PyQUDA INFO: Time = 1.874 secs, Performance = 14332.163 GFLOPS
PyQUDA INFO: INVERT 2 propagagors: 3.709407086018473 secs
PyQUDA INFO: DOING SINK GAUSSIAN SMEARING
PyQUDA INFO: SINK GAUSSIAN SMEAR: 0.8482309649989475 secs
PyQUDA INFO: GPU used 49.9 GB, cupy pool 38.3 GB, cupy live 13.4 GB
PyQUDA INFO: CONTRACT ALL: 0.9192510200082324 secs
PyQUDA INFO: UNTIL CONTRACTION: 6.605602687021019 secs
PyQUDA INFO: INNER LOOP STARTS
PyQUDA INFO: SOURCE POSITION = [np.int64(12), np.int64(12), np.int64(12), np.int64(36)]
PyQUDA INFO: DOING SRC GAUSSIAN SMEARING
PyQUDA INFO: SOURCE GAUSSIAN SMEAR: 0.8217746010050178 secs
PyQUDA INFO: RELOADING GAUGE
PyQUDA INFO: RELOADING GAUGE: 0.2600932619825471 secs
PyQUDA INFO: SOLVING DIRAC EQ
GCR: Convergence at 21 iterations, n = 0, L2 relative residual: iterated = 8.140510e-12, true = 8.140510e-12 (requested = 1.000000e-10)
GCR: Convergence at 21 iterations, n = 1, L2 relative residual: iterated = 1.598214e-11, true = 1.598214e-11 (requested = 1.000000e-10)
GCR: Convergence at 21 iterations, n = 2, L2 relative residual: iterated = 1.052961e-11, true = 1.052961e-11 (requested = 1.000000e-10)
GCR: Convergence at 21 iterations, n = 3, L2 relative residual: iterated = 1.764933e-11, true = 1.764933e-11 (requested = 1.000000e-10)
GCR: Convergence at 21 iterations, n = 4, L2 relative residual: iterated = 1.392755e-11, true = 1.392755e-11 (requested = 1.000000e-10)
GCR: Convergence at 21 iterations, n = 5, L2 relative residual: iterated = 1.173354e-11, true = 1.173354e-11 (requested = 1.000000e-10)
GCR: Convergence at 21 iterations, n = 6, L2 relative residual: iterated = 5.197624e-11, true = 5.197624e-11 (requested = 1.000000e-10)
GCR: Convergence at 21 iterations, n = 7, L2 relative residual: iterated = 1.818661e-11, true = 1.818661e-11 (requested = 1.000000e-10)
GCR: Convergence at 21 iterations, n = 8, L2 relative residual: iterated = 2.808610e-11, true = 2.808610e-11 (requested = 1.000000e-10)
GCR: Convergence at 21 iterations, n = 9, L2 relative residual: iterated = 4.160022e-11, true = 4.160022e-11 (requested = 1.000000e-10)
GCR: Convergence at 21 iterations, n = 10, L2 relative residual: iterated = 1.085105e-11, true = 1.085105e-11 (requested = 1.000000e-10)
GCR: Convergence at 21 iterations, n = 11, L2 relative residual: iterated = 7.080835e-11, true = 7.080835e-11 (requested = 1.000000e-10)
PyQUDA INFO: Time = 1.871 secs, Performance = 14641.423 GFLOPS
GCR: Convergence at 21 iterations, n = 0, L2 relative residual: iterated = 1.613977e-11, true = 1.613977e-11 (requested = 1.000000e-10)
GCR: Convergence at 21 iterations, n = 1, L2 relative residual: iterated = 2.614801e-11, true = 2.614801e-11 (requested = 1.000000e-10)
GCR: Convergence at 21 iterations, n = 2, L2 relative residual: iterated = 1.266633e-11, true = 1.266633e-11 (requested = 1.000000e-10)
GCR: Convergence at 21 iterations, n = 3, L2 relative residual: iterated = 2.039705e-11, true = 2.039705e-11 (requested = 1.000000e-10)
GCR: Convergence at 21 iterations, n = 4, L2 relative residual: iterated = 1.356693e-11, true = 1.356693e-11 (requested = 1.000000e-10)
GCR: Convergence at 21 iterations, n = 5, L2 relative residual: iterated = 1.596872e-11, true = 1.596872e-11 (requested = 1.000000e-10)
GCR: Convergence at 21 iterations, n = 6, L2 relative residual: iterated = 7.528588e-11, true = 7.528588e-11 (requested = 1.000000e-10)
GCR: Convergence at 21 iterations, n = 7, L2 relative residual: iterated = 2.081527e-11, true = 2.081527e-11 (requested = 1.000000e-10)
GCR: Convergence at 21 iterations, n = 8, L2 relative residual: iterated = 4.852291e-11, true = 4.852291e-11 (requested = 1.000000e-10)
GCR: Convergence at 21 iterations, n = 9, L2 relative residual: iterated = 2.998987e-11, true = 2.998987e-11 (requested = 1.000000e-10)
GCR: Convergence at 21 iterations, n = 10, L2 relative residual: iterated = 2.255666e-11, true = 2.255666e-11 (requested = 1.000000e-10)
GCR: Convergence at 21 iterations, n = 11, L2 relative residual: iterated = 5.546339e-11, true = 5.546339e-11 (requested = 1.000000e-10)
PyQUDA INFO: Time = 1.888 secs, Performance = 14358.740 GFLOPS
PyQUDA INFO: INVERT 2 propagagors: 3.761382804979803 secs
PyQUDA INFO: DOING SINK GAUSSIAN SMEARING
PyQUDA INFO: SINK GAUSSIAN SMEAR: 0.9689852450101171 secs
PyQUDA INFO: GPU used 49.9 GB, cupy pool 38.3 GB, cupy live 13.4 GB
PyQUDA INFO: CONTRACT ALL: 0.9193073810019996 secs
PyQUDA INFO: UNTIL CONTRACTION: 6.776500728999963 secs
PyQUDA INFO: INNER LOOP STARTS
PyQUDA INFO: SOURCE POSITION = [np.int64(28), np.int64(28), np.int64(28), np.int64(68)]
PyQUDA INFO: DOING SRC GAUSSIAN SMEARING
PyQUDA INFO: SOURCE GAUSSIAN SMEAR: 0.8180686749983579 secs
PyQUDA INFO: RELOADING GAUGE
PyQUDA INFO: RELOADING GAUGE: 0.25982938101515174 secs
PyQUDA INFO: SOLVING DIRAC EQ
GCR: Convergence at 21 iterations, n = 0, L2 relative residual: iterated = 2.503516e-11, true = 2.503516e-11 (requested = 1.000000e-10)
GCR: Convergence at 21 iterations, n = 1, L2 relative residual: iterated = 2.425450e-11, true = 2.425450e-11 (requested = 1.000000e-10)
GCR: Convergence at 21 iterations, n = 2, L2 relative residual: iterated = 2.503869e-11, true = 2.503869e-11 (requested = 1.000000e-10)
GCR: Convergence at 21 iterations, n = 3, L2 relative residual: iterated = 2.559977e-11, true = 2.559977e-11 (requested = 1.000000e-10)
GCR: Convergence at 21 iterations, n = 4, L2 relative residual: iterated = 2.295760e-11, true = 2.295760e-11 (requested = 1.000000e-10)
GCR: Convergence at 21 iterations, n = 5, L2 relative residual: iterated = 2.400315e-11, true = 2.400315e-11 (requested = 1.000000e-10)
GCR: Convergence at 21 iterations, n = 6, L2 relative residual: iterated = 3.218727e-11, true = 3.218727e-11 (requested = 1.000000e-10)
GCR: Convergence at 21 iterations, n = 7, L2 relative residual: iterated = 1.739894e-11, true = 1.739894e-11 (requested = 1.000000e-10)
GCR: Convergence at 21 iterations, n = 8, L2 relative residual: iterated = 3.315709e-11, true = 3.315709e-11 (requested = 1.000000e-10)
GCR: Convergence at 21 iterations, n = 9, L2 relative residual: iterated = 3.924121e-11, true = 3.924121e-11 (requested = 1.000000e-10)
GCR: Convergence at 21 iterations, n = 10, L2 relative residual: iterated = 2.056020e-11, true = 2.056020e-11 (requested = 1.000000e-10)
GCR: Convergence at 21 iterations, n = 11, L2 relative residual: iterated = 2.016012e-11, true = 2.016012e-11 (requested = 1.000000e-10)
PyQUDA INFO: Time = 1.848 secs, Performance = 14539.409 GFLOPS
GCR: Convergence at 21 iterations, n = 0, L2 relative residual: iterated = 3.371876e-11, true = 3.371876e-11 (requested = 1.000000e-10)
GCR: Convergence at 21 iterations, n = 1, L2 relative residual: iterated = 2.942953e-11, true = 2.942953e-11 (requested = 1.000000e-10)
GCR: Convergence at 21 iterations, n = 2, L2 relative residual: iterated = 2.545295e-11, true = 2.545295e-11 (requested = 1.000000e-10)
GCR: Convergence at 21 iterations, n = 3, L2 relative residual: iterated = 3.341942e-11, true = 3.341942e-11 (requested = 1.000000e-10)
GCR: Convergence at 21 iterations, n = 4, L2 relative residual: iterated = 2.850553e-11, true = 2.850553e-11 (requested = 1.000000e-10)
GCR: Convergence at 21 iterations, n = 5, L2 relative residual: iterated = 3.219112e-11, true = 3.219112e-11 (requested = 1.000000e-10)
GCR: Convergence at 21 iterations, n = 6, L2 relative residual: iterated = 2.503724e-11, true = 2.503724e-11 (requested = 1.000000e-10)
GCR: Convergence at 21 iterations, n = 7, L2 relative residual: iterated = 2.368895e-11, true = 2.368895e-11 (requested = 1.000000e-10)
GCR: Convergence at 21 iterations, n = 8, L2 relative residual: iterated = 3.808887e-11, true = 3.808887e-11 (requested = 1.000000e-10)
GCR: Convergence at 21 iterations, n = 9, L2 relative residual: iterated = 4.093307e-11, true = 4.093307e-11 (requested = 1.000000e-10)
GCR: Convergence at 21 iterations, n = 10, L2 relative residual: iterated = 4.305272e-11, true = 4.305272e-11 (requested = 1.000000e-10)
GCR: Convergence at 21 iterations, n = 11, L2 relative residual: iterated = 2.263296e-11, true = 2.263296e-11 (requested = 1.000000e-10)
PyQUDA INFO: Time = 1.866 secs, Performance = 14376.039 GFLOPS
PyQUDA INFO: INVERT 2 propagagors: 3.7167870849953033 secs
PyQUDA INFO: DOING SINK GAUSSIAN SMEARING
PyQUDA INFO: SINK GAUSSIAN SMEAR: 0.962627227010671 secs
PyQUDA INFO: GPU used 49.9 GB, cupy pool 38.3 GB, cupy live 13.4 GB
PyQUDA INFO: CONTRACT ALL: 0.9193913920025807 secs
PyQUDA INFO: UNTIL CONTRACTION: 6.7224130439863075 secs
PyQUDA INFO: INNER LOOP STARTS
PyQUDA INFO: SOURCE POSITION = [np.int64(28), np.int64(28), np.int64(12), np.int64(68)]
PyQUDA INFO: DOING SRC GAUSSIAN SMEARING
PyQUDA INFO: SOURCE GAUSSIAN SMEAR: 0.8260608609998599 secs
PyQUDA INFO: RELOADING GAUGE
PyQUDA INFO: RELOADING GAUGE: 0.25554785097483546 secs
PyQUDA INFO: SOLVING DIRAC EQ
GCR: Convergence at 21 iterations, n = 0, L2 relative residual: iterated = 2.309540e-11, true = 2.309540e-11 (requested = 1.000000e-10)
GCR: Convergence at 21 iterations, n = 1, L2 relative residual: iterated = 3.447866e-11, true = 3.447866e-11 (requested = 1.000000e-10)
GCR: Convergence at 21 iterations, n = 2, L2 relative residual: iterated = 3.001342e-11, true = 3.001342e-11 (requested = 1.000000e-10)
GCR: Convergence at 21 iterations, n = 3, L2 relative residual: iterated = 2.153774e-11, true = 2.153774e-11 (requested = 1.000000e-10)
GCR: Convergence at 21 iterations, n = 4, L2 relative residual: iterated = 2.087116e-11, true = 2.087116e-11 (requested = 1.000000e-10)
GCR: Convergence at 21 iterations, n = 5, L2 relative residual: iterated = 2.587078e-11, true = 2.587078e-11 (requested = 1.000000e-10)
GCR: Convergence at 21 iterations, n = 6, L2 relative residual: iterated = 3.605432e-11, true = 3.605432e-11 (requested = 1.000000e-10)
GCR: Convergence at 21 iterations, n = 7, L2 relative residual: iterated = 4.644001e-11, true = 4.644001e-11 (requested = 1.000000e-10)
GCR: Convergence at 21 iterations, n = 8, L2 relative residual: iterated = 2.846342e-11, true = 2.846342e-11 (requested = 1.000000e-10)
GCR: Convergence at 21 iterations, n = 9, L2 relative residual: iterated = 2.802990e-11, true = 2.802990e-11 (requested = 1.000000e-10)
GCR: Convergence at 21 iterations, n = 10, L2 relative residual: iterated = 3.687773e-11, true = 3.687773e-11 (requested = 1.000000e-10)
GCR: Convergence at 21 iterations, n = 11, L2 relative residual: iterated = 3.193004e-11, true = 3.193004e-11 (requested = 1.000000e-10)
PyQUDA INFO: Time = 1.844 secs, Performance = 14547.791 GFLOPS
GCR: Convergence at 20 iterations, n = 0, L2 relative residual: iterated = 8.512756e-11, true = 8.512756e-11 (requested = 1.000000e-10)
GCR: Convergence at 20 iterations, n = 1, L2 relative residual: iterated = 4.323488e-11, true = 4.323488e-11 (requested = 1.000000e-10)
GCR: Convergence at 20 iterations, n = 2, L2 relative residual: iterated = 5.847376e-11, true = 5.847376e-11 (requested = 1.000000e-10)
GCR: Convergence at 20 iterations, n = 3, L2 relative residual: iterated = 4.417215e-11, true = 4.417215e-11 (requested = 1.000000e-10)
GCR: Convergence at 20 iterations, n = 4, L2 relative residual: iterated = 4.011163e-11, true = 4.011163e-11 (requested = 1.000000e-10)
GCR: Convergence at 20 iterations, n = 5, L2 relative residual: iterated = 8.068531e-11, true = 8.068531e-11 (requested = 1.000000e-10)
GCR: Convergence at 20 iterations, n = 6, L2 relative residual: iterated = 5.719952e-11, true = 5.719952e-11 (requested = 1.000000e-10)
GCR: Convergence at 20 iterations, n = 7, L2 relative residual: iterated = 5.469381e-11, true = 5.469381e-11 (requested = 1.000000e-10)
GCR: Convergence at 20 iterations, n = 8, L2 relative residual: iterated = 6.956478e-11, true = 6.956478e-11 (requested = 1.000000e-10)
GCR: Convergence at 20 iterations, n = 9, L2 relative residual: iterated = 8.599722e-11, true = 8.599722e-11 (requested = 1.000000e-10)
GCR: Convergence at 20 iterations, n = 10, L2 relative residual: iterated = 5.694212e-11, true = 5.694212e-11 (requested = 1.000000e-10)
GCR: Convergence at 20 iterations, n = 11, L2 relative residual: iterated = 9.006422e-11, true = 9.006422e-11 (requested = 1.000000e-10)
PyQUDA INFO: Time = 1.792 secs, Performance = 14249.566 GFLOPS
PyQUDA INFO: INVERT 2 propagagors: 3.6381722889782395 secs
PyQUDA INFO: DOING SINK GAUSSIAN SMEARING
PyQUDA INFO: SINK GAUSSIAN SMEAR: 0.957963146007387 secs
PyQUDA INFO: GPU used 49.9 GB, cupy pool 38.3 GB, cupy live 13.4 GB
PyQUDA INFO: CONTRACT ALL: 0.919609592994675 secs
PyQUDA INFO: UNTIL CONTRACTION: 6.642008652008371 secs
PyQUDA INFO: INNER LOOP STARTS
PyQUDA INFO: SOURCE POSITION = [np.int64(28), np.int64(12), np.int64(28), np.int64(68)]
PyQUDA INFO: DOING SRC GAUSSIAN SMEARING
PyQUDA INFO: SOURCE GAUSSIAN SMEAR: 0.818875428987667 secs
PyQUDA INFO: RELOADING GAUGE
PyQUDA INFO: RELOADING GAUGE: 0.2684281789988745 secs
PyQUDA INFO: SOLVING DIRAC EQ
GCR: Convergence at 21 iterations, n = 0, L2 relative residual: iterated = 3.740162e-11, true = 3.740162e-11 (requested = 1.000000e-10)
GCR: Convergence at 21 iterations, n = 1, L2 relative residual: iterated = 2.343961e-11, true = 2.343961e-11 (requested = 1.000000e-10)
GCR: Convergence at 21 iterations, n = 2, L2 relative residual: iterated = 2.590579e-11, true = 2.590579e-11 (requested = 1.000000e-10)
GCR: Convergence at 21 iterations, n = 3, L2 relative residual: iterated = 2.756956e-11, true = 2.756956e-11 (requested = 1.000000e-10)
GCR: Convergence at 21 iterations, n = 4, L2 relative residual: iterated = 2.454809e-11, true = 2.454809e-11 (requested = 1.000000e-10)
GCR: Convergence at 21 iterations, n = 5, L2 relative residual: iterated = 2.959193e-11, true = 2.959193e-11 (requested = 1.000000e-10)
GCR: Convergence at 21 iterations, n = 6, L2 relative residual: iterated = 1.107243e-11, true = 1.107243e-11 (requested = 1.000000e-10)
GCR: Convergence at 21 iterations, n = 7, L2 relative residual: iterated = 2.675518e-11, true = 2.675518e-11 (requested = 1.000000e-10)
GCR: Convergence at 21 iterations, n = 8, L2 relative residual: iterated = 2.836305e-11, true = 2.836305e-11 (requested = 1.000000e-10)
GCR: Convergence at 21 iterations, n = 9, L2 relative residual: iterated = 2.109316e-11, true = 2.109316e-11 (requested = 1.000000e-10)
GCR: Convergence at 21 iterations, n = 10, L2 relative residual: iterated = 2.798705e-11, true = 2.798705e-11 (requested = 1.000000e-10)
GCR: Convergence at 21 iterations, n = 11, L2 relative residual: iterated = 1.396290e-11, true = 1.396290e-11 (requested = 1.000000e-10)
PyQUDA INFO: Time = 1.844 secs, Performance = 14526.306 GFLOPS
GCR: Convergence at 21 iterations, n = 0, L2 relative residual: iterated = 3.555984e-11, true = 3.555984e-11 (requested = 1.000000e-10)
GCR: Convergence at 21 iterations, n = 1, L2 relative residual: iterated = 3.603182e-11, true = 3.603182e-11 (requested = 1.000000e-10)
GCR: Convergence at 21 iterations, n = 2, L2 relative residual: iterated = 2.393317e-11, true = 2.393317e-11 (requested = 1.000000e-10)
GCR: Convergence at 21 iterations, n = 3, L2 relative residual: iterated = 3.186421e-11, true = 3.186421e-11 (requested = 1.000000e-10)
GCR: Convergence at 21 iterations, n = 4, L2 relative residual: iterated = 2.036072e-11, true = 2.036072e-11 (requested = 1.000000e-10)
GCR: Convergence at 21 iterations, n = 5, L2 relative residual: iterated = 2.380413e-11, true = 2.380413e-11 (requested = 1.000000e-10)
GCR: Convergence at 21 iterations, n = 6, L2 relative residual: iterated = 1.228629e-11, true = 1.228629e-11 (requested = 1.000000e-10)
GCR: Convergence at 21 iterations, n = 7, L2 relative residual: iterated = 1.493100e-11, true = 1.493100e-11 (requested = 1.000000e-10)
GCR: Convergence at 21 iterations, n = 8, L2 relative residual: iterated = 2.180481e-11, true = 2.180481e-11 (requested = 1.000000e-10)
GCR: Convergence at 21 iterations, n = 9, L2 relative residual: iterated = 2.557558e-11, true = 2.557558e-11 (requested = 1.000000e-10)
GCR: Convergence at 21 iterations, n = 10, L2 relative residual: iterated = 2.213821e-11, true = 2.213821e-11 (requested = 1.000000e-10)
GCR: Convergence at 21 iterations, n = 11, L2 relative residual: iterated = 1.355157e-11, true = 1.355157e-11 (requested = 1.000000e-10)
PyQUDA INFO: Time = 1.874 secs, Performance = 14303.544 GFLOPS
PyQUDA INFO: INVERT 2 propagagors: 3.720204029988963 secs
PyQUDA INFO: DOING SINK GAUSSIAN SMEARING
PyQUDA INFO: SINK GAUSSIAN SMEAR: 0.8480452410003636 secs
PyQUDA INFO: GPU used 49.9 GB, cupy pool 38.3 GB, cupy live 13.4 GB
PyQUDA INFO: CONTRACT ALL: 0.9198838140000589 secs
PyQUDA INFO: UNTIL CONTRACTION: 6.621712281019427 secs
PyQUDA INFO: INNER LOOP STARTS
PyQUDA INFO: SOURCE POSITION = [np.int64(28), np.int64(12), np.int64(12), np.int64(68)]
PyQUDA INFO: DOING SRC GAUSSIAN SMEARING
PyQUDA INFO: SOURCE GAUSSIAN SMEAR: 0.8219351430016104 secs
PyQUDA INFO: RELOADING GAUGE
PyQUDA INFO: RELOADING GAUGE: 0.26286876399535686 secs
PyQUDA INFO: SOLVING DIRAC EQ
GCR: Convergence at 21 iterations, n = 0, L2 relative residual: iterated = 2.114936e-11, true = 2.114936e-11 (requested = 1.000000e-10)
GCR: Convergence at 21 iterations, n = 1, L2 relative residual: iterated = 3.325979e-11, true = 3.325979e-11 (requested = 1.000000e-10)
GCR: Convergence at 21 iterations, n = 2, L2 relative residual: iterated = 3.353621e-11, true = 3.353621e-11 (requested = 1.000000e-10)
GCR: Convergence at 21 iterations, n = 3, L2 relative residual: iterated = 3.318902e-11, true = 3.318902e-11 (requested = 1.000000e-10)
GCR: Convergence at 21 iterations, n = 4, L2 relative residual: iterated = 3.429848e-11, true = 3.429848e-11 (requested = 1.000000e-10)
GCR: Convergence at 21 iterations, n = 5, L2 relative residual: iterated = 2.728746e-11, true = 2.728746e-11 (requested = 1.000000e-10)
GCR: Convergence at 21 iterations, n = 6, L2 relative residual: iterated = 1.561328e-11, true = 1.561328e-11 (requested = 1.000000e-10)
GCR: Convergence at 21 iterations, n = 7, L2 relative residual: iterated = 3.277092e-11, true = 3.277092e-11 (requested = 1.000000e-10)
GCR: Convergence at 21 iterations, n = 8, L2 relative residual: iterated = 2.822571e-11, true = 2.822571e-11 (requested = 1.000000e-10)
GCR: Convergence at 21 iterations, n = 9, L2 relative residual: iterated = 3.896769e-11, true = 3.896769e-11 (requested = 1.000000e-10)
GCR: Convergence at 21 iterations, n = 10, L2 relative residual: iterated = 2.850911e-11, true = 2.850911e-11 (requested = 1.000000e-10)
GCR: Convergence at 21 iterations, n = 11, L2 relative residual: iterated = 2.172573e-11, true = 2.172573e-11 (requested = 1.000000e-10)
PyQUDA INFO: Time = 1.846 secs, Performance = 14550.101 GFLOPS
GCR: Convergence at 21 iterations, n = 0, L2 relative residual: iterated = 2.646288e-11, true = 2.646288e-11 (requested = 1.000000e-10)
GCR: Convergence at 21 iterations, n = 1, L2 relative residual: iterated = 2.762161e-11, true = 2.762161e-11 (requested = 1.000000e-10)
GCR: Convergence at 21 iterations, n = 2, L2 relative residual: iterated = 2.416570e-11, true = 2.416570e-11 (requested = 1.000000e-10)
GCR: Convergence at 21 iterations, n = 3, L2 relative residual: iterated = 3.442390e-11, true = 3.442390e-11 (requested = 1.000000e-10)
GCR: Convergence at 21 iterations, n = 4, L2 relative residual: iterated = 2.212229e-11, true = 2.212229e-11 (requested = 1.000000e-10)
GCR: Convergence at 21 iterations, n = 5, L2 relative residual: iterated = 3.238627e-11, true = 3.238627e-11 (requested = 1.000000e-10)
GCR: Convergence at 21 iterations, n = 6, L2 relative residual: iterated = 2.085339e-11, true = 2.085339e-11 (requested = 1.000000e-10)
GCR: Convergence at 21 iterations, n = 7, L2 relative residual: iterated = 2.965943e-11, true = 2.965943e-11 (requested = 1.000000e-10)
GCR: Convergence at 21 iterations, n = 8, L2 relative residual: iterated = 4.275904e-11, true = 4.275904e-11 (requested = 1.000000e-10)
GCR: Convergence at 21 iterations, n = 9, L2 relative residual: iterated = 3.041058e-11, true = 3.041058e-11 (requested = 1.000000e-10)
GCR: Convergence at 21 iterations, n = 10, L2 relative residual: iterated = 2.751302e-11, true = 2.751302e-11 (requested = 1.000000e-10)
GCR: Convergence at 21 iterations, n = 11, L2 relative residual: iterated = 3.200732e-11, true = 3.200732e-11 (requested = 1.000000e-10)
PyQUDA INFO: Time = 1.867 secs, Performance = 14369.587 GFLOPS
PyQUDA INFO: INVERT 2 propagagors: 3.715417638013605 secs
PyQUDA INFO: DOING SINK GAUSSIAN SMEARING
PyQUDA INFO: SINK GAUSSIAN SMEAR: 0.9668802459782455 secs
PyQUDA INFO: GPU used 49.9 GB, cupy pool 38.3 GB, cupy live 13.4 GB
PyQUDA INFO: CONTRACT ALL: 0.9199533249775413 secs
PyQUDA INFO: UNTIL CONTRACTION: 6.732159837993095 secs
PyQUDA INFO: INNER LOOP STARTS
PyQUDA INFO: SOURCE POSITION = [np.int64(12), np.int64(28), np.int64(28), np.int64(68)]
PyQUDA INFO: DOING SRC GAUSSIAN SMEARING
PyQUDA INFO: SOURCE GAUSSIAN SMEAR: 0.8181425050133839 secs
PyQUDA INFO: RELOADING GAUGE
PyQUDA INFO: RELOADING GAUGE: 0.26196818001335487 secs
PyQUDA INFO: SOLVING DIRAC EQ
GCR: Convergence at 21 iterations, n = 0, L2 relative residual: iterated = 2.402516e-11, true = 2.402516e-11 (requested = 1.000000e-10)
GCR: Convergence at 21 iterations, n = 1, L2 relative residual: iterated = 2.225853e-11, true = 2.225853e-11 (requested = 1.000000e-10)
GCR: Convergence at 21 iterations, n = 2, L2 relative residual: iterated = 2.297481e-11, true = 2.297481e-11 (requested = 1.000000e-10)
GCR: Convergence at 21 iterations, n = 3, L2 relative residual: iterated = 1.547695e-11, true = 1.547695e-11 (requested = 1.000000e-10)
GCR: Convergence at 21 iterations, n = 4, L2 relative residual: iterated = 2.656115e-11, true = 2.656115e-11 (requested = 1.000000e-10)
GCR: Convergence at 21 iterations, n = 5, L2 relative residual: iterated = 2.140088e-11, true = 2.140088e-11 (requested = 1.000000e-10)
GCR: Convergence at 21 iterations, n = 6, L2 relative residual: iterated = 3.440875e-11, true = 3.440875e-11 (requested = 1.000000e-10)
GCR: Convergence at 21 iterations, n = 7, L2 relative residual: iterated = 2.056258e-11, true = 2.056258e-11 (requested = 1.000000e-10)
GCR: Convergence at 21 iterations, n = 8, L2 relative residual: iterated = 3.194060e-11, true = 3.194060e-11 (requested = 1.000000e-10)
GCR: Convergence at 21 iterations, n = 9, L2 relative residual: iterated = 3.244968e-11, true = 3.244968e-11 (requested = 1.000000e-10)
GCR: Convergence at 21 iterations, n = 10, L2 relative residual: iterated = 2.828810e-11, true = 2.828810e-11 (requested = 1.000000e-10)
GCR: Convergence at 21 iterations, n = 11, L2 relative residual: iterated = 4.343612e-11, true = 4.343612e-11 (requested = 1.000000e-10)
PyQUDA INFO: Time = 1.847 secs, Performance = 14531.256 GFLOPS
GCR: Convergence at 20 iterations, n = 0, L2 relative residual: iterated = 5.598135e-11, true = 5.598135e-11 (requested = 1.000000e-10)
GCR: Convergence at 20 iterations, n = 1, L2 relative residual: iterated = 6.663388e-11, true = 6.663388e-11 (requested = 1.000000e-10)
GCR: Convergence at 20 iterations, n = 2, L2 relative residual: iterated = 8.785544e-11, true = 8.785544e-11 (requested = 1.000000e-10)
GCR: Convergence at 20 iterations, n = 3, L2 relative residual: iterated = 6.231847e-11, true = 6.231847e-11 (requested = 1.000000e-10)
GCR: Convergence at 20 iterations, n = 4, L2 relative residual: iterated = 8.098241e-11, true = 8.098241e-11 (requested = 1.000000e-10)
GCR: Convergence at 20 iterations, n = 5, L2 relative residual: iterated = 6.568768e-11, true = 6.568768e-11 (requested = 1.000000e-10)
GCR: Convergence at 20 iterations, n = 6, L2 relative residual: iterated = 8.100262e-11, true = 8.100262e-11 (requested = 1.000000e-10)
GCR: Convergence at 20 iterations, n = 7, L2 relative residual: iterated = 5.547115e-11, true = 5.547115e-11 (requested = 1.000000e-10)
GCR: Convergence at 20 iterations, n = 8, L2 relative residual: iterated = 9.222071e-11, true = 9.222071e-11 (requested = 1.000000e-10)
GCR: Convergence at 20 iterations, n = 9, L2 relative residual: iterated = 9.377257e-11, true = 9.377257e-11 (requested = 1.000000e-10)
GCR: Convergence at 20 iterations, n = 10, L2 relative residual: iterated = 5.810283e-11, true = 5.810283e-11 (requested = 1.000000e-10)
GCR: Convergence at 20 iterations, n = 11, L2 relative residual: iterated = 7.307694e-11, true = 7.307694e-11 (requested = 1.000000e-10)
PyQUDA INFO: Time = 1.792 secs, Performance = 14243.194 GFLOPS
PyQUDA INFO: INVERT 2 propagagors: 3.641049173020292 secs
PyQUDA INFO: DOING SINK GAUSSIAN SMEARING
PyQUDA INFO: SINK GAUSSIAN SMEAR: 0.9701590210024733 secs
PyQUDA INFO: GPU used 49.9 GB, cupy pool 38.3 GB, cupy live 13.4 GB
PyQUDA INFO: CONTRACT ALL: 0.919281481008511 secs
PyQUDA INFO: UNTIL CONTRACTION: 6.65672245901078 secs
PyQUDA INFO: INNER LOOP STARTS
PyQUDA INFO: SOURCE POSITION = [np.int64(12), np.int64(28), np.int64(12), np.int64(68)]
PyQUDA INFO: DOING SRC GAUSSIAN SMEARING
PyQUDA INFO: SOURCE GAUSSIAN SMEAR: 0.8250998870062176 secs
PyQUDA INFO: RELOADING GAUGE
PyQUDA INFO: RELOADING GAUGE: 0.25258849700912833 secs
PyQUDA INFO: SOLVING DIRAC EQ
GCR: Convergence at 21 iterations, n = 0, L2 relative residual: iterated = 1.952392e-11, true = 1.952392e-11 (requested = 1.000000e-10)
GCR: Convergence at 21 iterations, n = 1, L2 relative residual: iterated = 3.499538e-11, true = 3.499538e-11 (requested = 1.000000e-10)
GCR: Convergence at 21 iterations, n = 2, L2 relative residual: iterated = 2.822201e-11, true = 2.822201e-11 (requested = 1.000000e-10)
GCR: Convergence at 21 iterations, n = 3, L2 relative residual: iterated = 3.138047e-11, true = 3.138047e-11 (requested = 1.000000e-10)
GCR: Convergence at 21 iterations, n = 4, L2 relative residual: iterated = 2.744630e-11, true = 2.744630e-11 (requested = 1.000000e-10)
GCR: Convergence at 21 iterations, n = 5, L2 relative residual: iterated = 2.748926e-11, true = 2.748926e-11 (requested = 1.000000e-10)
GCR: Convergence at 21 iterations, n = 6, L2 relative residual: iterated = 2.178176e-11, true = 2.178176e-11 (requested = 1.000000e-10)
GCR: Convergence at 21 iterations, n = 7, L2 relative residual: iterated = 2.289752e-11, true = 2.289752e-11 (requested = 1.000000e-10)
GCR: Convergence at 21 iterations, n = 8, L2 relative residual: iterated = 2.112800e-11, true = 2.112800e-11 (requested = 1.000000e-10)
GCR: Convergence at 21 iterations, n = 9, L2 relative residual: iterated = 2.891721e-11, true = 2.891721e-11 (requested = 1.000000e-10)
GCR: Convergence at 21 iterations, n = 10, L2 relative residual: iterated = 2.063249e-11, true = 2.063249e-11 (requested = 1.000000e-10)
GCR: Convergence at 21 iterations, n = 11, L2 relative residual: iterated = 1.865773e-11, true = 1.865773e-11 (requested = 1.000000e-10)
PyQUDA INFO: Time = 1.845 secs, Performance = 14543.312 GFLOPS
GCR: Convergence at 20 iterations, n = 0, L2 relative residual: iterated = 3.472081e-11, true = 3.472081e-11 (requested = 1.000000e-10)
GCR: Convergence at 20 iterations, n = 1, L2 relative residual: iterated = 9.824671e-11, true = 9.824671e-11 (requested = 1.000000e-10)
GCR: Convergence at 20 iterations, n = 2, L2 relative residual: iterated = 7.379124e-11, true = 7.379124e-11 (requested = 1.000000e-10)
GCR: Convergence at 20 iterations, n = 3, L2 relative residual: iterated = 5.047459e-11, true = 5.047459e-11 (requested = 1.000000e-10)
GCR: Convergence at 20 iterations, n = 4, L2 relative residual: iterated = 5.950030e-11, true = 5.950030e-11 (requested = 1.000000e-10)
GCR: Convergence at 20 iterations, n = 5, L2 relative residual: iterated = 7.380926e-11, true = 7.380926e-11 (requested = 1.000000e-10)
GCR: Convergence at 20 iterations, n = 6, L2 relative residual: iterated = 6.876840e-11, true = 6.876840e-11 (requested = 1.000000e-10)
GCR: Convergence at 20 iterations, n = 7, L2 relative residual: iterated = 4.098367e-11, true = 4.098367e-11 (requested = 1.000000e-10)
GCR: Convergence at 20 iterations, n = 8, L2 relative residual: iterated = 5.219654e-11, true = 5.219654e-11 (requested = 1.000000e-10)
GCR: Convergence at 20 iterations, n = 9, L2 relative residual: iterated = 5.187361e-11, true = 5.187361e-11 (requested = 1.000000e-10)
GCR: Convergence at 20 iterations, n = 10, L2 relative residual: iterated = 5.259191e-11, true = 5.259191e-11 (requested = 1.000000e-10)
GCR: Convergence at 20 iterations, n = 11, L2 relative residual: iterated = 7.817943e-11, true = 7.817943e-11 (requested = 1.000000e-10)
PyQUDA INFO: Time = 1.807 secs, Performance = 14299.543 GFLOPS
PyQUDA INFO: INVERT 2 propagagors: 3.6537083800067194 secs
PyQUDA INFO: DOING SINK GAUSSIAN SMEARING
PyQUDA INFO: SINK GAUSSIAN SMEAR: 0.8299312390154228 secs
PyQUDA INFO: GPU used 49.9 GB, cupy pool 38.3 GB, cupy live 13.4 GB
PyQUDA INFO: CONTRACT ALL: 0.9190814800094813 secs
PyQUDA INFO: UNTIL CONTRACTION: 6.525140554993413 secs
PyQUDA INFO: INNER LOOP STARTS
PyQUDA INFO: SOURCE POSITION = [np.int64(12), np.int64(12), np.int64(28), np.int64(68)]
PyQUDA INFO: DOING SRC GAUSSIAN SMEARING
PyQUDA INFO: SOURCE GAUSSIAN SMEAR: 0.8170865110005252 secs
PyQUDA INFO: RELOADING GAUGE
PyQUDA INFO: RELOADING GAUGE: 0.2580089019902516 secs
PyQUDA INFO: SOLVING DIRAC EQ
GCR: Convergence at 21 iterations, n = 0, L2 relative residual: iterated = 2.390043e-11, true = 2.390043e-11 (requested = 1.000000e-10)
GCR: Convergence at 21 iterations, n = 1, L2 relative residual: iterated = 3.326934e-11, true = 3.326934e-11 (requested = 1.000000e-10)
GCR: Convergence at 21 iterations, n = 2, L2 relative residual: iterated = 2.250654e-11, true = 2.250654e-11 (requested = 1.000000e-10)
GCR: Convergence at 21 iterations, n = 3, L2 relative residual: iterated = 3.338091e-11, true = 3.338091e-11 (requested = 1.000000e-10)
GCR: Convergence at 21 iterations, n = 4, L2 relative residual: iterated = 1.824658e-11, true = 1.824658e-11 (requested = 1.000000e-10)
GCR: Convergence at 21 iterations, n = 5, L2 relative residual: iterated = 1.658698e-11, true = 1.658698e-11 (requested = 1.000000e-10)
GCR: Convergence at 21 iterations, n = 6, L2 relative residual: iterated = 4.051245e-11, true = 4.051245e-11 (requested = 1.000000e-10)
GCR: Convergence at 21 iterations, n = 7, L2 relative residual: iterated = 2.305692e-11, true = 2.305692e-11 (requested = 1.000000e-10)
GCR: Convergence at 21 iterations, n = 8, L2 relative residual: iterated = 4.432692e-11, true = 4.432692e-11 (requested = 1.000000e-10)
GCR: Convergence at 21 iterations, n = 9, L2 relative residual: iterated = 4.117740e-11, true = 4.117740e-11 (requested = 1.000000e-10)
GCR: Convergence at 21 iterations, n = 10, L2 relative residual: iterated = 2.746607e-11, true = 2.746607e-11 (requested = 1.000000e-10)
GCR: Convergence at 21 iterations, n = 11, L2 relative residual: iterated = 3.026143e-11, true = 3.026143e-11 (requested = 1.000000e-10)
PyQUDA INFO: Time = 1.834 secs, Performance = 14628.904 GFLOPS
GCR: Convergence at 21 iterations, n = 0, L2 relative residual: iterated = 2.249739e-11, true = 2.249739e-11 (requested = 1.000000e-10)
GCR: Convergence at 21 iterations, n = 1, L2 relative residual: iterated = 2.823346e-11, true = 2.823346e-11 (requested = 1.000000e-10)
GCR: Convergence at 21 iterations, n = 2, L2 relative residual: iterated = 4.306393e-11, true = 4.306393e-11 (requested = 1.000000e-10)
GCR: Convergence at 21 iterations, n = 3, L2 relative residual: iterated = 2.883472e-11, true = 2.883472e-11 (requested = 1.000000e-10)
GCR: Convergence at 21 iterations, n = 4, L2 relative residual: iterated = 2.675611e-11, true = 2.675611e-11 (requested = 1.000000e-10)
GCR: Convergence at 21 iterations, n = 5, L2 relative residual: iterated = 3.121735e-11, true = 3.121735e-11 (requested = 1.000000e-10)
GCR: Convergence at 21 iterations, n = 6, L2 relative residual: iterated = 3.068249e-11, true = 3.068249e-11 (requested = 1.000000e-10)
GCR: Convergence at 21 iterations, n = 7, L2 relative residual: iterated = 4.587551e-11, true = 4.587551e-11 (requested = 1.000000e-10)
GCR: Convergence at 21 iterations, n = 8, L2 relative residual: iterated = 8.149179e-11, true = 8.149179e-11 (requested = 1.000000e-10)
GCR: Convergence at 21 iterations, n = 9, L2 relative residual: iterated = 5.298256e-11, true = 5.298256e-11 (requested = 1.000000e-10)
GCR: Convergence at 21 iterations, n = 10, L2 relative residual: iterated = 5.554729e-11, true = 5.554729e-11 (requested = 1.000000e-10)
GCR: Convergence at 21 iterations, n = 11, L2 relative residual: iterated = 3.637259e-11, true = 3.637259e-11 (requested = 1.000000e-10)
PyQUDA INFO: Time = 1.866 secs, Performance = 14365.609 GFLOPS
PyQUDA INFO: INVERT 2 propagagors: 3.702208619011799 secs
PyQUDA INFO: DOING SINK GAUSSIAN SMEARING
PyQUDA INFO: SINK GAUSSIAN SMEAR: 0.959748314024182 secs
PyQUDA INFO: GPU used 49.9 GB, cupy pool 38.3 GB, cupy live 13.4 GB
PyQUDA INFO: CONTRACT ALL: 0.9198485740053002 secs
PyQUDA INFO: UNTIL CONTRACTION: 6.700162574008573 secs
PyQUDA INFO: INNER LOOP STARTS
PyQUDA INFO: SOURCE POSITION = [np.int64(12), np.int64(12), np.int64(12), np.int64(68)]
PyQUDA INFO: DOING SRC GAUSSIAN SMEARING
PyQUDA INFO: SOURCE GAUSSIAN SMEAR: 0.8198444840090815 secs
PyQUDA INFO: RELOADING GAUGE
PyQUDA INFO: RELOADING GAUGE: 0.2542689960100688 secs
PyQUDA INFO: SOLVING DIRAC EQ
GCR: Convergence at 21 iterations, n = 0, L2 relative residual: iterated = 3.523008e-11, true = 3.523008e-11 (requested = 1.000000e-10)
GCR: Convergence at 21 iterations, n = 1, L2 relative residual: iterated = 5.731131e-11, true = 5.731131e-11 (requested = 1.000000e-10)
GCR: Convergence at 21 iterations, n = 2, L2 relative residual: iterated = 4.699681e-11, true = 4.699681e-11 (requested = 1.000000e-10)
GCR: Convergence at 21 iterations, n = 3, L2 relative residual: iterated = 4.785202e-11, true = 4.785202e-11 (requested = 1.000000e-10)
GCR: Convergence at 21 iterations, n = 4, L2 relative residual: iterated = 5.181511e-11, true = 5.181511e-11 (requested = 1.000000e-10)
GCR: Convergence at 21 iterations, n = 5, L2 relative residual: iterated = 3.671186e-11, true = 3.671186e-11 (requested = 1.000000e-10)
GCR: Convergence at 21 iterations, n = 6, L2 relative residual: iterated = 2.836534e-11, true = 2.836534e-11 (requested = 1.000000e-10)
GCR: Convergence at 21 iterations, n = 7, L2 relative residual: iterated = 3.375153e-11, true = 3.375153e-11 (requested = 1.000000e-10)
GCR: Convergence at 21 iterations, n = 8, L2 relative residual: iterated = 5.524501e-11, true = 5.524501e-11 (requested = 1.000000e-10)
GCR: Convergence at 21 iterations, n = 9, L2 relative residual: iterated = 3.179322e-11, true = 3.179322e-11 (requested = 1.000000e-10)
GCR: Convergence at 21 iterations, n = 10, L2 relative residual: iterated = 3.268154e-11, true = 3.268154e-11 (requested = 1.000000e-10)
GCR: Convergence at 21 iterations, n = 11, L2 relative residual: iterated = 3.487084e-11, true = 3.487084e-11 (requested = 1.000000e-10)
PyQUDA INFO: Time = 1.842 secs, Performance = 14552.198 GFLOPS
GCR: Convergence at 21 iterations, n = 0, L2 relative residual: iterated = 3.995232e-11, true = 3.995232e-11 (requested = 1.000000e-10)
GCR: Convergence at 21 iterations, n = 1, L2 relative residual: iterated = 3.115217e-11, true = 3.115217e-11 (requested = 1.000000e-10)
GCR: Convergence at 21 iterations, n = 2, L2 relative residual: iterated = 2.681499e-11, true = 2.681499e-11 (requested = 1.000000e-10)
GCR: Convergence at 21 iterations, n = 3, L2 relative residual: iterated = 2.553939e-11, true = 2.553939e-11 (requested = 1.000000e-10)
GCR: Convergence at 21 iterations, n = 4, L2 relative residual: iterated = 3.842600e-11, true = 3.842600e-11 (requested = 1.000000e-10)
GCR: Convergence at 21 iterations, n = 5, L2 relative residual: iterated = 3.376830e-11, true = 3.376830e-11 (requested = 1.000000e-10)
GCR: Convergence at 21 iterations, n = 6, L2 relative residual: iterated = 1.847001e-11, true = 1.847001e-11 (requested = 1.000000e-10)
GCR: Convergence at 21 iterations, n = 7, L2 relative residual: iterated = 2.114341e-11, true = 2.114341e-11 (requested = 1.000000e-10)
GCR: Convergence at 21 iterations, n = 8, L2 relative residual: iterated = 4.016146e-11, true = 4.016146e-11 (requested = 1.000000e-10)
GCR: Convergence at 21 iterations, n = 9, L2 relative residual: iterated = 2.979612e-11, true = 2.979612e-11 (requested = 1.000000e-10)
GCR: Convergence at 21 iterations, n = 10, L2 relative residual: iterated = 2.458983e-11, true = 2.458983e-11 (requested = 1.000000e-10)
GCR: Convergence at 21 iterations, n = 11, L2 relative residual: iterated = 2.594687e-11, true = 2.594687e-11 (requested = 1.000000e-10)
PyQUDA INFO: Time = 1.870 secs, Performance = 14321.407 GFLOPS
PyQUDA INFO: INVERT 2 propagagors: 3.7142308530164883 secs
PyQUDA INFO: DOING SINK GAUSSIAN SMEARING
PyQUDA INFO: SINK GAUSSIAN SMEAR: 0.8393311109975912 secs
PyQUDA INFO: GPU used 49.9 GB, cupy pool 38.3 GB, cupy live 13.4 GB
PyQUDA INFO: CONTRACT ALL: 0.9198511040012818 secs
PyQUDA INFO: UNTIL CONTRACTION: 6.593258292996325 secs
PyQUDA INFO: SAVING SECTION:4.791315795009723 secs
PyQUDA INFO: END CFG #324: GPU used 49.9 GB, cupy pool 38.3 GB, cupy live 13.4 GB
PyQUDA INFO: READ GAUGE #354: 4.599091220006812 secs
PyQUDA INFO: DOING HYP SMEARING
PyQUDA INFO: plaq_hyp_before = [0.5838553538145379, 0.5838253332133175, 0.5838853744157584]
performGaugeSmearQuda: step 000 plaquette (mean 5.8385535381453790e-01, spatial 5.8382533321331753e-01 temporal 5.8388537441575838e-01) Q charge = -3.2594749060340142e+01
PyQUDA INFO: plaq_hyp_after = [0.9460500058191501, 0.9460266862337353, 0.946073325404565]
PyQUDA INFO: HYP SMEAR: 0.6508278560067993 secs
PyQUDA INFO: DOING APE SMEARING
PyQUDA INFO: plaq_ape_before = [0.5838553538145379, 0.5838253332133175, 0.5838853744157584]
performGaugeSmearQuda: step 000 plaquette (mean 5.8385535381453790e-01, spatial 5.8382533321331753e-01 temporal 5.8388537441575838e-01) Q charge = -3.2594749060340142e+01
PyQUDA INFO: plaq_ape_after = [0.8193993201060754, 0.998841832269244, 0.6399568079429069]
PyQUDA INFO: APE SMEAR: 0.6696655369887594 secs
PyQUDA INFO: INNER LOOP STARTS
PyQUDA INFO: SOURCE POSITION = [np.int64(11), np.int64(11), np.int64(11), np.int64(29)]
PyQUDA INFO: DOING SRC GAUSSIAN SMEARING
PyQUDA INFO: SOURCE GAUSSIAN SMEAR: 0.8293190610129386 secs
PyQUDA INFO: RELOADING GAUGE
PyQUDA INFO: RELOADING GAUGE: 0.2552620889910031 secs
PyQUDA INFO: SOLVING DIRAC EQ
GCR: Convergence at 21 iterations, n = 0, L2 relative residual: iterated = 2.664524e-11, true = 2.664524e-11 (requested = 1.000000e-10)
GCR: Convergence at 21 iterations, n = 1, L2 relative residual: iterated = 1.753259e-11, true = 1.753259e-11 (requested = 1.000000e-10)
GCR: Convergence at 21 iterations, n = 2, L2 relative residual: iterated = 3.578087e-11, true = 3.578087e-11 (requested = 1.000000e-10)
GCR: Convergence at 21 iterations, n = 3, L2 relative residual: iterated = 2.711296e-11, true = 2.711296e-11 (requested = 1.000000e-10)
GCR: Convergence at 21 iterations, n = 4, L2 relative residual: iterated = 4.325224e-11, true = 4.325224e-11 (requested = 1.000000e-10)
GCR: Convergence at 21 iterations, n = 5, L2 relative residual: iterated = 2.543687e-11, true = 2.543687e-11 (requested = 1.000000e-10)
GCR: Convergence at 21 iterations, n = 6, L2 relative residual: iterated = 5.959366e-11, true = 5.959366e-11 (requested = 1.000000e-10)
GCR: Convergence at 21 iterations, n = 7, L2 relative residual: iterated = 8.296916e-11, true = 8.296916e-11 (requested = 1.000000e-10)
GCR: Convergence at 21 iterations, n = 8, L2 relative residual: iterated = 3.917894e-11, true = 3.917894e-11 (requested = 1.000000e-10)
GCR: Convergence at 21 iterations, n = 9, L2 relative residual: iterated = 2.374361e-11, true = 2.374361e-11 (requested = 1.000000e-10)
GCR: Convergence at 21 iterations, n = 10, L2 relative residual: iterated = 2.798273e-11, true = 2.798273e-11 (requested = 1.000000e-10)
GCR: Convergence at 21 iterations, n = 11, L2 relative residual: iterated = 4.669447e-11, true = 4.669447e-11 (requested = 1.000000e-10)
PyQUDA INFO: Time = 1.953 secs, Performance = 13715.229 GFLOPS
GCR: Convergence at 21 iterations, n = 0, L2 relative residual: iterated = 3.252011e-11, true = 3.252011e-11 (requested = 1.000000e-10)
GCR: Convergence at 21 iterations, n = 1, L2 relative residual: iterated = 2.168703e-11, true = 2.168703e-11 (requested = 1.000000e-10)
GCR: Convergence at 21 iterations, n = 2, L2 relative residual: iterated = 4.218782e-11, true = 4.218782e-11 (requested = 1.000000e-10)
GCR: Convergence at 21 iterations, n = 3, L2 relative residual: iterated = 3.114873e-11, true = 3.114873e-11 (requested = 1.000000e-10)
GCR: Convergence at 21 iterations, n = 4, L2 relative residual: iterated = 3.946078e-11, true = 3.946078e-11 (requested = 1.000000e-10)
GCR: Convergence at 21 iterations, n = 5, L2 relative residual: iterated = 3.039859e-11, true = 3.039859e-11 (requested = 1.000000e-10)
GCR: Convergence at 21 iterations, n = 6, L2 relative residual: iterated = 4.877533e-11, true = 4.877533e-11 (requested = 1.000000e-10)
GCR: Convergence at 21 iterations, n = 7, L2 relative residual: iterated = 3.253993e-11, true = 3.253993e-11 (requested = 1.000000e-10)
GCR: Convergence at 21 iterations, n = 8, L2 relative residual: iterated = 2.550079e-11, true = 2.550079e-11 (requested = 1.000000e-10)
GCR: Convergence at 21 iterations, n = 9, L2 relative residual: iterated = 4.528535e-11, true = 4.528535e-11 (requested = 1.000000e-10)
GCR: Convergence at 21 iterations, n = 10, L2 relative residual: iterated = 2.228180e-11, true = 2.228180e-11 (requested = 1.000000e-10)
GCR: Convergence at 21 iterations, n = 11, L2 relative residual: iterated = 6.497481e-11, true = 6.497481e-11 (requested = 1.000000e-10)
PyQUDA INFO: Time = 1.866 secs, Performance = 14363.384 GFLOPS
PyQUDA INFO: INVERT 2 propagagors: 3.8214930460089818 secs
PyQUDA INFO: DOING SINK GAUSSIAN SMEARING
PyQUDA INFO: SINK GAUSSIAN SMEAR: 0.9850818660052028 secs
PyQUDA INFO: GPU used 49.9 GB, cupy pool 38.3 GB, cupy live 13.4 GB
PyQUDA INFO: CONTRACT ALL: 0.919389897986548 secs
PyQUDA INFO: UNTIL CONTRACTION: 6.85433638698305 secs
PyQUDA INFO: INNER LOOP STARTS
PyQUDA INFO: SOURCE POSITION = [np.int64(11), np.int64(11), np.int64(27), np.int64(29)]
PyQUDA INFO: DOING SRC GAUSSIAN SMEARING
PyQUDA INFO: SOURCE GAUSSIAN SMEAR: 0.816872503986815 secs
PyQUDA INFO: RELOADING GAUGE
PyQUDA INFO: RELOADING GAUGE: 0.2627137910167221 secs
PyQUDA INFO: SOLVING DIRAC EQ
GCR: Convergence at 21 iterations, n = 0, L2 relative residual: iterated = 3.823731e-11, true = 3.823731e-11 (requested = 1.000000e-10)
GCR: Convergence at 21 iterations, n = 1, L2 relative residual: iterated = 3.031711e-11, true = 3.031711e-11 (requested = 1.000000e-10)
GCR: Convergence at 21 iterations, n = 2, L2 relative residual: iterated = 4.368935e-11, true = 4.368935e-11 (requested = 1.000000e-10)
GCR: Convergence at 21 iterations, n = 3, L2 relative residual: iterated = 3.019689e-11, true = 3.019689e-11 (requested = 1.000000e-10)
GCR: Convergence at 21 iterations, n = 4, L2 relative residual: iterated = 3.854809e-11, true = 3.854809e-11 (requested = 1.000000e-10)
GCR: Convergence at 21 iterations, n = 5, L2 relative residual: iterated = 8.120764e-11, true = 8.120764e-11 (requested = 1.000000e-10)
GCR: Convergence at 21 iterations, n = 6, L2 relative residual: iterated = 3.834921e-11, true = 3.834921e-11 (requested = 1.000000e-10)
GCR: Convergence at 21 iterations, n = 7, L2 relative residual: iterated = 2.085935e-11, true = 2.085935e-11 (requested = 1.000000e-10)
GCR: Convergence at 21 iterations, n = 8, L2 relative residual: iterated = 2.390764e-11, true = 2.390764e-11 (requested = 1.000000e-10)
GCR: Convergence at 21 iterations, n = 9, L2 relative residual: iterated = 2.300964e-11, true = 2.300964e-11 (requested = 1.000000e-10)
GCR: Convergence at 21 iterations, n = 10, L2 relative residual: iterated = 2.479869e-11, true = 2.479869e-11 (requested = 1.000000e-10)
GCR: Convergence at 21 iterations, n = 11, L2 relative residual: iterated = 3.110871e-11, true = 3.110871e-11 (requested = 1.000000e-10)
PyQUDA INFO: Time = 1.831 secs, Performance = 14646.253 GFLOPS
GCR: Convergence at 21 iterations, n = 0, L2 relative residual: iterated = 4.082023e-11, true = 4.082023e-11 (requested = 1.000000e-10)
GCR: Convergence at 21 iterations, n = 1, L2 relative residual: iterated = 5.521007e-11, true = 5.521007e-11 (requested = 1.000000e-10)
GCR: Convergence at 21 iterations, n = 2, L2 relative residual: iterated = 4.461895e-11, true = 4.461895e-11 (requested = 1.000000e-10)
GCR: Convergence at 21 iterations, n = 3, L2 relative residual: iterated = 3.163145e-11, true = 3.163145e-11 (requested = 1.000000e-10)
GCR: Convergence at 21 iterations, n = 4, L2 relative residual: iterated = 3.996789e-11, true = 3.996789e-11 (requested = 1.000000e-10)
GCR: Convergence at 21 iterations, n = 5, L2 relative residual: iterated = 1.921515e-11, true = 1.921515e-11 (requested = 1.000000e-10)
GCR: Convergence at 21 iterations, n = 6, L2 relative residual: iterated = 2.479698e-11, true = 2.479698e-11 (requested = 1.000000e-10)
GCR: Convergence at 21 iterations, n = 7, L2 relative residual: iterated = 2.237896e-11, true = 2.237896e-11 (requested = 1.000000e-10)
GCR: Convergence at 21 iterations, n = 8, L2 relative residual: iterated = 1.967647e-11, true = 1.967647e-11 (requested = 1.000000e-10)
GCR: Convergence at 21 iterations, n = 9, L2 relative residual: iterated = 1.616535e-11, true = 1.616535e-11 (requested = 1.000000e-10)
GCR: Convergence at 21 iterations, n = 10, L2 relative residual: iterated = 2.459481e-11, true = 2.459481e-11 (requested = 1.000000e-10)
GCR: Convergence at 21 iterations, n = 11, L2 relative residual: iterated = 2.097225e-11, true = 2.097225e-11 (requested = 1.000000e-10)
PyQUDA INFO: Time = 1.868 secs, Performance = 14330.719 GFLOPS
PyQUDA INFO: INVERT 2 propagagors: 3.7012627880030777 secs
PyQUDA INFO: DOING SINK GAUSSIAN SMEARING
PyQUDA INFO: SINK GAUSSIAN SMEAR: 0.843701231002342 secs
PyQUDA INFO: GPU used 49.9 GB, cupy pool 38.3 GB, cupy live 13.4 GB
PyQUDA INFO: CONTRACT ALL: 0.9193243980116677 secs
PyQUDA INFO: UNTIL CONTRACTION: 6.589829942997312 secs
PyQUDA INFO: INNER LOOP STARTS
PyQUDA INFO: SOURCE POSITION = [np.int64(11), np.int64(27), np.int64(11), np.int64(29)]
PyQUDA INFO: DOING SRC GAUSSIAN SMEARING
PyQUDA INFO: SOURCE GAUSSIAN SMEAR: 0.817576678993646 secs
PyQUDA INFO: RELOADING GAUGE
PyQUDA INFO: RELOADING GAUGE: 0.2596554599876981 secs
PyQUDA INFO: SOLVING DIRAC EQ
GCR: Convergence at 21 iterations, n = 0, L2 relative residual: iterated = 2.907725e-11, true = 2.907725e-11 (requested = 1.000000e-10)
GCR: Convergence at 21 iterations, n = 1, L2 relative residual: iterated = 2.219125e-11, true = 2.219125e-11 (requested = 1.000000e-10)
GCR: Convergence at 21 iterations, n = 2, L2 relative residual: iterated = 1.680126e-11, true = 1.680126e-11 (requested = 1.000000e-10)
GCR: Convergence at 21 iterations, n = 3, L2 relative residual: iterated = 2.281123e-11, true = 2.281123e-11 (requested = 1.000000e-10)
GCR: Convergence at 21 iterations, n = 4, L2 relative residual: iterated = 1.971145e-11, true = 1.971145e-11 (requested = 1.000000e-10)
GCR: Convergence at 21 iterations, n = 5, L2 relative residual: iterated = 2.010752e-11, true = 2.010752e-11 (requested = 1.000000e-10)
GCR: Convergence at 21 iterations, n = 6, L2 relative residual: iterated = 5.635392e-11, true = 5.635392e-11 (requested = 1.000000e-10)
GCR: Convergence at 21 iterations, n = 7, L2 relative residual: iterated = 3.664424e-11, true = 3.664424e-11 (requested = 1.000000e-10)
GCR: Convergence at 21 iterations, n = 8, L2 relative residual: iterated = 7.709548e-11, true = 7.709548e-11 (requested = 1.000000e-10)
GCR: Convergence at 21 iterations, n = 9, L2 relative residual: iterated = 6.650601e-11, true = 6.650601e-11 (requested = 1.000000e-10)
GCR: Convergence at 21 iterations, n = 10, L2 relative residual: iterated = 4.717496e-11, true = 4.717496e-11 (requested = 1.000000e-10)
GCR: Convergence at 21 iterations, n = 11, L2 relative residual: iterated = 5.468836e-11, true = 5.468836e-11 (requested = 1.000000e-10)
PyQUDA INFO: Time = 1.828 secs, Performance = 14655.763 GFLOPS
GCR: Convergence at 21 iterations, n = 0, L2 relative residual: iterated = 2.014297e-11, true = 2.014297e-11 (requested = 1.000000e-10)
GCR: Convergence at 21 iterations, n = 1, L2 relative residual: iterated = 2.789215e-11, true = 2.789215e-11 (requested = 1.000000e-10)
GCR: Convergence at 21 iterations, n = 2, L2 relative residual: iterated = 2.680723e-11, true = 2.680723e-11 (requested = 1.000000e-10)
GCR: Convergence at 21 iterations, n = 3, L2 relative residual: iterated = 2.671260e-11, true = 2.671260e-11 (requested = 1.000000e-10)
GCR: Convergence at 21 iterations, n = 4, L2 relative residual: iterated = 2.339634e-11, true = 2.339634e-11 (requested = 1.000000e-10)
GCR: Convergence at 21 iterations, n = 5, L2 relative residual: iterated = 1.659491e-11, true = 1.659491e-11 (requested = 1.000000e-10)
GCR: Convergence at 21 iterations, n = 6, L2 relative residual: iterated = 5.421563e-11, true = 5.421563e-11 (requested = 1.000000e-10)
GCR: Convergence at 21 iterations, n = 7, L2 relative residual: iterated = 5.728611e-11, true = 5.728611e-11 (requested = 1.000000e-10)
GCR: Convergence at 21 iterations, n = 8, L2 relative residual: iterated = 4.939411e-11, true = 4.939411e-11 (requested = 1.000000e-10)
GCR: Convergence at 21 iterations, n = 9, L2 relative residual: iterated = 6.075532e-11, true = 6.075532e-11 (requested = 1.000000e-10)
GCR: Convergence at 21 iterations, n = 10, L2 relative residual: iterated = 5.713732e-11, true = 5.713732e-11 (requested = 1.000000e-10)
GCR: Convergence at 21 iterations, n = 11, L2 relative residual: iterated = 7.310540e-11, true = 7.310540e-11 (requested = 1.000000e-10)
PyQUDA INFO: Time = 1.861 secs, Performance = 14402.057 GFLOPS
PyQUDA INFO: INVERT 2 propagagors: 3.6904005429823883 secs
PyQUDA INFO: DOING SINK GAUSSIAN SMEARING
PyQUDA INFO: SINK GAUSSIAN SMEAR: 0.9713303899916355 secs
PyQUDA INFO: GPU used 49.9 GB, cupy pool 38.3 GB, cupy live 13.4 GB
PyQUDA INFO: CONTRACT ALL: 0.9200727930001449 secs
PyQUDA INFO: UNTIL CONTRACTION: 6.703834347979864 secs
PyQUDA INFO: INNER LOOP STARTS
PyQUDA INFO: SOURCE POSITION = [np.int64(11), np.int64(27), np.int64(27), np.int64(29)]
PyQUDA INFO: DOING SRC GAUSSIAN SMEARING
PyQUDA INFO: SOURCE GAUSSIAN SMEAR: 0.8206126500153914 secs
PyQUDA INFO: RELOADING GAUGE
PyQUDA INFO: RELOADING GAUGE: 0.2583591809961945 secs
PyQUDA INFO: SOLVING DIRAC EQ
GCR: Convergence at 21 iterations, n = 0, L2 relative residual: iterated = 3.563207e-11, true = 3.563207e-11 (requested = 1.000000e-10)
GCR: Convergence at 21 iterations, n = 1, L2 relative residual: iterated = 4.153695e-11, true = 4.153695e-11 (requested = 1.000000e-10)
GCR: Convergence at 21 iterations, n = 2, L2 relative residual: iterated = 4.663895e-11, true = 4.663895e-11 (requested = 1.000000e-10)
GCR: Convergence at 21 iterations, n = 3, L2 relative residual: iterated = 3.125023e-11, true = 3.125023e-11 (requested = 1.000000e-10)
GCR: Convergence at 21 iterations, n = 4, L2 relative residual: iterated = 3.856344e-11, true = 3.856344e-11 (requested = 1.000000e-10)
GCR: Convergence at 21 iterations, n = 5, L2 relative residual: iterated = 4.277397e-11, true = 4.277397e-11 (requested = 1.000000e-10)
GCR: Convergence at 21 iterations, n = 6, L2 relative residual: iterated = 3.360132e-11, true = 3.360132e-11 (requested = 1.000000e-10)
GCR: Convergence at 21 iterations, n = 7, L2 relative residual: iterated = 2.574907e-11, true = 2.574907e-11 (requested = 1.000000e-10)
GCR: Convergence at 21 iterations, n = 8, L2 relative residual: iterated = 3.962702e-11, true = 3.962702e-11 (requested = 1.000000e-10)
GCR: Convergence at 21 iterations, n = 9, L2 relative residual: iterated = 3.756740e-11, true = 3.756740e-11 (requested = 1.000000e-10)
GCR: Convergence at 21 iterations, n = 10, L2 relative residual: iterated = 4.269762e-11, true = 4.269762e-11 (requested = 1.000000e-10)
GCR: Convergence at 21 iterations, n = 11, L2 relative residual: iterated = 2.849074e-11, true = 2.849074e-11 (requested = 1.000000e-10)
PyQUDA INFO: Time = 1.830 secs, Performance = 14645.594 GFLOPS
GCR: Convergence at 21 iterations, n = 0, L2 relative residual: iterated = 3.646599e-11, true = 3.646599e-11 (requested = 1.000000e-10)
GCR: Convergence at 21 iterations, n = 1, L2 relative residual: iterated = 3.880077e-11, true = 3.880077e-11 (requested = 1.000000e-10)
GCR: Convergence at 21 iterations, n = 2, L2 relative residual: iterated = 2.337498e-11, true = 2.337498e-11 (requested = 1.000000e-10)
GCR: Convergence at 21 iterations, n = 3, L2 relative residual: iterated = 3.610992e-11, true = 3.610992e-11 (requested = 1.000000e-10)
GCR: Convergence at 21 iterations, n = 4, L2 relative residual: iterated = 3.347291e-11, true = 3.347291e-11 (requested = 1.000000e-10)
GCR: Convergence at 21 iterations, n = 5, L2 relative residual: iterated = 2.979878e-11, true = 2.979878e-11 (requested = 1.000000e-10)
GCR: Convergence at 21 iterations, n = 6, L2 relative residual: iterated = 4.292700e-11, true = 4.292700e-11 (requested = 1.000000e-10)
GCR: Convergence at 21 iterations, n = 7, L2 relative residual: iterated = 3.247451e-11, true = 3.247451e-11 (requested = 1.000000e-10)
GCR: Convergence at 21 iterations, n = 8, L2 relative residual: iterated = 4.036907e-11, true = 4.036907e-11 (requested = 1.000000e-10)
GCR: Convergence at 21 iterations, n = 9, L2 relative residual: iterated = 3.120857e-11, true = 3.120857e-11 (requested = 1.000000e-10)
GCR: Convergence at 21 iterations, n = 10, L2 relative residual: iterated = 4.081522e-11, true = 4.081522e-11 (requested = 1.000000e-10)
GCR: Convergence at 21 iterations, n = 11, L2 relative residual: iterated = 3.253020e-11, true = 3.253020e-11 (requested = 1.000000e-10)
PyQUDA INFO: Time = 1.860 secs, Performance = 14372.175 GFLOPS
PyQUDA INFO: INVERT 2 propagagors: 3.6926516690000426 secs
PyQUDA INFO: DOING SINK GAUSSIAN SMEARING
PyQUDA INFO: SINK GAUSSIAN SMEAR: 0.9693334859912284 secs
PyQUDA INFO: GPU used 49.9 GB, cupy pool 38.3 GB, cupy live 13.4 GB
PyQUDA INFO: CONTRACT ALL: 0.9194210290152114 secs
PyQUDA INFO: UNTIL CONTRACTION: 6.706123992975336 secs
PyQUDA INFO: INNER LOOP STARTS
PyQUDA INFO: SOURCE POSITION = [np.int64(27), np.int64(11), np.int64(11), np.int64(29)]
