Thu Sep 17 11:54:22 CDT 2026
lq2gpu04.fnal.gov
GPU 0: NVIDIA A100-SXM4-80GB (UUID: GPU-0cac34e2-ec77-830a-613e-12b9ca3a0dbd)
GPU 1: NVIDIA A100-SXM4-80GB (UUID: GPU-bb3aba40-052b-b897-fe8c-9aae9cf3f8a8)
GPU 2: NVIDIA A100-SXM4-80GB (UUID: GPU-50e1a360-d616-b403-49ce-4abed4f42ca6)
GPU 3: NVIDIA A100-SXM4-80GB (UUID: GPU-0be356f2-a745-c19e-737c-fe1a16602de6)
PyQUDA INFO: Using default grid mapping
PyQUDA INFO: Using grid size [1, 1, 1, 4]
PyQUDA INFO: Using cupy with cuda as Array API
PyQUDA INFO: Using device 0
PyQUDA INFO: Using QUDA_RESOURCE_PATH=/lustre2/gluonp0/sliu1/.cache/quda
PyQUDA INFO: Using QUDA_ENABLE_P2P=1
PyQUDA INFO: Using QUDA_ENABLE_TUNING=1
PyQUDA INFO: Using QUDA_ENABLE_DEVICE_MEMORY_POOL=1
Disabling GPU-Direct RDMA access
Enabling peer-to-peer copy engine access (disabling direct load/store)
Peer-to-peer enabled for rank   1 (gpu=1) with neighbor   0 (gpu=0) dir=0, dim=3, access rank = (  0)
Peer-to-peer enabled for rank   1 (gpu=1) with neighbor   2 (gpu=2) dir=1, dim=3, access rank = (  0)
Peer-to-peer enabled for rank   2 (gpu=2) with neighbor   1 (gpu=1) dir=0, dim=3, access rank = (  0)
Peer-to-peer enabled for rank   2 (gpu=2) with neighbor   3 (gpu=3) dir=1, dim=3, access rank = (  0)
Peer-to-peer enabled for rank   3 (gpu=3) with neighbor   2 (gpu=2) dir=0, dim=3, access rank = (  0)
Peer-to-peer enabled for rank   3 (gpu=3) with neighbor   0 (gpu=0) dir=1, dim=3, access rank = (  0)
Peer-to-peer enabled for rank   0 (gpu=0) with neighbor   3 (gpu=3) dir=0, dim=3, access rank = (  0)
Peer-to-peer enabled for rank   0 (gpu=0) with neighbor   1 (gpu=1) dir=1, dim=3, access rank = (  0)
QUDA 1.1.0 (git 1.1.0-00c7ef33d-sm_80)
CUDA Driver version = 13030
CUDA Runtime version = 12020
Graphic driver version = 610.43.02
Found device 0: NVIDIA A100-SXM4-80GB
Found device 1: NVIDIA A100-SXM4-80GB
Found device 2: NVIDIA A100-SXM4-80GB
Found device 3: NVIDIA A100-SXM4-80GB
Using device 0: NVIDIA A100-SXM4-80GB
Initializing monitoring on device 3 with pciBusId 0000:B0:00.0: NVIDIA A100-SXM4-80GB
Initializing monitoring on device 0 with pciBusId 0000:2F:00.0: NVIDIA A100-SXM4-80GB
WARNING: Data reordering done on GPU (set with QUDA_REORDER_LOCATION=GPU/CPU)
Initializing monitoring on device 1 with pciBusId 0000:30:00.0: NVIDIA A100-SXM4-80GB
Initializing monitoring on device 2 with pciBusId 0000:AF:00.0: NVIDIA A100-SXM4-80GB
Loaded 1216 sets of cached parameters from /lustre2/gluonp0/sliu1/.cache/quda/tunecache.tsv
WARNING: Using device memory pool allocator
WARNING: Using pinned memory pool allocator
cublasCreated successfully
{'Ls': 32, 'Lt': 96, 'cfgs_to_meas': 10, 'rho': 3.25, 'smear_steps': 40, 'smear_mom': [0, 0, 3.5999999999999996], 'mom_min': 0, 'mom_max': 6, 'x_src_list_shifted': array([[ 0, 16],
       [15, 31],
       [30, 14],
       [13, 29],
       [28, 12],
       [11, 27],
       [26, 10],
       [ 9, 25],
       [24,  8],
       [ 7, 23]]), 'y_src_list_shifted': array([[ 0, 16],
       [15, 31],
       [30, 14],
       [13, 29],
       [28, 12],
       [11, 27],
       [26, 10],
       [ 9, 25],
       [24,  8],
       [ 7, 23]]), 'z_src_list_shifted': array([[ 0, 16],
       [15, 31],
       [30, 14],
       [13, 29],
       [28, 12],
       [11, 27],
       [26, 10],
       [ 9, 25],
       [24,  8],
       [ 7, 23]]), 't_src_list_shifted': array([[ 0, 32, 64],
       [25, 57, 89],
       [50, 82, 18],
       [75, 11, 43],
       [ 4, 36, 68],
       [29, 61, 93],
       [54, 86, 22],
       [79, 15, 47],
       [ 8, 40, 72],
       [33, 65,  1]])}
PyQUDA INFO: READ GAUGE #204: 3.369357265999497 secs
PyQUDA INFO: DOING HYP SMEARING
PyQUDA INFO: plaq_hyp_before = [0.5839782469489736, 0.5838950418381473, 0.5840614520597998]
performGaugeSmearQuda: step 000 plaquette (mean 5.8397824694897360e-01, spatial 5.8389504183814733e-01 temporal 5.8406145205979976e-01) Q charge = 8.7687551237888304e+00
PyQUDA INFO: plaq_hyp_after = [0.9461197413172886, 0.9461032987410635, 0.9461361838935137]
PyQUDA INFO: HYP SMEAR: 0.8230647149994184 secs
PyQUDA INFO: DOING APE SMEARING
PyQUDA INFO: plaq_ape_before = [0.5839782469489736, 0.5838950418381473, 0.5840614520597998]
performGaugeSmearQuda: step 000 plaquette (mean 5.8397824694897360e-01, spatial 5.8389504183814733e-01 temporal 5.8406145205979976e-01) Q charge = 8.7687551237888304e+00
PyQUDA INFO: plaq_ape_after = [0.8194939189238163, 0.9988606332270378, 0.6401272046205948]
PyQUDA INFO: APE SMEAR: 0.5796215020000091 secs
PyQUDA INFO: INNER LOOP STARTS
PyQUDA INFO: SOURCE POSITION = [np.int64(0), np.int64(0), np.int64(0), np.int64(0)]
PyQUDA INFO: DOING SRC GAUSSIAN SMEARING
PyQUDA INFO: SOURCE GAUSSIAN SMEAR: 1.0311719959991024 secs
PyQUDA INFO: RELOADING GAUGE
PyQUDA INFO: RELOADING GAUGE: 0.20015665200116928 secs
PyQUDA INFO: SOLVING DIRAC EQ
GCR: Convergence at 17 iterations, L2 relative residual: iterated = 5.861203e-11, true = 5.861203e-11 (requested = 1.000000e-10)
PyQUDA INFO: Time = 0.277 secs, Performance = 7072.982 GFLOPS
GCR: Convergence at 17 iterations, L2 relative residual: iterated = 5.936093e-11, true = 5.936093e-11 (requested = 1.000000e-10)
PyQUDA INFO: Time = 0.224 secs, Performance = 8751.766 GFLOPS
GCR: Convergence at 17 iterations, L2 relative residual: iterated = 8.122141e-11, true = 8.122141e-11 (requested = 1.000000e-10)
PyQUDA INFO: Time = 0.218 secs, Performance = 8898.298 GFLOPS
GCR: Convergence at 17 iterations, L2 relative residual: iterated = 9.935860e-11, true = 9.935860e-11 (requested = 1.000000e-10)
PyQUDA INFO: Time = 0.218 secs, Performance = 8889.548 GFLOPS
GCR: Convergence at 17 iterations, L2 relative residual: iterated = 5.214752e-11, true = 5.214752e-11 (requested = 1.000000e-10)
PyQUDA INFO: Time = 0.222 secs, Performance = 8823.901 GFLOPS
GCR: Convergence at 17 iterations, L2 relative residual: iterated = 5.479373e-11, true = 5.479373e-11 (requested = 1.000000e-10)
PyQUDA INFO: Time = 0.222 secs, Performance = 8804.365 GFLOPS
GCR: Convergence at 17 iterations, L2 relative residual: iterated = 5.976896e-11, true = 5.976896e-11 (requested = 1.000000e-10)
PyQUDA INFO: Time = 0.223 secs, Performance = 8784.618 GFLOPS
GCR: Convergence at 17 iterations, L2 relative residual: iterated = 7.472222e-11, true = 7.472222e-11 (requested = 1.000000e-10)
PyQUDA INFO: Time = 0.218 secs, Performance = 8875.939 GFLOPS
GCR: Convergence at 17 iterations, L2 relative residual: iterated = 7.227410e-11, true = 7.227410e-11 (requested = 1.000000e-10)
PyQUDA INFO: Time = 0.219 secs, Performance = 8842.035 GFLOPS
GCR: Convergence at 17 iterations, L2 relative residual: iterated = 8.296897e-11, true = 8.296897e-11 (requested = 1.000000e-10)
PyQUDA INFO: Time = 0.218 secs, Performance = 8895.306 GFLOPS
GCR: Convergence at 17 iterations, L2 relative residual: iterated = 7.572490e-11, true = 7.572490e-11 (requested = 1.000000e-10)
PyQUDA INFO: Time = 0.218 secs, Performance = 8895.306 GFLOPS
GCR: Convergence at 17 iterations, L2 relative residual: iterated = 7.042599e-11, true = 7.042599e-11 (requested = 1.000000e-10)
PyQUDA INFO: Time = 0.222 secs, Performance = 8826.408 GFLOPS
GCR: Convergence at 17 iterations, L2 relative residual: iterated = 8.499319e-11, true = 8.499319e-11 (requested = 1.000000e-10)
PyQUDA INFO: Time = 0.223 secs, Performance = 8792.147 GFLOPS
GCR: Convergence at 17 iterations, L2 relative residual: iterated = 6.216592e-11, true = 6.216592e-11 (requested = 1.000000e-10)
PyQUDA INFO: Time = 0.222 secs, Performance = 8816.308 GFLOPS
GCR: Convergence at 17 iterations, L2 relative residual: iterated = 6.779941e-11, true = 6.779941e-11 (requested = 1.000000e-10)
PyQUDA INFO: Time = 0.223 secs, Performance = 8778.627 GFLOPS
GCR: Convergence at 17 iterations, L2 relative residual: iterated = 6.757756e-11, true = 6.757756e-11 (requested = 1.000000e-10)
PyQUDA INFO: Time = 0.222 secs, Performance = 8805.360 GFLOPS
GCR: Convergence at 17 iterations, L2 relative residual: iterated = 5.506888e-11, true = 5.506888e-11 (requested = 1.000000e-10)
PyQUDA INFO: Time = 0.218 secs, Performance = 8877.933 GFLOPS
GCR: Convergence at 17 iterations, L2 relative residual: iterated = 6.459680e-11, true = 6.459680e-11 (requested = 1.000000e-10)
PyQUDA INFO: Time = 0.222 secs, Performance = 8803.102 GFLOPS
GCR: Convergence at 17 iterations, L2 relative residual: iterated = 8.145796e-11, true = 8.145796e-11 (requested = 1.000000e-10)
PyQUDA INFO: Time = 0.222 secs, Performance = 8799.579 GFLOPS
GCR: Convergence at 17 iterations, L2 relative residual: iterated = 5.211163e-11, true = 5.211163e-11 (requested = 1.000000e-10)
PyQUDA INFO: Time = 0.223 secs, Performance = 8774.152 GFLOPS
GCR: Convergence at 17 iterations, L2 relative residual: iterated = 5.011067e-11, true = 5.011067e-11 (requested = 1.000000e-10)
PyQUDA INFO: Time = 0.223 secs, Performance = 8774.191 GFLOPS
GCR: Convergence at 17 iterations, L2 relative residual: iterated = 6.110926e-11, true = 6.110926e-11 (requested = 1.000000e-10)
PyQUDA INFO: Time = 0.223 secs, Performance = 8778.272 GFLOPS
GCR: Convergence at 17 iterations, L2 relative residual: iterated = 6.371506e-11, true = 6.371506e-11 (requested = 1.000000e-10)
PyQUDA INFO: Time = 0.223 secs, Performance = 8766.808 GFLOPS
GCR: Convergence at 17 iterations, L2 relative residual: iterated = 6.364538e-11, true = 6.364538e-11 (requested = 1.000000e-10)
PyQUDA INFO: Time = 0.218 secs, Performance = 8878.788 GFLOPS
PyQUDA INFO: INVERT 2 propagagors: 5.366620926999531 secs
PyQUDA INFO: DOING SINK GAUSSIAN SMEARING
PyQUDA INFO: SINK GAUSSIAN SMEAR: 0.7417892069988739 secs
PyQUDA INFO: GPU used 49.2 GB
PyQUDA INFO: CONTRACT ALL: 3.3894004470002983 secs
PyQUDA INFO: UNTIL CONTRACTION: 10.781569794999086 secs
PyQUDA INFO: INNER LOOP STARTS
PyQUDA INFO: SOURCE POSITION = [np.int64(0), np.int64(0), np.int64(16), np.int64(0)]
PyQUDA INFO: DOING SRC GAUSSIAN SMEARING
PyQUDA INFO: SOURCE GAUSSIAN SMEAR: 0.7567277569996804 secs
PyQUDA INFO: RELOADING GAUGE
PyQUDA INFO: RELOADING GAUGE: 0.20491475099879608 secs
PyQUDA INFO: SOLVING DIRAC EQ
GCR: Convergence at 17 iterations, L2 relative residual: iterated = 4.316048e-11, true = 4.316048e-11 (requested = 1.000000e-10)
PyQUDA INFO: Time = 0.222 secs, Performance = 8826.552 GFLOPS
GCR: Convergence at 17 iterations, L2 relative residual: iterated = 5.539579e-11, true = 5.539579e-11 (requested = 1.000000e-10)
PyQUDA INFO: Time = 0.224 secs, Performance = 8753.840 GFLOPS
GCR: Convergence at 18 iterations, L2 relative residual: iterated = 3.165372e-11, true = 3.165372e-11 (requested = 1.000000e-10)
PyQUDA INFO: Time = 0.233 secs, Performance = 8831.430 GFLOPS
GCR: Convergence at 17 iterations, L2 relative residual: iterated = 7.095500e-11, true = 7.095500e-11 (requested = 1.000000e-10)
PyQUDA INFO: Time = 0.218 secs, Performance = 8872.442 GFLOPS
GCR: Convergence at 17 iterations, L2 relative residual: iterated = 6.832595e-11, true = 6.832595e-11 (requested = 1.000000e-10)
PyQUDA INFO: Time = 0.217 secs, Performance = 8921.429 GFLOPS
GCR: Convergence at 17 iterations, L2 relative residual: iterated = 5.799750e-11, true = 5.799750e-11 (requested = 1.000000e-10)
PyQUDA INFO: Time = 0.223 secs, Performance = 8776.148 GFLOPS
GCR: Convergence at 17 iterations, L2 relative residual: iterated = 6.538016e-11, true = 6.538016e-11 (requested = 1.000000e-10)
PyQUDA INFO: Time = 0.217 secs, Performance = 8896.179 GFLOPS
GCR: Convergence at 17 iterations, L2 relative residual: iterated = 7.479960e-11, true = 7.479960e-11 (requested = 1.000000e-10)
PyQUDA INFO: Time = 0.223 secs, Performance = 8786.340 GFLOPS
GCR: Convergence at 18 iterations, L2 relative residual: iterated = 3.024026e-11, true = 3.024026e-11 (requested = 1.000000e-10)
PyQUDA INFO: Time = 0.233 secs, Performance = 8835.290 GFLOPS
GCR: Convergence at 17 iterations, L2 relative residual: iterated = 6.718115e-11, true = 6.718115e-11 (requested = 1.000000e-10)
PyQUDA INFO: Time = 0.227 secs, Performance = 8724.676 GFLOPS
GCR: Convergence at 17 iterations, L2 relative residual: iterated = 7.603923e-11, true = 7.603923e-11 (requested = 1.000000e-10)
PyQUDA INFO: Time = 0.223 secs, Performance = 8765.906 GFLOPS
GCR: Convergence at 17 iterations, L2 relative residual: iterated = 7.617547e-11, true = 7.617547e-11 (requested = 1.000000e-10)
PyQUDA INFO: Time = 0.227 secs, Performance = 8722.061 GFLOPS
GCR: Convergence at 17 iterations, L2 relative residual: iterated = 4.480186e-11, true = 4.480186e-11 (requested = 1.000000e-10)
PyQUDA INFO: Time = 0.223 secs, Performance = 8769.650 GFLOPS
GCR: Convergence at 17 iterations, L2 relative residual: iterated = 5.453091e-11, true = 5.453091e-11 (requested = 1.000000e-10)
PyQUDA INFO: Time = 0.223 secs, Performance = 8772.855 GFLOPS
GCR: Convergence at 17 iterations, L2 relative residual: iterated = 4.827145e-11, true = 4.827145e-11 (requested = 1.000000e-10)
PyQUDA INFO: Time = 0.223 secs, Performance = 8774.535 GFLOPS
GCR: Convergence at 17 iterations, L2 relative residual: iterated = 8.158716e-11, true = 8.158716e-11 (requested = 1.000000e-10)
PyQUDA INFO: Time = 0.223 secs, Performance = 8782.638 GFLOPS
GCR: Convergence at 17 iterations, L2 relative residual: iterated = 5.263109e-11, true = 5.263109e-11 (requested = 1.000000e-10)
PyQUDA INFO: Time = 0.222 secs, Performance = 8800.489 GFLOPS
GCR: Convergence at 17 iterations, L2 relative residual: iterated = 8.079066e-11, true = 8.079066e-11 (requested = 1.000000e-10)
PyQUDA INFO: Time = 0.218 secs, Performance = 8888.818 GFLOPS
GCR: Convergence at 17 iterations, L2 relative residual: iterated = 7.987325e-11, true = 7.987325e-11 (requested = 1.000000e-10)
PyQUDA INFO: Time = 0.227 secs, Performance = 8714.301 GFLOPS
GCR: Convergence at 17 iterations, L2 relative residual: iterated = 6.498753e-11, true = 6.498753e-11 (requested = 1.000000e-10)
PyQUDA INFO: Time = 0.227 secs, Performance = 8714.301 GFLOPS
GCR: Convergence at 17 iterations, L2 relative residual: iterated = 5.400972e-11, true = 5.400972e-11 (requested = 1.000000e-10)
PyQUDA INFO: Time = 0.227 secs, Performance = 8717.680 GFLOPS
GCR: Convergence at 17 iterations, L2 relative residual: iterated = 7.909088e-11, true = 7.909088e-11 (requested = 1.000000e-10)
PyQUDA INFO: Time = 0.218 secs, Performance = 8874.841 GFLOPS
GCR: Convergence at 17 iterations, L2 relative residual: iterated = 5.679928e-11, true = 5.679928e-11 (requested = 1.000000e-10)
PyQUDA INFO: Time = 0.223 secs, Performance = 8779.375 GFLOPS
GCR: Convergence at 17 iterations, L2 relative residual: iterated = 7.804929e-11, true = 7.804929e-11 (requested = 1.000000e-10)
PyQUDA INFO: Time = 0.217 secs, Performance = 8909.412 GFLOPS
PyQUDA INFO: INVERT 2 propagagors: 5.364815455999633 secs
PyQUDA INFO: DOING SINK GAUSSIAN SMEARING
PyQUDA INFO: SINK GAUSSIAN SMEAR: 0.7408580320006877 secs
PyQUDA INFO: GPU used 54.7 GB
PyQUDA INFO: CONTRACT ALL: 3.32908645399948 secs
PyQUDA INFO: UNTIL CONTRACTION: 10.432827099999486 secs
PyQUDA INFO: INNER LOOP STARTS
PyQUDA INFO: SOURCE POSITION = [np.int64(0), np.int64(16), np.int64(0), np.int64(0)]
PyQUDA INFO: DOING SRC GAUSSIAN SMEARING
PyQUDA INFO: SOURCE GAUSSIAN SMEAR: 0.7563662749998912 secs
PyQUDA INFO: RELOADING GAUGE
PyQUDA INFO: RELOADING GAUGE: 0.1980367500000284 secs
PyQUDA INFO: SOLVING DIRAC EQ
GCR: Convergence at 17 iterations, L2 relative residual: iterated = 7.263935e-11, true = 7.263935e-11 (requested = 1.000000e-10)
PyQUDA INFO: Time = 0.215 secs, Performance = 9018.097 GFLOPS
GCR: Convergence at 17 iterations, L2 relative residual: iterated = 5.926909e-11, true = 5.926909e-11 (requested = 1.000000e-10)
PyQUDA INFO: Time = 0.216 secs, Performance = 8935.775 GFLOPS
GCR: Convergence at 17 iterations, L2 relative residual: iterated = 5.800032e-11, true = 5.800032e-11 (requested = 1.000000e-10)
PyQUDA INFO: Time = 0.218 secs, Performance = 8892.773 GFLOPS
GCR: Convergence at 17 iterations, L2 relative residual: iterated = 7.461571e-11, true = 7.461571e-11 (requested = 1.000000e-10)
PyQUDA INFO: Time = 0.222 secs, Performance = 8819.299 GFLOPS
GCR: Convergence at 17 iterations, L2 relative residual: iterated = 7.439832e-11, true = 7.439832e-11 (requested = 1.000000e-10)
PyQUDA INFO: Time = 0.217 secs, Performance = 8906.652 GFLOPS
GCR: Convergence at 17 iterations, L2 relative residual: iterated = 5.225094e-11, true = 5.225094e-11 (requested = 1.000000e-10)
PyQUDA INFO: Time = 0.221 secs, Performance = 8847.126 GFLOPS
GCR: Convergence at 17 iterations, L2 relative residual: iterated = 7.101495e-11, true = 7.101495e-11 (requested = 1.000000e-10)
PyQUDA INFO: Time = 0.224 secs, Performance = 8750.459 GFLOPS
GCR: Convergence at 17 iterations, L2 relative residual: iterated = 8.806827e-11, true = 8.806827e-11 (requested = 1.000000e-10)
PyQUDA INFO: Time = 0.218 secs, Performance = 8867.369 GFLOPS
GCR: Convergence at 17 iterations, L2 relative residual: iterated = 7.859474e-11, true = 7.859474e-11 (requested = 1.000000e-10)
PyQUDA INFO: Time = 0.217 secs, Performance = 8909.398 GFLOPS
GCR: Convergence at 17 iterations, L2 relative residual: iterated = 8.080174e-11, true = 8.080174e-11 (requested = 1.000000e-10)
PyQUDA INFO: Time = 0.223 secs, Performance = 8765.004 GFLOPS
GCR: Convergence at 17 iterations, L2 relative residual: iterated = 6.762725e-11, true = 6.762725e-11 (requested = 1.000000e-10)
PyQUDA INFO: Time = 0.222 secs, Performance = 8827.020 GFLOPS
GCR: Convergence at 17 iterations, L2 relative residual: iterated = 5.662416e-11, true = 5.662416e-11 (requested = 1.000000e-10)
PyQUDA INFO: Time = 0.222 secs, Performance = 8821.117 GFLOPS
GCR: Convergence at 17 iterations, L2 relative residual: iterated = 9.090524e-11, true = 9.090524e-11 (requested = 1.000000e-10)
PyQUDA INFO: Time = 0.221 secs, Performance = 8768.443 GFLOPS
GCR: Convergence at 17 iterations, L2 relative residual: iterated = 5.043775e-11, true = 5.043775e-11 (requested = 1.000000e-10)
PyQUDA INFO: Time = 0.222 secs, Performance = 8824.139 GFLOPS
GCR: Convergence at 17 iterations, L2 relative residual: iterated = 6.536866e-11, true = 6.536866e-11 (requested = 1.000000e-10)
PyQUDA INFO: Time = 0.218 secs, Performance = 8886.529 GFLOPS
GCR: Convergence at 18 iterations, L2 relative residual: iterated = 2.693494e-11, true = 2.693494e-11 (requested = 1.000000e-10)
PyQUDA INFO: Time = 0.227 secs, Performance = 8988.171 GFLOPS
GCR: Convergence at 18 iterations, L2 relative residual: iterated = 2.792429e-11, true = 2.792429e-11 (requested = 1.000000e-10)
PyQUDA INFO: Time = 0.231 secs, Performance = 8901.075 GFLOPS
GCR: Convergence at 17 iterations, L2 relative residual: iterated = 7.547350e-11, true = 7.547350e-11 (requested = 1.000000e-10)
PyQUDA INFO: Time = 0.218 secs, Performance = 8885.066 GFLOPS
GCR: Convergence at 17 iterations, L2 relative residual: iterated = 8.228976e-11, true = 8.228976e-11 (requested = 1.000000e-10)
PyQUDA INFO: Time = 0.219 secs, Performance = 8846.242 GFLOPS
GCR: Convergence at 17 iterations, L2 relative residual: iterated = 8.749760e-11, true = 8.749760e-11 (requested = 1.000000e-10)
PyQUDA INFO: Time = 0.219 secs, Performance = 8852.189 GFLOPS
GCR: Convergence at 17 iterations, L2 relative residual: iterated = 8.173349e-11, true = 8.173349e-11 (requested = 1.000000e-10)
PyQUDA INFO: Time = 0.217 secs, Performance = 8926.906 GFLOPS
GCR: Convergence at 17 iterations, L2 relative residual: iterated = 9.171136e-11, true = 9.171136e-11 (requested = 1.000000e-10)
PyQUDA INFO: Time = 0.218 secs, Performance = 8885.959 GFLOPS
GCR: Convergence at 18 iterations, L2 relative residual: iterated = 3.123424e-11, true = 3.123424e-11 (requested = 1.000000e-10)
PyQUDA INFO: Time = 0.233 secs, Performance = 8834.458 GFLOPS
GCR: Convergence at 17 iterations, L2 relative residual: iterated = 7.621593e-11, true = 7.621593e-11 (requested = 1.000000e-10)
PyQUDA INFO: Time = 0.217 secs, Performance = 8926.143 GFLOPS
PyQUDA INFO: INVERT 2 propagagors: 5.298640429000443 secs
PyQUDA INFO: DOING SINK GAUSSIAN SMEARING
PyQUDA INFO: SINK GAUSSIAN SMEAR: 0.74176057799923 secs
PyQUDA INFO: GPU used 54.7 GB
PyQUDA INFO: CONTRACT ALL: 3.328158879001421 secs
PyQUDA INFO: UNTIL CONTRACTION: 10.358817654998347 secs
PyQUDA INFO: INNER LOOP STARTS
PyQUDA INFO: SOURCE POSITION = [np.int64(0), np.int64(16), np.int64(16), np.int64(0)]
PyQUDA INFO: DOING SRC GAUSSIAN SMEARING
PyQUDA INFO: SOURCE GAUSSIAN SMEAR: 0.7580052349985635 secs
PyQUDA INFO: RELOADING GAUGE
PyQUDA INFO: RELOADING GAUGE: 0.19935277799959294 secs
PyQUDA INFO: SOLVING DIRAC EQ
GCR: Convergence at 17 iterations, L2 relative residual: iterated = 4.505242e-11, true = 4.505242e-11 (requested = 1.000000e-10)
PyQUDA INFO: Time = 0.221 secs, Performance = 8874.079 GFLOPS
GCR: Convergence at 17 iterations, L2 relative residual: iterated = 8.909468e-11, true = 8.909468e-11 (requested = 1.000000e-10)
PyQUDA INFO: Time = 0.218 secs, Performance = 8889.104 GFLOPS
GCR: Convergence at 17 iterations, L2 relative residual: iterated = 6.775799e-11, true = 6.775799e-11 (requested = 1.000000e-10)
PyQUDA INFO: Time = 0.227 secs, Performance = 8718.409 GFLOPS
GCR: Convergence at 17 iterations, L2 relative residual: iterated = 6.126557e-11, true = 6.126557e-11 (requested = 1.000000e-10)
PyQUDA INFO: Time = 0.223 secs, Performance = 8776.069 GFLOPS
GCR: Convergence at 17 iterations, L2 relative residual: iterated = 8.493987e-11, true = 8.493987e-11 (requested = 1.000000e-10)
PyQUDA INFO: Time = 0.224 secs, Performance = 8758.537 GFLOPS
GCR: Convergence at 17 iterations, L2 relative residual: iterated = 4.520996e-11, true = 4.520996e-11 (requested = 1.000000e-10)
PyQUDA INFO: Time = 0.225 secs, Performance = 8720.205 GFLOPS
GCR: Convergence at 17 iterations, L2 relative residual: iterated = 9.582460e-11, true = 9.582460e-11 (requested = 1.000000e-10)
PyQUDA INFO: Time = 0.223 secs, Performance = 8780.825 GFLOPS
GCR: Convergence at 17 iterations, L2 relative residual: iterated = 4.502178e-11, true = 4.502178e-11 (requested = 1.000000e-10)
PyQUDA INFO: Time = 0.224 secs, Performance = 8741.886 GFLOPS
GCR: Convergence at 17 iterations, L2 relative residual: iterated = 6.430485e-11, true = 6.430485e-11 (requested = 1.000000e-10)
PyQUDA INFO: Time = 0.219 secs, Performance = 8848.643 GFLOPS
GCR: Convergence at 17 iterations, L2 relative residual: iterated = 8.774797e-11, true = 8.774797e-11 (requested = 1.000000e-10)
PyQUDA INFO: Time = 0.222 secs, Performance = 8805.835 GFLOPS
GCR: Convergence at 17 iterations, L2 relative residual: iterated = 8.818406e-11, true = 8.818406e-11 (requested = 1.000000e-10)
PyQUDA INFO: Time = 0.223 secs, Performance = 8792.581 GFLOPS
GCR: Convergence at 17 iterations, L2 relative residual: iterated = 8.201228e-11, true = 8.201228e-11 (requested = 1.000000e-10)
PyQUDA INFO: Time = 0.224 secs, Performance = 8653.889 GFLOPS
GCR: Convergence at 17 iterations, L2 relative residual: iterated = 6.292654e-11, true = 6.292654e-11 (requested = 1.000000e-10)
PyQUDA INFO: Time = 0.223 secs, Performance = 8771.205 GFLOPS
GCR: Convergence at 17 iterations, L2 relative residual: iterated = 7.318137e-11, true = 7.318137e-11 (requested = 1.000000e-10)
PyQUDA INFO: Time = 0.217 secs, Performance = 8905.492 GFLOPS
GCR: Convergence at 18 iterations, L2 relative residual: iterated = 3.135560e-11, true = 3.135560e-11 (requested = 1.000000e-10)
PyQUDA INFO: Time = 0.233 secs, Performance = 8854.288 GFLOPS
GCR: Convergence at 17 iterations, L2 relative residual: iterated = 5.250975e-11, true = 5.250975e-11 (requested = 1.000000e-10)
PyQUDA INFO: Time = 0.223 secs, Performance = 8790.295 GFLOPS
GCR: Convergence at 17 iterations, L2 relative residual: iterated = 9.219637e-11, true = 9.219637e-11 (requested = 1.000000e-10)
PyQUDA INFO: Time = 0.218 secs, Performance = 8891.104 GFLOPS
GCR: Convergence at 17 iterations, L2 relative residual: iterated = 5.697085e-11, true = 5.697085e-11 (requested = 1.000000e-10)
PyQUDA INFO: Time = 0.219 secs, Performance = 8840.644 GFLOPS
GCR: Convergence at 18 iterations, L2 relative residual: iterated = 2.866031e-11, true = 2.866031e-11 (requested = 1.000000e-10)
PyQUDA INFO: Time = 0.233 secs, Performance = 8841.318 GFLOPS
GCR: Convergence at 17 iterations, L2 relative residual: iterated = 8.269744e-11, true = 8.269744e-11 (requested = 1.000000e-10)
PyQUDA INFO: Time = 0.218 secs, Performance = 8894.175 GFLOPS
GCR: Convergence at 17 iterations, L2 relative residual: iterated = 9.649231e-11, true = 9.649231e-11 (requested = 1.000000e-10)
PyQUDA INFO: Time = 0.222 secs, Performance = 8809.965 GFLOPS
GCR: Convergence at 17 iterations, L2 relative residual: iterated = 4.027491e-11, true = 4.027491e-11 (requested = 1.000000e-10)
PyQUDA INFO: Time = 0.223 secs, Performance = 8764.323 GFLOPS
GCR: Convergence at 17 iterations, L2 relative residual: iterated = 7.307792e-11, true = 7.307792e-11 (requested = 1.000000e-10)
PyQUDA INFO: Time = 0.218 secs, Performance = 8884.411 GFLOPS
GCR: Convergence at 18 iterations, L2 relative residual: iterated = 3.977974e-11, true = 3.977974e-11 (requested = 1.000000e-10)
PyQUDA INFO: Time = 0.232 secs, Performance = 8871.584 GFLOPS
PyQUDA INFO: INVERT 2 propagagors: 5.355277599001056 secs
PyQUDA INFO: DOING SINK GAUSSIAN SMEARING
PyQUDA INFO: SINK GAUSSIAN SMEAR: 0.7426155430002837 secs
PyQUDA INFO: GPU used 54.7 GB
PyQUDA INFO: CONTRACT ALL: 3.3288344930006133 secs
PyQUDA INFO: UNTIL CONTRACTION: 10.419572250000783 secs
PyQUDA INFO: INNER LOOP STARTS
PyQUDA INFO: SOURCE POSITION = [np.int64(16), np.int64(0), np.int64(0), np.int64(0)]
PyQUDA INFO: DOING SRC GAUSSIAN SMEARING
PyQUDA INFO: SOURCE GAUSSIAN SMEAR: 0.7564783750003699 secs
PyQUDA INFO: RELOADING GAUGE
PyQUDA INFO: RELOADING GAUGE: 0.19597180700111494 secs
PyQUDA INFO: SOLVING DIRAC EQ
GCR: Convergence at 17 iterations, L2 relative residual: iterated = 4.229159e-11, true = 4.229159e-11 (requested = 1.000000e-10)
PyQUDA INFO: Time = 0.221 secs, Performance = 8872.109 GFLOPS
GCR: Convergence at 17 iterations, L2 relative residual: iterated = 6.922087e-11, true = 6.922087e-11 (requested = 1.000000e-10)
PyQUDA INFO: Time = 0.223 secs, Performance = 8786.502 GFLOPS
GCR: Convergence at 17 iterations, L2 relative residual: iterated = 6.479373e-11, true = 6.479373e-11 (requested = 1.000000e-10)
PyQUDA INFO: Time = 0.219 secs, Performance = 8854.145 GFLOPS
GCR: Convergence at 17 iterations, L2 relative residual: iterated = 3.660104e-11, true = 3.660104e-11 (requested = 1.000000e-10)
PyQUDA INFO: Time = 0.222 secs, Performance = 8822.071 GFLOPS
GCR: Convergence at 17 iterations, L2 relative residual: iterated = 6.465485e-11, true = 6.465485e-11 (requested = 1.000000e-10)
PyQUDA INFO: Time = 0.218 secs, Performance = 8890.732 GFLOPS
GCR: Convergence at 17 iterations, L2 relative residual: iterated = 3.813106e-11, true = 3.813106e-11 (requested = 1.000000e-10)
PyQUDA INFO: Time = 0.222 secs, Performance = 8814.998 GFLOPS
GCR: Convergence at 18 iterations, L2 relative residual: iterated = 3.441371e-11, true = 3.441371e-11 (requested = 1.000000e-10)
PyQUDA INFO: Time = 0.228 secs, Performance = 8949.688 GFLOPS
GCR: Convergence at 17 iterations, L2 relative residual: iterated = 6.263316e-11, true = 6.263316e-11 (requested = 1.000000e-10)
PyQUDA INFO: Time = 0.218 secs, Performance = 8876.549 GFLOPS
GCR: Convergence at 17 iterations, L2 relative residual: iterated = 9.683605e-11, true = 9.683605e-11 (requested = 1.000000e-10)
PyQUDA INFO: Time = 0.218 secs, Performance = 8883.146 GFLOPS
GCR: Convergence at 17 iterations, L2 relative residual: iterated = 7.466749e-11, true = 7.466749e-11 (requested = 1.000000e-10)
PyQUDA INFO: Time = 0.217 secs, Performance = 8922.685 GFLOPS
GCR: Convergence at 18 iterations, L2 relative residual: iterated = 2.813460e-11, true = 2.813460e-11 (requested = 1.000000e-10)
PyQUDA INFO: Time = 0.242 secs, Performance = 8498.160 GFLOPS
GCR: Convergence at 17 iterations, L2 relative residual: iterated = 8.834839e-11, true = 8.834839e-11 (requested = 1.000000e-10)
PyQUDA INFO: Time = 0.218 secs, Performance = 8883.716 GFLOPS
GCR: Convergence at 17 iterations, L2 relative residual: iterated = 4.859571e-11, true = 4.859571e-11 (requested = 1.000000e-10)
PyQUDA INFO: Time = 0.223 secs, Performance = 8780.470 GFLOPS
GCR: Convergence at 17 iterations, L2 relative residual: iterated = 5.147790e-11, true = 5.147790e-11 (requested = 1.000000e-10)
PyQUDA INFO: Time = 0.222 secs, Performance = 8828.678 GFLOPS
GCR: Convergence at 17 iterations, L2 relative residual: iterated = 4.710133e-11, true = 4.710133e-11 (requested = 1.000000e-10)
PyQUDA INFO: Time = 0.222 secs, Performance = 8810.553 GFLOPS
GCR: Convergence at 17 iterations, L2 relative residual: iterated = 6.128287e-11, true = 6.128287e-11 (requested = 1.000000e-10)
PyQUDA INFO: Time = 0.222 secs, Performance = 8801.993 GFLOPS
GCR: Convergence at 17 iterations, L2 relative residual: iterated = 7.466462e-11, true = 7.466462e-11 (requested = 1.000000e-10)
PyQUDA INFO: Time = 0.217 secs, Performance = 8909.125 GFLOPS
GCR: Convergence at 17 iterations, L2 relative residual: iterated = 6.037664e-11, true = 6.037664e-11 (requested = 1.000000e-10)
PyQUDA INFO: Time = 0.218 secs, Performance = 8872.604 GFLOPS
GCR: Convergence at 17 iterations, L2 relative residual: iterated = 6.875441e-11, true = 6.875441e-11 (requested = 1.000000e-10)
PyQUDA INFO: Time = 0.222 secs, Performance = 8797.680 GFLOPS
GCR: Convergence at 17 iterations, L2 relative residual: iterated = 7.028903e-11, true = 7.028903e-11 (requested = 1.000000e-10)
PyQUDA INFO: Time = 0.218 secs, Performance = 8880.457 GFLOPS
GCR: Convergence at 17 iterations, L2 relative residual: iterated = 9.351183e-11, true = 9.351183e-11 (requested = 1.000000e-10)
PyQUDA INFO: Time = 0.217 secs, Performance = 8898.348 GFLOPS
GCR: Convergence at 17 iterations, L2 relative residual: iterated = 4.323322e-11, true = 4.323322e-11 (requested = 1.000000e-10)
PyQUDA INFO: Time = 0.222 secs, Performance = 8815.524 GFLOPS
GCR: Convergence at 17 iterations, L2 relative residual: iterated = 9.172141e-11, true = 9.172141e-11 (requested = 1.000000e-10)
PyQUDA INFO: Time = 0.222 secs, Performance = 8802.073 GFLOPS
GCR: Convergence at 17 iterations, L2 relative residual: iterated = 7.829382e-11, true = 7.829382e-11 (requested = 1.000000e-10)
PyQUDA INFO: Time = 0.222 secs, Performance = 8808.848 GFLOPS
PyQUDA INFO: INVERT 2 propagagors: 5.318675459000588 secs
PyQUDA INFO: DOING SINK GAUSSIAN SMEARING
PyQUDA INFO: SINK GAUSSIAN SMEAR: 0.7421392090000154 secs
PyQUDA INFO: GPU used 54.7 GB
PyQUDA INFO: CONTRACT ALL: 3.3289992139998503 secs
PyQUDA INFO: UNTIL CONTRACTION: 10.377831559000697 secs
PyQUDA INFO: INNER LOOP STARTS
PyQUDA INFO: SOURCE POSITION = [np.int64(16), np.int64(0), np.int64(16), np.int64(0)]
PyQUDA INFO: DOING SRC GAUSSIAN SMEARING
PyQUDA INFO: SOURCE GAUSSIAN SMEAR: 0.7554531999994651 secs
PyQUDA INFO: RELOADING GAUGE
PyQUDA INFO: RELOADING GAUGE: 0.19566367500010529 secs
PyQUDA INFO: SOLVING DIRAC EQ
GCR: Convergence at 17 iterations, L2 relative residual: iterated = 7.353168e-11, true = 7.353168e-11 (requested = 1.000000e-10)
PyQUDA INFO: Time = 0.220 secs, Performance = 8910.454 GFLOPS
GCR: Convergence at 17 iterations, L2 relative residual: iterated = 6.734173e-11, true = 6.734173e-11 (requested = 1.000000e-10)
PyQUDA INFO: Time = 0.217 secs, Performance = 8929.916 GFLOPS
GCR: Convergence at 17 iterations, L2 relative residual: iterated = 7.134999e-11, true = 7.134999e-11 (requested = 1.000000e-10)
PyQUDA INFO: Time = 0.223 secs, Performance = 8773.012 GFLOPS
GCR: Convergence at 17 iterations, L2 relative residual: iterated = 4.604889e-11, true = 4.604889e-11 (requested = 1.000000e-10)
PyQUDA INFO: Time = 0.223 secs, Performance = 8772.737 GFLOPS
GCR: Convergence at 17 iterations, L2 relative residual: iterated = 6.329885e-11, true = 6.329885e-11 (requested = 1.000000e-10)
PyQUDA INFO: Time = 0.221 secs, Performance = 8833.398 GFLOPS
GCR: Convergence at 17 iterations, L2 relative residual: iterated = 7.437581e-11, true = 7.437581e-11 (requested = 1.000000e-10)
PyQUDA INFO: Time = 0.222 secs, Performance = 8815.990 GFLOPS
GCR: Convergence at 17 iterations, L2 relative residual: iterated = 6.649052e-11, true = 6.649052e-11 (requested = 1.000000e-10)
PyQUDA INFO: Time = 0.222 secs, Performance = 8823.954 GFLOPS
GCR: Convergence at 17 iterations, L2 relative residual: iterated = 7.721341e-11, true = 7.721341e-11 (requested = 1.000000e-10)
PyQUDA INFO: Time = 0.223 secs, Performance = 8792.858 GFLOPS
GCR: Convergence at 17 iterations, L2 relative residual: iterated = 5.857029e-11, true = 5.857029e-11 (requested = 1.000000e-10)
PyQUDA INFO: Time = 0.223 secs, Performance = 8782.762 GFLOPS
GCR: Convergence at 17 iterations, L2 relative residual: iterated = 7.977789e-11, true = 7.977789e-11 (requested = 1.000000e-10)
PyQUDA INFO: Time = 0.223 secs, Performance = 8785.993 GFLOPS
GCR: Convergence at 17 iterations, L2 relative residual: iterated = 8.437027e-11, true = 8.437027e-11 (requested = 1.000000e-10)
PyQUDA INFO: Time = 0.222 secs, Performance = 8710.606 GFLOPS
GCR: Convergence at 17 iterations, L2 relative residual: iterated = 9.928602e-11, true = 9.928602e-11 (requested = 1.000000e-10)
PyQUDA INFO: Time = 0.222 secs, Performance = 8810.553 GFLOPS
GCR: Convergence at 17 iterations, L2 relative residual: iterated = 6.781944e-11, true = 6.781944e-11 (requested = 1.000000e-10)
PyQUDA INFO: Time = 0.219 secs, Performance = 8840.846 GFLOPS
GCR: Convergence at 17 iterations, L2 relative residual: iterated = 4.552483e-11, true = 4.552483e-11 (requested = 1.000000e-10)
PyQUDA INFO: Time = 0.222 secs, Performance = 8810.672 GFLOPS
GCR: Convergence at 17 iterations, L2 relative residual: iterated = 4.643713e-11, true = 4.643713e-11 (requested = 1.000000e-10)
PyQUDA INFO: Time = 0.223 secs, Performance = 8766.259 GFLOPS
GCR: Convergence at 17 iterations, L2 relative residual: iterated = 6.680555e-11, true = 6.680555e-11 (requested = 1.000000e-10)
PyQUDA INFO: Time = 0.218 secs, Performance = 8867.038 GFLOPS
GCR: Convergence at 17 iterations, L2 relative residual: iterated = 7.222547e-11, true = 7.222547e-11 (requested = 1.000000e-10)
PyQUDA INFO: Time = 0.222 secs, Performance = 8816.040 GFLOPS
GCR: Convergence at 17 iterations, L2 relative residual: iterated = 5.324141e-11, true = 5.324141e-11 (requested = 1.000000e-10)
PyQUDA INFO: Time = 0.223 secs, Performance = 8777.918 GFLOPS
GCR: Convergence at 17 iterations, L2 relative residual: iterated = 8.833705e-11, true = 8.833705e-11 (requested = 1.000000e-10)
PyQUDA INFO: Time = 0.217 secs, Performance = 8915.259 GFLOPS
GCR: Convergence at 17 iterations, L2 relative residual: iterated = 9.080861e-11, true = 9.080861e-11 (requested = 1.000000e-10)
PyQUDA INFO: Time = 0.218 secs, Performance = 8868.622 GFLOPS
GCR: Convergence at 17 iterations, L2 relative residual: iterated = 6.602690e-11, true = 6.602690e-11 (requested = 1.000000e-10)
PyQUDA INFO: Time = 0.218 secs, Performance = 8870.531 GFLOPS
GCR: Convergence at 18 iterations, L2 relative residual: iterated = 3.981918e-11, true = 3.981918e-11 (requested = 1.000000e-10)
PyQUDA INFO: Time = 0.227 secs, Performance = 8964.161 GFLOPS
GCR: Convergence at 17 iterations, L2 relative residual: iterated = 6.425772e-11, true = 6.425772e-11 (requested = 1.000000e-10)
PyQUDA INFO: Time = 0.222 secs, Performance = 8798.353 GFLOPS
GCR: Convergence at 17 iterations, L2 relative residual: iterated = 8.931954e-11, true = 8.931954e-11 (requested = 1.000000e-10)
PyQUDA INFO: Time = 0.218 secs, Performance = 8890.778 GFLOPS
PyQUDA INFO: INVERT 2 propagagors: 5.31455802399978 secs
PyQUDA INFO: DOING SINK GAUSSIAN SMEARING
PyQUDA INFO: SINK GAUSSIAN SMEAR: 0.7421189790002245 secs
PyQUDA INFO: GPU used 54.7 GB
PyQUDA INFO: CONTRACT ALL: 3.3285604110005806 secs
PyQUDA INFO: UNTIL CONTRACTION: 10.371572052001284 secs
PyQUDA INFO: INNER LOOP STARTS
PyQUDA INFO: SOURCE POSITION = [np.int64(16), np.int64(16), np.int64(0), np.int64(0)]
PyQUDA INFO: DOING SRC GAUSSIAN SMEARING
PyQUDA INFO: SOURCE GAUSSIAN SMEAR: 0.7566100860003644 secs
PyQUDA INFO: RELOADING GAUGE
PyQUDA INFO: RELOADING GAUGE: 0.197261855000761 secs
PyQUDA INFO: SOLVING DIRAC EQ
GCR: Convergence at 17 iterations, L2 relative residual: iterated = 5.174522e-11, true = 5.174522e-11 (requested = 1.000000e-10)
PyQUDA INFO: Time = 0.219 secs, Performance = 8919.456 GFLOPS
GCR: Convergence at 17 iterations, L2 relative residual: iterated = 9.697719e-11, true = 9.697719e-11 (requested = 1.000000e-10)
PyQUDA INFO: Time = 0.217 secs, Performance = 8909.480 GFLOPS
GCR: Convergence at 17 iterations, L2 relative residual: iterated = 6.534393e-11, true = 6.534393e-11 (requested = 1.000000e-10)
PyQUDA INFO: Time = 0.218 secs, Performance = 8874.030 GFLOPS
GCR: Convergence at 17 iterations, L2 relative residual: iterated = 8.622895e-11, true = 8.622895e-11 (requested = 1.000000e-10)
PyQUDA INFO: Time = 0.217 secs, Performance = 8904.562 GFLOPS
GCR: Convergence at 17 iterations, L2 relative residual: iterated = 3.871762e-11, true = 3.871762e-11 (requested = 1.000000e-10)
PyQUDA INFO: Time = 0.222 secs, Performance = 8805.711 GFLOPS
GCR: Convergence at 17 iterations, L2 relative residual: iterated = 4.837856e-11, true = 4.837856e-11 (requested = 1.000000e-10)
PyQUDA INFO: Time = 0.223 secs, Performance = 8785.997 GFLOPS
GCR: Convergence at 17 iterations, L2 relative residual: iterated = 6.739938e-11, true = 6.739938e-11 (requested = 1.000000e-10)
PyQUDA INFO: Time = 0.218 secs, Performance = 8876.712 GFLOPS
GCR: Convergence at 17 iterations, L2 relative residual: iterated = 5.996859e-11, true = 5.996859e-11 (requested = 1.000000e-10)
PyQUDA INFO: Time = 0.219 secs, Performance = 8856.575 GFLOPS
GCR: Convergence at 17 iterations, L2 relative residual: iterated = 9.751851e-11, true = 9.751851e-11 (requested = 1.000000e-10)
PyQUDA INFO: Time = 0.219 secs, Performance = 8856.645 GFLOPS
GCR: Convergence at 17 iterations, L2 relative residual: iterated = 4.632967e-11, true = 4.632967e-11 (requested = 1.000000e-10)
PyQUDA INFO: Time = 0.222 secs, Performance = 8829.434 GFLOPS
GCR: Convergence at 17 iterations, L2 relative residual: iterated = 9.118884e-11, true = 9.118884e-11 (requested = 1.000000e-10)
PyQUDA INFO: Time = 0.218 secs, Performance = 8876.671 GFLOPS
GCR: Convergence at 17 iterations, L2 relative residual: iterated = 7.389606e-11, true = 7.389606e-11 (requested = 1.000000e-10)
PyQUDA INFO: Time = 0.218 secs, Performance = 8899.026 GFLOPS
GCR: Convergence at 17 iterations, L2 relative residual: iterated = 3.464219e-11, true = 3.464219e-11 (requested = 1.000000e-10)
PyQUDA INFO: Time = 0.224 secs, Performance = 8754.584 GFLOPS
GCR: Convergence at 17 iterations, L2 relative residual: iterated = 5.654675e-11, true = 5.654675e-11 (requested = 1.000000e-10)
PyQUDA INFO: Time = 0.218 secs, Performance = 8877.527 GFLOPS
GCR: Convergence at 17 iterations, L2 relative residual: iterated = 7.674612e-11, true = 7.674612e-11 (requested = 1.000000e-10)
PyQUDA INFO: Time = 0.217 secs, Performance = 8907.471 GFLOPS
GCR: Convergence at 17 iterations, L2 relative residual: iterated = 5.659282e-11, true = 5.659282e-11 (requested = 1.000000e-10)
PyQUDA INFO: Time = 0.223 secs, Performance = 8798.865 GFLOPS
GCR: Convergence at 17 iterations, L2 relative residual: iterated = 5.111262e-11, true = 5.111262e-11 (requested = 1.000000e-10)
PyQUDA INFO: Time = 0.222 secs, Performance = 8802.030 GFLOPS
GCR: Convergence at 17 iterations, L2 relative residual: iterated = 7.942737e-11, true = 7.942737e-11 (requested = 1.000000e-10)
PyQUDA INFO: Time = 0.217 secs, Performance = 8920.915 GFLOPS
GCR: Convergence at 17 iterations, L2 relative residual: iterated = 8.770380e-11, true = 8.770380e-11 (requested = 1.000000e-10)
PyQUDA INFO: Time = 0.218 secs, Performance = 8884.858 GFLOPS
GCR: Convergence at 17 iterations, L2 relative residual: iterated = 8.049422e-11, true = 8.049422e-11 (requested = 1.000000e-10)
PyQUDA INFO: Time = 0.219 secs, Performance = 8865.219 GFLOPS
GCR: Convergence at 17 iterations, L2 relative residual: iterated = 7.666821e-11, true = 7.666821e-11 (requested = 1.000000e-10)
PyQUDA INFO: Time = 0.217 secs, Performance = 8905.094 GFLOPS
GCR: Convergence at 17 iterations, L2 relative residual: iterated = 6.570181e-11, true = 6.570181e-11 (requested = 1.000000e-10)
PyQUDA INFO: Time = 0.222 secs, Performance = 8821.156 GFLOPS
GCR: Convergence at 17 iterations, L2 relative residual: iterated = 9.389135e-11, true = 9.389135e-11 (requested = 1.000000e-10)
PyQUDA INFO: Time = 0.218 secs, Performance = 8877.445 GFLOPS
GCR: Convergence at 17 iterations, L2 relative residual: iterated = 5.656523e-11, true = 5.656523e-11 (requested = 1.000000e-10)
PyQUDA INFO: Time = 0.218 secs, Performance = 8894.005 GFLOPS
PyQUDA INFO: INVERT 2 propagagors: 5.268041504999928 secs
PyQUDA INFO: DOING SINK GAUSSIAN SMEARING
PyQUDA INFO: SINK GAUSSIAN SMEAR: 0.7425012310013699 secs
PyQUDA INFO: GPU used 54.7 GB
PyQUDA INFO: CONTRACT ALL: 3.329411896000238 secs
PyQUDA INFO: UNTIL CONTRACTION: 10.329468378999081 secs
PyQUDA INFO: INNER LOOP STARTS
PyQUDA INFO: SOURCE POSITION = [np.int64(16), np.int64(16), np.int64(16), np.int64(0)]
PyQUDA INFO: DOING SRC GAUSSIAN SMEARING
PyQUDA INFO: SOURCE GAUSSIAN SMEAR: 0.754716035000456 secs
PyQUDA INFO: RELOADING GAUGE
PyQUDA INFO: RELOADING GAUGE: 0.19749690699973144 secs
PyQUDA INFO: SOLVING DIRAC EQ
GCR: Convergence at 17 iterations, L2 relative residual: iterated = 8.429628e-11, true = 8.429628e-11 (requested = 1.000000e-10)
PyQUDA INFO: Time = 0.219 secs, Performance = 8941.585 GFLOPS
GCR: Convergence at 17 iterations, L2 relative residual: iterated = 7.647422e-11, true = 7.647422e-11 (requested = 1.000000e-10)
PyQUDA INFO: Time = 0.222 secs, Performance = 8825.333 GFLOPS
GCR: Convergence at 17 iterations, L2 relative residual: iterated = 6.150712e-11, true = 6.150712e-11 (requested = 1.000000e-10)
PyQUDA INFO: Time = 0.218 secs, Performance = 8891.222 GFLOPS
GCR: Convergence at 17 iterations, L2 relative residual: iterated = 8.075807e-11, true = 8.075807e-11 (requested = 1.000000e-10)
PyQUDA INFO: Time = 0.222 secs, Performance = 8809.601 GFLOPS
GCR: Convergence at 17 iterations, L2 relative residual: iterated = 7.321933e-11, true = 7.321933e-11 (requested = 1.000000e-10)
PyQUDA INFO: Time = 0.218 secs, Performance = 8867.932 GFLOPS
GCR: Convergence at 17 iterations, L2 relative residual: iterated = 9.756144e-11, true = 9.756144e-11 (requested = 1.000000e-10)
PyQUDA INFO: Time = 0.218 secs, Performance = 8882.413 GFLOPS
GCR: Convergence at 17 iterations, L2 relative residual: iterated = 8.258573e-11, true = 8.258573e-11 (requested = 1.000000e-10)
PyQUDA INFO: Time = 0.222 secs, Performance = 8800.766 GFLOPS
GCR: Convergence at 17 iterations, L2 relative residual: iterated = 6.608261e-11, true = 6.608261e-11 (requested = 1.000000e-10)
PyQUDA INFO: Time = 0.218 secs, Performance = 8886.736 GFLOPS
GCR: Convergence at 17 iterations, L2 relative residual: iterated = 8.486469e-11, true = 8.486469e-11 (requested = 1.000000e-10)
PyQUDA INFO: Time = 0.222 secs, Performance = 8810.751 GFLOPS
GCR: Convergence at 17 iterations, L2 relative residual: iterated = 7.057414e-11, true = 7.057414e-11 (requested = 1.000000e-10)
PyQUDA INFO: Time = 0.221 secs, Performance = 8836.212 GFLOPS
GCR: Convergence at 17 iterations, L2 relative residual: iterated = 6.640750e-11, true = 6.640750e-11 (requested = 1.000000e-10)
PyQUDA INFO: Time = 0.222 secs, Performance = 8805.078 GFLOPS
GCR: Convergence at 17 iterations, L2 relative residual: iterated = 6.767449e-11, true = 6.767449e-11 (requested = 1.000000e-10)
PyQUDA INFO: Time = 0.218 secs, Performance = 8895.960 GFLOPS
GCR: Convergence at 17 iterations, L2 relative residual: iterated = 6.848900e-11, true = 6.848900e-11 (requested = 1.000000e-10)
PyQUDA INFO: Time = 0.223 secs, Performance = 8775.872 GFLOPS
GCR: Convergence at 17 iterations, L2 relative residual: iterated = 7.608630e-11, true = 7.608630e-11 (requested = 1.000000e-10)
PyQUDA INFO: Time = 0.222 secs, Performance = 8831.865 GFLOPS
GCR: Convergence at 17 iterations, L2 relative residual: iterated = 4.649331e-11, true = 4.649331e-11 (requested = 1.000000e-10)
PyQUDA INFO: Time = 0.218 secs, Performance = 8868.587 GFLOPS
GCR: Convergence at 17 iterations, L2 relative residual: iterated = 8.305319e-11, true = 8.305319e-11 (requested = 1.000000e-10)
PyQUDA INFO: Time = 0.222 secs, Performance = 8804.092 GFLOPS
GCR: Convergence at 17 iterations, L2 relative residual: iterated = 7.803247e-11, true = 7.803247e-11 (requested = 1.000000e-10)
PyQUDA INFO: Time = 0.219 secs, Performance = 8839.776 GFLOPS
GCR: Convergence at 18 iterations, L2 relative residual: iterated = 3.667153e-11, true = 3.667153e-11 (requested = 1.000000e-10)
PyQUDA INFO: Time = 0.229 secs, Performance = 8917.092 GFLOPS
GCR: Convergence at 17 iterations, L2 relative residual: iterated = 8.324155e-11, true = 8.324155e-11 (requested = 1.000000e-10)
PyQUDA INFO: Time = 0.219 secs, Performance = 8850.922 GFLOPS
GCR: Convergence at 17 iterations, L2 relative residual: iterated = 4.987269e-11, true = 4.987269e-11 (requested = 1.000000e-10)
PyQUDA INFO: Time = 0.222 secs, Performance = 8815.881 GFLOPS
GCR: Convergence at 17 iterations, L2 relative residual: iterated = 7.056129e-11, true = 7.056129e-11 (requested = 1.000000e-10)
PyQUDA INFO: Time = 0.223 secs, Performance = 8787.295 GFLOPS
GCR: Convergence at 17 iterations, L2 relative residual: iterated = 7.210109e-11, true = 7.210109e-11 (requested = 1.000000e-10)
PyQUDA INFO: Time = 0.222 secs, Performance = 8825.333 GFLOPS
GCR: Convergence at 17 iterations, L2 relative residual: iterated = 4.393510e-11, true = 4.393510e-11 (requested = 1.000000e-10)
PyQUDA INFO: Time = 0.227 secs, Performance = 8718.829 GFLOPS
GCR: Convergence at 17 iterations, L2 relative residual: iterated = 8.793486e-11, true = 8.793486e-11 (requested = 1.000000e-10)
PyQUDA INFO: Time = 0.222 secs, Performance = 8805.201 GFLOPS
PyQUDA INFO: INVERT 2 propagagors: 5.313689250000607 secs
PyQUDA INFO: DOING SINK GAUSSIAN SMEARING
PyQUDA INFO: SINK GAUSSIAN SMEAR: 0.7426540030010074 secs
PyQUDA INFO: GPU used 54.7 GB
PyQUDA INFO: CONTRACT ALL: 3.328412490000119 secs
PyQUDA INFO: UNTIL CONTRACTION: 10.372299255999678 secs
PyQUDA INFO: INNER LOOP STARTS
PyQUDA INFO: SOURCE POSITION = [np.int64(0), np.int64(0), np.int64(0), np.int64(32)]
PyQUDA INFO: DOING SRC GAUSSIAN SMEARING
PyQUDA INFO: SOURCE GAUSSIAN SMEAR: 0.755897572998947 secs
PyQUDA INFO: RELOADING GAUGE
PyQUDA INFO: RELOADING GAUGE: 0.20086478700068255 secs
PyQUDA INFO: SOLVING DIRAC EQ
GCR: Convergence at 17 iterations, L2 relative residual: iterated = 5.251613e-11, true = 5.251613e-11 (requested = 1.000000e-10)
PyQUDA INFO: Time = 0.225 secs, Performance = 8796.321 GFLOPS
GCR: Convergence at 17 iterations, L2 relative residual: iterated = 6.004309e-11, true = 6.004309e-11 (requested = 1.000000e-10)
PyQUDA INFO: Time = 0.222 secs, Performance = 8816.894 GFLOPS
GCR: Convergence at 17 iterations, L2 relative residual: iterated = 6.502035e-11, true = 6.502035e-11 (requested = 1.000000e-10)
PyQUDA INFO: Time = 0.226 secs, Performance = 8745.309 GFLOPS
GCR: Convergence at 17 iterations, L2 relative residual: iterated = 8.172050e-11, true = 8.172050e-11 (requested = 1.000000e-10)
PyQUDA INFO: Time = 0.222 secs, Performance = 8827.762 GFLOPS
GCR: Convergence at 18 iterations, L2 relative residual: iterated = 3.123567e-11, true = 3.123567e-11 (requested = 1.000000e-10)
PyQUDA INFO: Time = 0.232 secs, Performance = 8869.983 GFLOPS
GCR: Convergence at 17 iterations, L2 relative residual: iterated = 4.680291e-11, true = 4.680291e-11 (requested = 1.000000e-10)
PyQUDA INFO: Time = 0.223 secs, Performance = 8778.036 GFLOPS
GCR: Convergence at 17 iterations, L2 relative residual: iterated = 8.403083e-11, true = 8.403083e-11 (requested = 1.000000e-10)
PyQUDA INFO: Time = 0.218 secs, Performance = 8866.876 GFLOPS
GCR: Convergence at 17 iterations, L2 relative residual: iterated = 6.878837e-11, true = 6.878837e-11 (requested = 1.000000e-10)
PyQUDA INFO: Time = 0.223 secs, Performance = 8792.069 GFLOPS
GCR: Convergence at 17 iterations, L2 relative residual: iterated = 8.140183e-11, true = 8.140183e-11 (requested = 1.000000e-10)
PyQUDA INFO: Time = 0.219 secs, Performance = 8841.613 GFLOPS
GCR: Convergence at 17 iterations, L2 relative residual: iterated = 7.854418e-11, true = 7.854418e-11 (requested = 1.000000e-10)
PyQUDA INFO: Time = 0.222 secs, Performance = 8807.494 GFLOPS
GCR: Convergence at 18 iterations, L2 relative residual: iterated = 3.253718e-11, true = 3.253718e-11 (requested = 1.000000e-10)
PyQUDA INFO: Time = 0.227 secs, Performance = 8972.726 GFLOPS
GCR: Convergence at 17 iterations, L2 relative residual: iterated = 9.739741e-11, true = 9.739741e-11 (requested = 1.000000e-10)
PyQUDA INFO: Time = 0.217 secs, Performance = 8908.414 GFLOPS
GCR: Convergence at 17 iterations, L2 relative residual: iterated = 5.653316e-11, true = 5.653316e-11 (requested = 1.000000e-10)
PyQUDA INFO: Time = 0.227 secs, Performance = 8710.080 GFLOPS
GCR: Convergence at 17 iterations, L2 relative residual: iterated = 6.695872e-11, true = 6.695872e-11 (requested = 1.000000e-10)
PyQUDA INFO: Time = 0.226 secs, Performance = 8749.060 GFLOPS
GCR: Convergence at 17 iterations, L2 relative residual: iterated = 6.700176e-11, true = 6.700176e-11 (requested = 1.000000e-10)
PyQUDA INFO: Time = 0.226 secs, Performance = 8738.974 GFLOPS
GCR: Convergence at 17 iterations, L2 relative residual: iterated = 5.611456e-11, true = 5.611456e-11 (requested = 1.000000e-10)
PyQUDA INFO: Time = 0.222 secs, Performance = 8802.627 GFLOPS
GCR: Convergence at 17 iterations, L2 relative residual: iterated = 8.123697e-11, true = 8.123697e-11 (requested = 1.000000e-10)
PyQUDA INFO: Time = 0.222 secs, Performance = 8811.188 GFLOPS
GCR: Convergence at 17 iterations, L2 relative residual: iterated = 6.566767e-11, true = 6.566767e-11 (requested = 1.000000e-10)
PyQUDA INFO: Time = 0.217 secs, Performance = 8920.669 GFLOPS
GCR: Convergence at 17 iterations, L2 relative residual: iterated = 7.388861e-11, true = 7.388861e-11 (requested = 1.000000e-10)
PyQUDA INFO: Time = 0.222 secs, Performance = 8813.767 GFLOPS
GCR: Convergence at 17 iterations, L2 relative residual: iterated = 8.663854e-11, true = 8.663854e-11 (requested = 1.000000e-10)
PyQUDA INFO: Time = 0.222 secs, Performance = 8804.330 GFLOPS
GCR: Convergence at 17 iterations, L2 relative residual: iterated = 7.566710e-11, true = 7.566710e-11 (requested = 1.000000e-10)
PyQUDA INFO: Time = 0.222 secs, Performance = 8822.787 GFLOPS
GCR: Convergence at 17 iterations, L2 relative residual: iterated = 7.904233e-11, true = 7.904233e-11 (requested = 1.000000e-10)
PyQUDA INFO: Time = 0.218 secs, Performance = 8888.936 GFLOPS
GCR: Convergence at 17 iterations, L2 relative residual: iterated = 8.860483e-11, true = 8.860483e-11 (requested = 1.000000e-10)
PyQUDA INFO: Time = 0.218 secs, Performance = 8893.229 GFLOPS
GCR: Convergence at 17 iterations, L2 relative residual: iterated = 9.092423e-11, true = 9.092423e-11 (requested = 1.000000e-10)
PyQUDA INFO: Time = 0.217 secs, Performance = 8931.459 GFLOPS
PyQUDA INFO: INVERT 2 propagagors: 5.341387436999867 secs
PyQUDA INFO: DOING SINK GAUSSIAN SMEARING
PyQUDA INFO: SINK GAUSSIAN SMEAR: 0.7433189709990984 secs
PyQUDA INFO: GPU used 54.7 GB
PyQUDA INFO: CONTRACT ALL: 3.328542823999669 secs
PyQUDA INFO: UNTIL CONTRACTION: 10.40535470299983 secs
PyQUDA INFO: INNER LOOP STARTS
PyQUDA INFO: SOURCE POSITION = [np.int64(0), np.int64(0), np.int64(16), np.int64(32)]
PyQUDA INFO: DOING SRC GAUSSIAN SMEARING
PyQUDA INFO: SOURCE GAUSSIAN SMEAR: 0.7575184590004937 secs
PyQUDA INFO: RELOADING GAUGE
PyQUDA INFO: RELOADING GAUGE: 0.1999080599998706 secs
PyQUDA INFO: SOLVING DIRAC EQ
GCR: Convergence at 17 iterations, L2 relative residual: iterated = 8.177445e-11, true = 8.177445e-11 (requested = 1.000000e-10)
PyQUDA INFO: Time = 0.216 secs, Performance = 8979.124 GFLOPS
GCR: Convergence at 17 iterations, L2 relative residual: iterated = 4.802450e-11, true = 4.802450e-11 (requested = 1.000000e-10)
PyQUDA INFO: Time = 0.217 secs, Performance = 8930.864 GFLOPS
GCR: Convergence at 17 iterations, L2 relative residual: iterated = 6.580940e-11, true = 6.580940e-11 (requested = 1.000000e-10)
PyQUDA INFO: Time = 0.218 secs, Performance = 8881.190 GFLOPS
GCR: Convergence at 17 iterations, L2 relative residual: iterated = 6.324943e-11, true = 6.324943e-11 (requested = 1.000000e-10)
PyQUDA INFO: Time = 0.218 secs, Performance = 8894.455 GFLOPS
GCR: Convergence at 17 iterations, L2 relative residual: iterated = 7.467389e-11, true = 7.467389e-11 (requested = 1.000000e-10)
PyQUDA INFO: Time = 0.222 secs, Performance = 8812.656 GFLOPS
GCR: Convergence at 17 iterations, L2 relative residual: iterated = 8.690787e-11, true = 8.690787e-11 (requested = 1.000000e-10)
PyQUDA INFO: Time = 0.217 secs, Performance = 8910.192 GFLOPS
GCR: Convergence at 17 iterations, L2 relative residual: iterated = 6.590934e-11, true = 6.590934e-11 (requested = 1.000000e-10)
PyQUDA INFO: Time = 0.222 secs, Performance = 8800.727 GFLOPS
GCR: Convergence at 17 iterations, L2 relative residual: iterated = 7.193194e-11, true = 7.193194e-11 (requested = 1.000000e-10)
PyQUDA INFO: Time = 0.223 secs, Performance = 8795.110 GFLOPS
GCR: Convergence at 17 iterations, L2 relative residual: iterated = 8.926427e-11, true = 8.926427e-11 (requested = 1.000000e-10)
PyQUDA INFO: Time = 0.222 secs, Performance = 8812.814 GFLOPS
GCR: Convergence at 17 iterations, L2 relative residual: iterated = 8.215733e-11, true = 8.215733e-11 (requested = 1.000000e-10)
PyQUDA INFO: Time = 0.222 secs, Performance = 8821.328 GFLOPS
GCR: Convergence at 17 iterations, L2 relative residual: iterated = 7.276663e-11, true = 7.276663e-11 (requested = 1.000000e-10)
PyQUDA INFO: Time = 0.222 secs, Performance = 8803.379 GFLOPS
GCR: Convergence at 17 iterations, L2 relative residual: iterated = 6.783907e-11, true = 6.783907e-11 (requested = 1.000000e-10)
PyQUDA INFO: Time = 0.218 secs, Performance = 8882.738 GFLOPS
GCR: Convergence at 18 iterations, L2 relative residual: iterated = 3.931460e-11, true = 3.931460e-11 (requested = 1.000000e-10)
PyQUDA INFO: Time = 0.229 secs, Performance = 8910.547 GFLOPS
GCR: Convergence at 17 iterations, L2 relative residual: iterated = 6.681193e-11, true = 6.681193e-11 (requested = 1.000000e-10)
PyQUDA INFO: Time = 0.217 secs, Performance = 8899.280 GFLOPS
GCR: Convergence at 17 iterations, L2 relative residual: iterated = 6.671552e-11, true = 6.671552e-11 (requested = 1.000000e-10)
PyQUDA INFO: Time = 0.222 secs, Performance = 8809.482 GFLOPS
GCR: Convergence at 17 iterations, L2 relative residual: iterated = 6.557748e-11, true = 6.557748e-11 (requested = 1.000000e-10)
PyQUDA INFO: Time = 0.217 secs, Performance = 8910.151 GFLOPS
GCR: Convergence at 17 iterations, L2 relative residual: iterated = 8.607063e-11, true = 8.607063e-11 (requested = 1.000000e-10)
PyQUDA INFO: Time = 0.218 secs, Performance = 8874.353 GFLOPS
GCR: Convergence at 17 iterations, L2 relative residual: iterated = 6.563660e-11, true = 6.563660e-11 (requested = 1.000000e-10)
PyQUDA INFO: Time = 0.217 secs, Performance = 8903.467 GFLOPS
GCR: Convergence at 17 iterations, L2 relative residual: iterated = 4.894795e-11, true = 4.894795e-11 (requested = 1.000000e-10)
PyQUDA INFO: Time = 0.223 secs, Performance = 8792.897 GFLOPS
GCR: Convergence at 18 iterations, L2 relative residual: iterated = 3.023294e-11, true = 3.023294e-11 (requested = 1.000000e-10)
PyQUDA INFO: Time = 0.233 secs, Performance = 8840.804 GFLOPS
GCR: Convergence at 17 iterations, L2 relative residual: iterated = 6.600781e-11, true = 6.600781e-11 (requested = 1.000000e-10)
PyQUDA INFO: Time = 0.222 secs, Performance = 8797.918 GFLOPS
GCR: Convergence at 17 iterations, L2 relative residual: iterated = 5.437408e-11, true = 5.437408e-11 (requested = 1.000000e-10)
PyQUDA INFO: Time = 0.227 secs, Performance = 8727.524 GFLOPS
GCR: Convergence at 17 iterations, L2 relative residual: iterated = 6.636741e-11, true = 6.636741e-11 (requested = 1.000000e-10)
PyQUDA INFO: Time = 0.223 secs, Performance = 8775.056 GFLOPS
GCR: Convergence at 18 iterations, L2 relative residual: iterated = 3.160842e-11, true = 3.160842e-11 (requested = 1.000000e-10)
PyQUDA INFO: Time = 0.233 secs, Performance = 8859.121 GFLOPS
PyQUDA INFO: INVERT 2 propagagors: 5.323228846998973 secs
PyQUDA INFO: DOING SINK GAUSSIAN SMEARING
PyQUDA INFO: SINK GAUSSIAN SMEAR: 0.742372606000572 secs
PyQUDA INFO: GPU used 54.7 GB
PyQUDA INFO: CONTRACT ALL: 3.3287347850000515 secs
PyQUDA INFO: UNTIL CONTRACTION: 10.386901439000212 secs
PyQUDA INFO: INNER LOOP STARTS
PyQUDA INFO: SOURCE POSITION = [np.int64(0), np.int64(16), np.int64(0), np.int64(32)]
PyQUDA INFO: DOING SRC GAUSSIAN SMEARING
PyQUDA INFO: SOURCE GAUSSIAN SMEAR: 0.7573763489999692 secs
PyQUDA INFO: RELOADING GAUGE
PyQUDA INFO: RELOADING GAUGE: 0.1961016289988038 secs
PyQUDA INFO: SOLVING DIRAC EQ
GCR: Convergence at 17 iterations, L2 relative residual: iterated = 4.535555e-11, true = 4.535555e-11 (requested = 1.000000e-10)
PyQUDA INFO: Time = 0.219 secs, Performance = 8946.358 GFLOPS
GCR: Convergence at 17 iterations, L2 relative residual: iterated = 5.321923e-11, true = 5.321923e-11 (requested = 1.000000e-10)
PyQUDA INFO: Time = 0.218 secs, Performance = 8867.816 GFLOPS
GCR: Convergence at 17 iterations, L2 relative residual: iterated = 7.661239e-11, true = 7.661239e-11 (requested = 1.000000e-10)
PyQUDA INFO: Time = 0.217 secs, Performance = 8906.897 GFLOPS
GCR: Convergence at 17 iterations, L2 relative residual: iterated = 8.116877e-11, true = 8.116877e-11 (requested = 1.000000e-10)
PyQUDA INFO: Time = 0.222 secs, Performance = 8825.094 GFLOPS
GCR: Convergence at 17 iterations, L2 relative residual: iterated = 4.212447e-11, true = 4.212447e-11 (requested = 1.000000e-10)
PyQUDA INFO: Time = 0.223 secs, Performance = 8792.898 GFLOPS
GCR: Convergence at 17 iterations, L2 relative residual: iterated = 5.870445e-11, true = 5.870445e-11 (requested = 1.000000e-10)
PyQUDA INFO: Time = 0.223 secs, Performance = 8777.533 GFLOPS
GCR: Convergence at 17 iterations, L2 relative residual: iterated = 6.311069e-11, true = 6.311069e-11 (requested = 1.000000e-10)
PyQUDA INFO: Time = 0.217 secs, Performance = 8900.631 GFLOPS
GCR: Convergence at 17 iterations, L2 relative residual: iterated = 4.467977e-11, true = 4.467977e-11 (requested = 1.000000e-10)
PyQUDA INFO: Time = 0.221 secs, Performance = 8838.287 GFLOPS
GCR: Convergence at 17 iterations, L2 relative residual: iterated = 7.256538e-11, true = 7.256538e-11 (requested = 1.000000e-10)
PyQUDA INFO: Time = 0.221 secs, Performance = 8836.590 GFLOPS
GCR: Convergence at 17 iterations, L2 relative residual: iterated = 6.163417e-11, true = 6.163417e-11 (requested = 1.000000e-10)
PyQUDA INFO: Time = 0.218 secs, Performance = 8875.451 GFLOPS
GCR: Convergence at 18 iterations, L2 relative residual: iterated = 2.994423e-11, true = 2.994423e-11 (requested = 1.000000e-10)
PyQUDA INFO: Time = 0.227 secs, Performance = 8965.818 GFLOPS
GCR: Convergence at 17 iterations, L2 relative residual: iterated = 4.571145e-11, true = 4.571145e-11 (requested = 1.000000e-10)
PyQUDA INFO: Time = 0.222 secs, Performance = 8812.092 GFLOPS
GCR: Convergence at 17 iterations, L2 relative residual: iterated = 5.803955e-11, true = 5.803955e-11 (requested = 1.000000e-10)
PyQUDA INFO: Time = 0.219 secs, Performance = 8843.326 GFLOPS
GCR: Convergence at 17 iterations, L2 relative residual: iterated = 3.131560e-11, true = 3.131560e-11 (requested = 1.000000e-10)
PyQUDA INFO: Time = 0.223 secs, Performance = 8798.350 GFLOPS
GCR: Convergence at 17 iterations, L2 relative residual: iterated = 7.416467e-11, true = 7.416467e-11 (requested = 1.000000e-10)
PyQUDA INFO: Time = 0.218 secs, Performance = 8891.222 GFLOPS
GCR: Convergence at 17 iterations, L2 relative residual: iterated = 6.180448e-11, true = 6.180448e-11 (requested = 1.000000e-10)
PyQUDA INFO: Time = 0.222 secs, Performance = 8804.682 GFLOPS
GCR: Convergence at 17 iterations, L2 relative residual: iterated = 4.964225e-11, true = 4.964225e-11 (requested = 1.000000e-10)
PyQUDA INFO: Time = 0.222 secs, Performance = 8826.448 GFLOPS
GCR: Convergence at 17 iterations, L2 relative residual: iterated = 6.533192e-11, true = 6.533192e-11 (requested = 1.000000e-10)
PyQUDA INFO: Time = 0.223 secs, Performance = 8790.293 GFLOPS
GCR: Convergence at 17 iterations, L2 relative residual: iterated = 8.772609e-11, true = 8.772609e-11 (requested = 1.000000e-10)
PyQUDA INFO: Time = 0.221 secs, Performance = 8834.555 GFLOPS
GCR: Convergence at 17 iterations, L2 relative residual: iterated = 6.500670e-11, true = 6.500670e-11 (requested = 1.000000e-10)
PyQUDA INFO: Time = 0.222 secs, Performance = 8800.961 GFLOPS
GCR: Convergence at 17 iterations, L2 relative residual: iterated = 7.983155e-11, true = 7.983155e-11 (requested = 1.000000e-10)
PyQUDA INFO: Time = 0.218 secs, Performance = 8870.983 GFLOPS
GCR: Convergence at 17 iterations, L2 relative residual: iterated = 5.592432e-11, true = 5.592432e-11 (requested = 1.000000e-10)
PyQUDA INFO: Time = 0.222 secs, Performance = 8822.111 GFLOPS
GCR: Convergence at 17 iterations, L2 relative residual: iterated = 7.090602e-11, true = 7.090602e-11 (requested = 1.000000e-10)
PyQUDA INFO: Time = 0.222 secs, Performance = 8814.124 GFLOPS
GCR: Convergence at 17 iterations, L2 relative residual: iterated = 5.967496e-11, true = 5.967496e-11 (requested = 1.000000e-10)
PyQUDA INFO: Time = 0.221 secs, Performance = 8833.637 GFLOPS
PyQUDA INFO: INVERT 2 propagagors: 5.309272205000525 secs
PyQUDA INFO: DOING SINK GAUSSIAN SMEARING
PyQUDA INFO: SINK GAUSSIAN SMEAR: 0.7425474470001063 secs
PyQUDA INFO: GPU used 54.7 GB
PyQUDA INFO: CONTRACT ALL: 3.329180761000316 secs
PyQUDA INFO: UNTIL CONTRACTION: 10.369571113000347 secs
PyQUDA INFO: INNER LOOP STARTS
PyQUDA INFO: SOURCE POSITION = [np.int64(0), np.int64(16), np.int64(16), np.int64(32)]
PyQUDA INFO: DOING SRC GAUSSIAN SMEARING
PyQUDA INFO: SOURCE GAUSSIAN SMEAR: 0.7547847860005277 secs
PyQUDA INFO: RELOADING GAUGE
PyQUDA INFO: RELOADING GAUGE: 0.1933148970001639 secs
PyQUDA INFO: SOLVING DIRAC EQ
GCR: Convergence at 17 iterations, L2 relative residual: iterated = 8.165267e-11, true = 8.165267e-11 (requested = 1.000000e-10)
PyQUDA INFO: Time = 0.223 secs, Performance = 8788.162 GFLOPS
GCR: Convergence at 17 iterations, L2 relative residual: iterated = 5.247234e-11, true = 5.247234e-11 (requested = 1.000000e-10)
PyQUDA INFO: Time = 0.223 secs, Performance = 8792.976 GFLOPS
GCR: Convergence at 17 iterations, L2 relative residual: iterated = 6.482737e-11, true = 6.482737e-11 (requested = 1.000000e-10)
PyQUDA INFO: Time = 0.223 secs, Performance = 8798.826 GFLOPS
GCR: Convergence at 17 iterations, L2 relative residual: iterated = 6.110012e-11, true = 6.110012e-11 (requested = 1.000000e-10)
PyQUDA INFO: Time = 0.223 secs, Performance = 8782.407 GFLOPS
GCR: Convergence at 18 iterations, L2 relative residual: iterated = 2.665777e-11, true = 2.665777e-11 (requested = 1.000000e-10)
PyQUDA INFO: Time = 0.232 secs, Performance = 8864.678 GFLOPS
GCR: Convergence at 17 iterations, L2 relative residual: iterated = 5.650566e-11, true = 5.650566e-11 (requested = 1.000000e-10)
PyQUDA INFO: Time = 0.222 secs, Performance = 8806.469 GFLOPS
GCR: Convergence at 17 iterations, L2 relative residual: iterated = 5.559813e-11, true = 5.559813e-11 (requested = 1.000000e-10)
PyQUDA INFO: Time = 0.224 secs, Performance = 8760.222 GFLOPS
GCR: Convergence at 18 iterations, L2 relative residual: iterated = 2.735283e-11, true = 2.735283e-11 (requested = 1.000000e-10)
PyQUDA INFO: Time = 0.228 secs, Performance = 8950.308 GFLOPS
GCR: Convergence at 17 iterations, L2 relative residual: iterated = 6.090221e-11, true = 6.090221e-11 (requested = 1.000000e-10)
PyQUDA INFO: Time = 0.218 secs, Performance = 8886.451 GFLOPS
GCR: Convergence at 17 iterations, L2 relative residual: iterated = 7.146772e-11, true = 7.146772e-11 (requested = 1.000000e-10)
PyQUDA INFO: Time = 0.217 secs, Performance = 8904.081 GFLOPS
GCR: Convergence at 17 iterations, L2 relative residual: iterated = 5.685778e-11, true = 5.685778e-11 (requested = 1.000000e-10)
PyQUDA INFO: Time = 0.223 secs, Performance = 8785.087 GFLOPS
GCR: Convergence at 17 iterations, L2 relative residual: iterated = 6.395480e-11, true = 6.395480e-11 (requested = 1.000000e-10)
PyQUDA INFO: Time = 0.222 secs, Performance = 8806.707 GFLOPS
GCR: Convergence at 17 iterations, L2 relative residual: iterated = 7.586349e-11, true = 7.586349e-11 (requested = 1.000000e-10)
PyQUDA INFO: Time = 0.223 secs, Performance = 8770.515 GFLOPS
GCR: Convergence at 17 iterations, L2 relative residual: iterated = 5.501300e-11, true = 5.501300e-11 (requested = 1.000000e-10)
PyQUDA INFO: Time = 0.223 secs, Performance = 8788.320 GFLOPS
GCR: Convergence at 17 iterations, L2 relative residual: iterated = 6.232150e-11, true = 6.232150e-11 (requested = 1.000000e-10)
PyQUDA INFO: Time = 0.222 secs, Performance = 8803.023 GFLOPS
GCR: Convergence at 17 iterations, L2 relative residual: iterated = 6.329753e-11, true = 6.329753e-11 (requested = 1.000000e-10)
PyQUDA INFO: Time = 0.223 secs, Performance = 8793.490 GFLOPS
GCR: Convergence at 17 iterations, L2 relative residual: iterated = 7.210157e-11, true = 7.210157e-11 (requested = 1.000000e-10)
PyQUDA INFO: Time = 0.223 secs, Performance = 8780.753 GFLOPS
GCR: Convergence at 17 iterations, L2 relative residual: iterated = 5.504385e-11, true = 5.504385e-11 (requested = 1.000000e-10)
PyQUDA INFO: Time = 0.223 secs, Performance = 8783.353 GFLOPS
GCR: Convergence at 17 iterations, L2 relative residual: iterated = 5.310508e-11, true = 5.310508e-11 (requested = 1.000000e-10)
PyQUDA INFO: Time = 0.223 secs, Performance = 8793.253 GFLOPS
GCR: Convergence at 17 iterations, L2 relative residual: iterated = 9.649128e-11, true = 9.649128e-11 (requested = 1.000000e-10)
PyQUDA INFO: Time = 0.222 secs, Performance = 8796.257 GFLOPS
GCR: Convergence at 17 iterations, L2 relative residual: iterated = 6.694406e-11, true = 6.694406e-11 (requested = 1.000000e-10)
PyQUDA INFO: Time = 0.222 secs, Performance = 8808.649 GFLOPS
GCR: Convergence at 17 iterations, L2 relative residual: iterated = 5.558085e-11, true = 5.558085e-11 (requested = 1.000000e-10)
PyQUDA INFO: Time = 0.223 secs, Performance = 8791.794 GFLOPS
GCR: Convergence at 17 iterations, L2 relative residual: iterated = 6.082315e-11, true = 6.082315e-11 (requested = 1.000000e-10)
PyQUDA INFO: Time = 0.222 secs, Performance = 8833.181 GFLOPS
GCR: Convergence at 17 iterations, L2 relative residual: iterated = 8.188757e-11, true = 8.188757e-11 (requested = 1.000000e-10)
PyQUDA INFO: Time = 0.222 secs, Performance = 8822.111 GFLOPS
PyQUDA INFO: INVERT 2 propagagors: 5.3524051459990005 secs
PyQUDA INFO: DOING SINK GAUSSIAN SMEARING
PyQUDA INFO: SINK GAUSSIAN SMEAR: 0.7415182820004702 secs
PyQUDA INFO: GPU used 54.7 GB
PyQUDA INFO: CONTRACT ALL: 3.3282338170010917 secs
PyQUDA INFO: UNTIL CONTRACTION: 10.405971562999184 secs
PyQUDA INFO: INNER LOOP STARTS
PyQUDA INFO: SOURCE POSITION = [np.int64(16), np.int64(0), np.int64(0), np.int64(32)]
PyQUDA INFO: DOING SRC GAUSSIAN SMEARING
PyQUDA INFO: SOURCE GAUSSIAN SMEAR: 0.7570535480008402 secs
PyQUDA INFO: RELOADING GAUGE
PyQUDA INFO: RELOADING GAUGE: 0.20029975599936733 secs
PyQUDA INFO: SOLVING DIRAC EQ
GCR: Convergence at 17 iterations, L2 relative residual: iterated = 8.444980e-11, true = 8.444980e-11 (requested = 1.000000e-10)
PyQUDA INFO: Time = 0.215 secs, Performance = 8988.966 GFLOPS
GCR: Convergence at 17 iterations, L2 relative residual: iterated = 6.609135e-11, true = 6.609135e-11 (requested = 1.000000e-10)
PyQUDA INFO: Time = 0.221 secs, Performance = 8837.868 GFLOPS
GCR: Convergence at 17 iterations, L2 relative residual: iterated = 5.147398e-11, true = 5.147398e-11 (requested = 1.000000e-10)
PyQUDA INFO: Time = 0.221 secs, Performance = 8836.191 GFLOPS
GCR: Convergence at 17 iterations, L2 relative residual: iterated = 7.472513e-11, true = 7.472513e-11 (requested = 1.000000e-10)
PyQUDA INFO: Time = 0.218 secs, Performance = 8891.594 GFLOPS
GCR: Convergence at 17 iterations, L2 relative residual: iterated = 6.785418e-11, true = 6.785418e-11 (requested = 1.000000e-10)
PyQUDA INFO: Time = 0.216 secs, Performance = 8933.299 GFLOPS
GCR: Convergence at 17 iterations, L2 relative residual: iterated = 6.019311e-11, true = 6.019311e-11 (requested = 1.000000e-10)
PyQUDA INFO: Time = 0.217 secs, Performance = 8899.976 GFLOPS
GCR: Convergence at 17 iterations, L2 relative residual: iterated = 8.689029e-11, true = 8.689029e-11 (requested = 1.000000e-10)
PyQUDA INFO: Time = 0.222 secs, Performance = 8834.377 GFLOPS
GCR: Convergence at 17 iterations, L2 relative residual: iterated = 7.464778e-11, true = 7.464778e-11 (requested = 1.000000e-10)
PyQUDA INFO: Time = 0.217 secs, Performance = 8905.955 GFLOPS
GCR: Convergence at 17 iterations, L2 relative residual: iterated = 6.663078e-11, true = 6.663078e-11 (requested = 1.000000e-10)
PyQUDA INFO: Time = 0.222 secs, Performance = 8805.553 GFLOPS
GCR: Convergence at 17 iterations, L2 relative residual: iterated = 6.588576e-11, true = 6.588576e-11 (requested = 1.000000e-10)
PyQUDA INFO: Time = 0.222 secs, Performance = 8810.156 GFLOPS
GCR: Convergence at 17 iterations, L2 relative residual: iterated = 6.503031e-11, true = 6.503031e-11 (requested = 1.000000e-10)
PyQUDA INFO: Time = 0.222 secs, Performance = 8827.085 GFLOPS
GCR: Convergence at 17 iterations, L2 relative residual: iterated = 7.718786e-11, true = 7.718786e-11 (requested = 1.000000e-10)
PyQUDA INFO: Time = 0.222 secs, Performance = 8829.873 GFLOPS
GCR: Convergence at 17 iterations, L2 relative residual: iterated = 5.981043e-11, true = 5.981043e-11 (requested = 1.000000e-10)
PyQUDA INFO: Time = 0.220 secs, Performance = 8820.309 GFLOPS
GCR: Convergence at 17 iterations, L2 relative residual: iterated = 6.584994e-11, true = 6.584994e-11 (requested = 1.000000e-10)
PyQUDA INFO: Time = 0.221 secs, Performance = 8835.712 GFLOPS
GCR: Convergence at 17 iterations, L2 relative residual: iterated = 7.559622e-11, true = 7.559622e-11 (requested = 1.000000e-10)
PyQUDA INFO: Time = 0.217 secs, Performance = 8914.503 GFLOPS
GCR: Convergence at 17 iterations, L2 relative residual: iterated = 8.471390e-11, true = 8.471390e-11 (requested = 1.000000e-10)
PyQUDA INFO: Time = 0.216 secs, Performance = 8942.387 GFLOPS
GCR: Convergence at 17 iterations, L2 relative residual: iterated = 6.015733e-11, true = 6.015733e-11 (requested = 1.000000e-10)
PyQUDA INFO: Time = 0.222 secs, Performance = 8805.677 GFLOPS
GCR: Convergence at 17 iterations, L2 relative residual: iterated = 4.925903e-11, true = 4.925903e-11 (requested = 1.000000e-10)
PyQUDA INFO: Time = 0.222 secs, Performance = 8802.468 GFLOPS
GCR: Convergence at 17 iterations, L2 relative residual: iterated = 5.712269e-11, true = 5.712269e-11 (requested = 1.000000e-10)
PyQUDA INFO: Time = 0.218 secs, Performance = 8898.544 GFLOPS
GCR: Convergence at 18 iterations, L2 relative residual: iterated = 2.790567e-11, true = 2.790567e-11 (requested = 1.000000e-10)
PyQUDA INFO: Time = 0.232 secs, Performance = 8882.834 GFLOPS
GCR: Convergence at 17 iterations, L2 relative residual: iterated = 7.714943e-11, true = 7.714943e-11 (requested = 1.000000e-10)
PyQUDA INFO: Time = 0.222 secs, Performance = 8822.230 GFLOPS
GCR: Convergence at 17 iterations, L2 relative residual: iterated = 8.123251e-11, true = 8.123251e-11 (requested = 1.000000e-10)
PyQUDA INFO: Time = 0.217 secs, Performance = 8923.199 GFLOPS
GCR: Convergence at 17 iterations, L2 relative residual: iterated = 8.941284e-11, true = 8.941284e-11 (requested = 1.000000e-10)
PyQUDA INFO: Time = 0.222 secs, Performance = 8822.111 GFLOPS
GCR: Convergence at 17 iterations, L2 relative residual: iterated = 7.805340e-11, true = 7.805340e-11 (requested = 1.000000e-10)
PyQUDA INFO: Time = 0.222 secs, Performance = 8831.347 GFLOPS
PyQUDA INFO: INVERT 2 propagagors: 5.29209498399905 secs
PyQUDA INFO: DOING SINK GAUSSIAN SMEARING
PyQUDA INFO: SINK GAUSSIAN SMEAR: 0.7420369149986072 secs
PyQUDA INFO: GPU used 54.7 GB
PyQUDA INFO: CONTRACT ALL: 3.3282901659986237 secs
PyQUDA INFO: UNTIL CONTRACTION: 10.355235903998619 secs
PyQUDA INFO: INNER LOOP STARTS
PyQUDA INFO: SOURCE POSITION = [np.int64(16), np.int64(0), np.int64(16), np.int64(32)]
PyQUDA INFO: DOING SRC GAUSSIAN SMEARING
PyQUDA INFO: SOURCE GAUSSIAN SMEAR: 0.7567702969990933 secs
PyQUDA INFO: RELOADING GAUGE
PyQUDA INFO: RELOADING GAUGE: 0.1967625159995805 secs
PyQUDA INFO: SOLVING DIRAC EQ
GCR: Convergence at 17 iterations, L2 relative residual: iterated = 5.651060e-11, true = 5.651060e-11 (requested = 1.000000e-10)
PyQUDA INFO: Time = 0.219 secs, Performance = 8922.547 GFLOPS
GCR: Convergence at 17 iterations, L2 relative residual: iterated = 6.039823e-11, true = 6.039823e-11 (requested = 1.000000e-10)
PyQUDA INFO: Time = 0.223 secs, Performance = 8792.661 GFLOPS
GCR: Convergence at 17 iterations, L2 relative residual: iterated = 8.771838e-11, true = 8.771838e-11 (requested = 1.000000e-10)
PyQUDA INFO: Time = 0.223 secs, Performance = 8776.746 GFLOPS
GCR: Convergence at 17 iterations, L2 relative residual: iterated = 5.694120e-11, true = 5.694120e-11 (requested = 1.000000e-10)
PyQUDA INFO: Time = 0.218 secs, Performance = 8874.109 GFLOPS
GCR: Convergence at 17 iterations, L2 relative residual: iterated = 9.248763e-11, true = 9.248763e-11 (requested = 1.000000e-10)
PyQUDA INFO: Time = 0.223 secs, Performance = 8775.449 GFLOPS
GCR: Convergence at 17 iterations, L2 relative residual: iterated = 5.076472e-11, true = 5.076472e-11 (requested = 1.000000e-10)
PyQUDA INFO: Time = 0.217 secs, Performance = 8904.614 GFLOPS
GCR: Convergence at 17 iterations, L2 relative residual: iterated = 9.948156e-11, true = 9.948156e-11 (requested = 1.000000e-10)
PyQUDA INFO: Time = 0.218 secs, Performance = 8892.662 GFLOPS
GCR: Convergence at 17 iterations, L2 relative residual: iterated = 9.171621e-11, true = 9.171621e-11 (requested = 1.000000e-10)
PyQUDA INFO: Time = 0.218 secs, Performance = 8884.615 GFLOPS
GCR: Convergence at 17 iterations, L2 relative residual: iterated = 7.323472e-11, true = 7.323472e-11 (requested = 1.000000e-10)
PyQUDA INFO: Time = 0.222 secs, Performance = 8802.152 GFLOPS
GCR: Convergence at 17 iterations, L2 relative residual: iterated = 6.406121e-11, true = 6.406121e-11 (requested = 1.000000e-10)
PyQUDA INFO: Time = 0.223 secs, Performance = 8783.116 GFLOPS
GCR: Convergence at 17 iterations, L2 relative residual: iterated = 5.318417e-11, true = 5.318417e-11 (requested = 1.000000e-10)
PyQUDA INFO: Time = 0.223 secs, Performance = 8785.836 GFLOPS
GCR: Convergence at 17 iterations, L2 relative residual: iterated = 7.815793e-11, true = 7.815793e-11 (requested = 1.000000e-10)
PyQUDA INFO: Time = 0.218 secs, Performance = 8876.020 GFLOPS
GCR: Convergence at 17 iterations, L2 relative residual: iterated = 6.628976e-11, true = 6.628976e-11 (requested = 1.000000e-10)
PyQUDA INFO: Time = 0.218 secs, Performance = 8866.660 GFLOPS
GCR: Convergence at 17 iterations, L2 relative residual: iterated = 6.712936e-11, true = 6.712936e-11 (requested = 1.000000e-10)
PyQUDA INFO: Time = 0.218 secs, Performance = 8882.617 GFLOPS
GCR: Convergence at 17 iterations, L2 relative residual: iterated = 6.012540e-11, true = 6.012540e-11 (requested = 1.000000e-10)
PyQUDA INFO: Time = 0.224 secs, Performance = 8764.298 GFLOPS
GCR: Convergence at 17 iterations, L2 relative residual: iterated = 4.916537e-11, true = 4.916537e-11 (requested = 1.000000e-10)
PyQUDA INFO: Time = 0.223 secs, Performance = 8787.926 GFLOPS
GCR: Convergence at 17 iterations, L2 relative residual: iterated = 8.486642e-11, true = 8.486642e-11 (requested = 1.000000e-10)
PyQUDA INFO: Time = 0.223 secs, Performance = 8770.891 GFLOPS
GCR: Convergence at 17 iterations, L2 relative residual: iterated = 4.207688e-11, true = 4.207688e-11 (requested = 1.000000e-10)
PyQUDA INFO: Time = 0.223 secs, Performance = 8768.574 GFLOPS
GCR: Convergence at 17 iterations, L2 relative residual: iterated = 5.194300e-11, true = 5.194300e-11 (requested = 1.000000e-10)
PyQUDA INFO: Time = 0.222 secs, Performance = 8799.896 GFLOPS
GCR: Convergence at 17 iterations, L2 relative residual: iterated = 6.207035e-11, true = 6.207035e-11 (requested = 1.000000e-10)
PyQUDA INFO: Time = 0.219 secs, Performance = 8851.973 GFLOPS
GCR: Convergence at 17 iterations, L2 relative residual: iterated = 6.057612e-11, true = 6.057612e-11 (requested = 1.000000e-10)
PyQUDA INFO: Time = 0.222 secs, Performance = 8806.350 GFLOPS
GCR: Convergence at 17 iterations, L2 relative residual: iterated = 6.381204e-11, true = 6.381204e-11 (requested = 1.000000e-10)
PyQUDA INFO: Time = 0.223 secs, Performance = 8785.402 GFLOPS
GCR: Convergence at 17 iterations, L2 relative residual: iterated = 5.796463e-11, true = 5.796463e-11 (requested = 1.000000e-10)
PyQUDA INFO: Time = 0.224 secs, Performance = 8762.377 GFLOPS
GCR: Convergence at 17 iterations, L2 relative residual: iterated = 5.799937e-11, true = 5.799937e-11 (requested = 1.000000e-10)
PyQUDA INFO: Time = 0.223 secs, Performance = 8768.888 GFLOPS
PyQUDA INFO: INVERT 2 propagagors: 5.31334551999862 secs
PyQUDA INFO: DOING SINK GAUSSIAN SMEARING
PyQUDA INFO: SINK GAUSSIAN SMEAR: 0.7423592070008453 secs
PyQUDA INFO: GPU used 54.7 GB
PyQUDA INFO: CONTRACT ALL: 3.3289248999990377 secs
PyQUDA INFO: UNTIL CONTRACTION: 10.37333178300105 secs
PyQUDA INFO: INNER LOOP STARTS
PyQUDA INFO: SOURCE POSITION = [np.int64(16), np.int64(16), np.int64(0), np.int64(32)]
PyQUDA INFO: DOING SRC GAUSSIAN SMEARING
PyQUDA INFO: SOURCE GAUSSIAN SMEAR: 0.7552362679998623 secs
PyQUDA INFO: RELOADING GAUGE
PyQUDA INFO: RELOADING GAUGE: 0.19993796400012798 secs
PyQUDA INFO: SOLVING DIRAC EQ
GCR: Convergence at 17 iterations, L2 relative residual: iterated = 7.206410e-11, true = 7.206410e-11 (requested = 1.000000e-10)
PyQUDA INFO: Time = 0.216 secs, Performance = 8981.458 GFLOPS
GCR: Convergence at 17 iterations, L2 relative residual: iterated = 6.039914e-11, true = 6.039914e-11 (requested = 1.000000e-10)
PyQUDA INFO: Time = 0.217 secs, Performance = 8913.419 GFLOPS
GCR: Convergence at 17 iterations, L2 relative residual: iterated = 6.443135e-11, true = 6.443135e-11 (requested = 1.000000e-10)
PyQUDA INFO: Time = 0.218 secs, Performance = 8872.933 GFLOPS
GCR: Convergence at 17 iterations, L2 relative residual: iterated = 5.213780e-11, true = 5.213780e-11 (requested = 1.000000e-10)
PyQUDA INFO: Time = 0.222 secs, Performance = 8822.190 GFLOPS
GCR: Convergence at 17 iterations, L2 relative residual: iterated = 5.444641e-11, true = 5.444641e-11 (requested = 1.000000e-10)
PyQUDA INFO: Time = 0.222 secs, Performance = 8820.747 GFLOPS
GCR: Convergence at 17 iterations, L2 relative residual: iterated = 5.443565e-11, true = 5.443565e-11 (requested = 1.000000e-10)
PyQUDA INFO: Time = 0.222 secs, Performance = 8813.807 GFLOPS
GCR: Convergence at 17 iterations, L2 relative residual: iterated = 7.819067e-11, true = 7.819067e-11 (requested = 1.000000e-10)
PyQUDA INFO: Time = 0.218 secs, Performance = 8881.476 GFLOPS
GCR: Convergence at 17 iterations, L2 relative residual: iterated = 5.682377e-11, true = 5.682377e-11 (requested = 1.000000e-10)
PyQUDA INFO: Time = 0.222 secs, Performance = 8813.736 GFLOPS
GCR: Convergence at 17 iterations, L2 relative residual: iterated = 6.483118e-11, true = 6.483118e-11 (requested = 1.000000e-10)
PyQUDA INFO: Time = 0.221 secs, Performance = 8837.469 GFLOPS
GCR: Convergence at 17 iterations, L2 relative residual: iterated = 6.176791e-11, true = 6.176791e-11 (requested = 1.000000e-10)
PyQUDA INFO: Time = 0.216 secs, Performance = 8938.460 GFLOPS
GCR: Convergence at 18 iterations, L2 relative residual: iterated = 3.685547e-11, true = 3.685547e-11 (requested = 1.000000e-10)
PyQUDA INFO: Time = 0.227 secs, Performance = 8981.315 GFLOPS
GCR: Convergence at 17 iterations, L2 relative residual: iterated = 5.727710e-11, true = 5.727710e-11 (requested = 1.000000e-10)
PyQUDA INFO: Time = 0.218 secs, Performance = 8883.718 GFLOPS
GCR: Convergence at 17 iterations, L2 relative residual: iterated = 5.782326e-11, true = 5.782326e-11 (requested = 1.000000e-10)
PyQUDA INFO: Time = 0.224 secs, Performance = 8746.961 GFLOPS
GCR: Convergence at 17 iterations, L2 relative residual: iterated = 6.270247e-11, true = 6.270247e-11 (requested = 1.000000e-10)
PyQUDA INFO: Time = 0.221 secs, Performance = 8841.184 GFLOPS
GCR: Convergence at 17 iterations, L2 relative residual: iterated = 5.913292e-11, true = 5.913292e-11 (requested = 1.000000e-10)
PyQUDA INFO: Time = 0.222 secs, Performance = 8822.071 GFLOPS
GCR: Convergence at 17 iterations, L2 relative residual: iterated = 6.078673e-11, true = 6.078673e-11 (requested = 1.000000e-10)
PyQUDA INFO: Time = 0.222 secs, Performance = 8825.333 GFLOPS
GCR: Convergence at 17 iterations, L2 relative residual: iterated = 3.126011e-11, true = 3.126011e-11 (requested = 1.000000e-10)
PyQUDA INFO: Time = 0.223 secs, Performance = 8792.662 GFLOPS
GCR: Convergence at 17 iterations, L2 relative residual: iterated = 4.819578e-11, true = 4.819578e-11 (requested = 1.000000e-10)
PyQUDA INFO: Time = 0.222 secs, Performance = 8820.600 GFLOPS
GCR: Convergence at 17 iterations, L2 relative residual: iterated = 5.934681e-11, true = 5.934681e-11 (requested = 1.000000e-10)
PyQUDA INFO: Time = 0.221 secs, Performance = 8834.356 GFLOPS
GCR: Convergence at 17 iterations, L2 relative residual: iterated = 4.836690e-11, true = 4.836690e-11 (requested = 1.000000e-10)
PyQUDA INFO: Time = 0.218 secs, Performance = 8896.123 GFLOPS
GCR: Convergence at 17 iterations, L2 relative residual: iterated = 6.055702e-11, true = 6.055702e-11 (requested = 1.000000e-10)
PyQUDA INFO: Time = 0.222 secs, Performance = 8805.954 GFLOPS
GCR: Convergence at 17 iterations, L2 relative residual: iterated = 7.799845e-11, true = 7.799845e-11 (requested = 1.000000e-10)
PyQUDA INFO: Time = 0.217 secs, Performance = 8917.667 GFLOPS
GCR: Convergence at 17 iterations, L2 relative residual: iterated = 7.238548e-11, true = 7.238548e-11 (requested = 1.000000e-10)
PyQUDA INFO: Time = 0.218 secs, Performance = 8892.651 GFLOPS
GCR: Convergence at 17 iterations, L2 relative residual: iterated = 7.712001e-11, true = 7.712001e-11 (requested = 1.000000e-10)
PyQUDA INFO: Time = 0.217 secs, Performance = 8908.209 GFLOPS
PyQUDA INFO: INVERT 2 propagagors: 5.291059078001126 secs
PyQUDA INFO: DOING SINK GAUSSIAN SMEARING
PyQUDA INFO: SINK GAUSSIAN SMEAR: 0.7426030979986535 secs
PyQUDA INFO: GPU used 54.7 GB
PyQUDA INFO: CONTRACT ALL: 3.328703877999942 secs
PyQUDA INFO: UNTIL CONTRACTION: 10.353095892000056 secs
PyQUDA INFO: INNER LOOP STARTS
PyQUDA INFO: SOURCE POSITION = [np.int64(16), np.int64(16), np.int64(16), np.int64(32)]
PyQUDA INFO: DOING SRC GAUSSIAN SMEARING
PyQUDA INFO: SOURCE GAUSSIAN SMEAR: 0.7563721140013513 secs
PyQUDA INFO: RELOADING GAUGE
PyQUDA INFO: RELOADING GAUGE: 0.2023130260004109 secs
PyQUDA INFO: SOLVING DIRAC EQ
GCR: Convergence at 17 iterations, L2 relative residual: iterated = 4.049682e-11, true = 4.049682e-11 (requested = 1.000000e-10)
PyQUDA INFO: Time = 0.221 secs, Performance = 8879.150 GFLOPS
GCR: Convergence at 17 iterations, L2 relative residual: iterated = 6.949176e-11, true = 6.949176e-11 (requested = 1.000000e-10)
PyQUDA INFO: Time = 0.222 secs, Performance = 8822.986 GFLOPS
GCR: Convergence at 17 iterations, L2 relative residual: iterated = 6.748745e-11, true = 6.748745e-11 (requested = 1.000000e-10)
PyQUDA INFO: Time = 0.221 secs, Performance = 8861.602 GFLOPS
GCR: Convergence at 17 iterations, L2 relative residual: iterated = 5.876447e-11, true = 5.876447e-11 (requested = 1.000000e-10)
PyQUDA INFO: Time = 0.222 secs, Performance = 8824.219 GFLOPS
GCR: Convergence at 17 iterations, L2 relative residual: iterated = 8.950407e-11, true = 8.950407e-11 (requested = 1.000000e-10)
PyQUDA INFO: Time = 0.220 secs, Performance = 8770.339 GFLOPS
GCR: Convergence at 17 iterations, L2 relative residual: iterated = 5.177671e-11, true = 5.177671e-11 (requested = 1.000000e-10)
PyQUDA INFO: Time = 0.222 secs, Performance = 8809.046 GFLOPS
GCR: Convergence at 17 iterations, L2 relative residual: iterated = 6.089665e-11, true = 6.089665e-11 (requested = 1.000000e-10)
PyQUDA INFO: Time = 0.218 secs, Performance = 8870.531 GFLOPS
GCR: Convergence at 17 iterations, L2 relative residual: iterated = 6.297924e-11, true = 6.297924e-11 (requested = 1.000000e-10)
PyQUDA INFO: Time = 0.219 secs, Performance = 8854.805 GFLOPS
GCR: Convergence at 17 iterations, L2 relative residual: iterated = 6.505951e-11, true = 6.505951e-11 (requested = 1.000000e-10)
PyQUDA INFO: Time = 0.217 secs, Performance = 8906.131 GFLOPS
GCR: Convergence at 17 iterations, L2 relative residual: iterated = 7.106772e-11, true = 7.106772e-11 (requested = 1.000000e-10)
PyQUDA INFO: Time = 0.217 secs, Performance = 8928.143 GFLOPS
GCR: Convergence at 17 iterations, L2 relative residual: iterated = 9.475637e-11, true = 9.475637e-11 (requested = 1.000000e-10)
PyQUDA INFO: Time = 0.218 secs, Performance = 8870.572 GFLOPS
GCR: Convergence at 17 iterations, L2 relative residual: iterated = 4.946741e-11, true = 4.946741e-11 (requested = 1.000000e-10)
PyQUDA INFO: Time = 0.222 secs, Performance = 8818.623 GFLOPS
GCR: Convergence at 17 iterations, L2 relative residual: iterated = 5.687337e-11, true = 5.687337e-11 (requested = 1.000000e-10)
PyQUDA INFO: Time = 0.223 secs, Performance = 8776.257 GFLOPS
GCR: Convergence at 17 iterations, L2 relative residual: iterated = 4.282274e-11, true = 4.282274e-11 (requested = 1.000000e-10)
PyQUDA INFO: Time = 0.222 secs, Performance = 8827.020 GFLOPS
GCR: Convergence at 17 iterations, L2 relative residual: iterated = 7.445524e-11, true = 7.445524e-11 (requested = 1.000000e-10)
PyQUDA INFO: Time = 0.222 secs, Performance = 8805.280 GFLOPS
GCR: Convergence at 17 iterations, L2 relative residual: iterated = 6.879413e-11, true = 6.879413e-11 (requested = 1.000000e-10)
PyQUDA INFO: Time = 0.222 secs, Performance = 8821.169 GFLOPS
GCR: Convergence at 17 iterations, L2 relative residual: iterated = 5.975374e-11, true = 5.975374e-11 (requested = 1.000000e-10)
PyQUDA INFO: Time = 0.222 secs, Performance = 8818.743 GFLOPS
GCR: Convergence at 17 iterations, L2 relative residual: iterated = 7.124970e-11, true = 7.124970e-11 (requested = 1.000000e-10)
PyQUDA INFO: Time = 0.218 secs, Performance = 8888.818 GFLOPS
GCR: Convergence at 17 iterations, L2 relative residual: iterated = 9.590249e-11, true = 9.590249e-11 (requested = 1.000000e-10)
PyQUDA INFO: Time = 0.217 secs, Performance = 8912.614 GFLOPS
GCR: Convergence at 17 iterations, L2 relative residual: iterated = 4.120336e-11, true = 4.120336e-11 (requested = 1.000000e-10)
PyQUDA INFO: Time = 0.222 secs, Performance = 8814.014 GFLOPS
GCR: Convergence at 17 iterations, L2 relative residual: iterated = 9.164570e-11, true = 9.164570e-11 (requested = 1.000000e-10)
PyQUDA INFO: Time = 0.218 secs, Performance = 8871.629 GFLOPS
GCR: Convergence at 17 iterations, L2 relative residual: iterated = 6.743097e-11, true = 6.743097e-11 (requested = 1.000000e-10)
PyQUDA INFO: Time = 0.218 secs, Performance = 8876.997 GFLOPS
GCR: Convergence at 17 iterations, L2 relative residual: iterated = 5.360845e-11, true = 5.360845e-11 (requested = 1.000000e-10)
PyQUDA INFO: Time = 0.218 secs, Performance = 8876.590 GFLOPS
GCR: Convergence at 18 iterations, L2 relative residual: iterated = 3.112365e-11, true = 3.112365e-11 (requested = 1.000000e-10)
PyQUDA INFO: Time = 0.228 secs, Performance = 8958.533 GFLOPS
PyQUDA INFO: INVERT 2 propagagors: 5.293121119000716 secs
PyQUDA INFO: DOING SINK GAUSSIAN SMEARING
PyQUDA INFO: SINK GAUSSIAN SMEAR: 0.7433770820007339 secs
PyQUDA INFO: GPU used 54.7 GB
PyQUDA INFO: CONTRACT ALL: 3.3288042299991503 secs
PyQUDA INFO: UNTIL CONTRACTION: 10.35885816300106 secs
PyQUDA INFO: INNER LOOP STARTS
PyQUDA INFO: SOURCE POSITION = [np.int64(0), np.int64(0), np.int64(0), np.int64(64)]
PyQUDA INFO: DOING SRC GAUSSIAN SMEARING
PyQUDA INFO: SOURCE GAUSSIAN SMEAR: 0.7553891980005574 secs
PyQUDA INFO: RELOADING GAUGE
PyQUDA INFO: RELOADING GAUGE: 0.19920165899929998 secs
PyQUDA INFO: SOLVING DIRAC EQ
GCR: Convergence at 17 iterations, L2 relative residual: iterated = 9.795077e-11, true = 9.795077e-11 (requested = 1.000000e-10)
PyQUDA INFO: Time = 0.216 secs, Performance = 8975.789 GFLOPS
GCR: Convergence at 17 iterations, L2 relative residual: iterated = 8.190708e-11, true = 8.190708e-11 (requested = 1.000000e-10)
PyQUDA INFO: Time = 0.222 secs, Performance = 8811.537 GFLOPS
GCR: Convergence at 17 iterations, L2 relative residual: iterated = 6.053848e-11, true = 6.053848e-11 (requested = 1.000000e-10)
PyQUDA INFO: Time = 0.218 secs, Performance = 8893.876 GFLOPS
GCR: Convergence at 17 iterations, L2 relative residual: iterated = 8.385591e-11, true = 8.385591e-11 (requested = 1.000000e-10)
PyQUDA INFO: Time = 0.229 secs, Performance = 8551.451 GFLOPS
GCR: Convergence at 17 iterations, L2 relative residual: iterated = 9.638808e-11, true = 9.638808e-11 (requested = 1.000000e-10)
PyQUDA INFO: Time = 0.218 secs, Performance = 8889.512 GFLOPS
GCR: Convergence at 17 iterations, L2 relative residual: iterated = 7.945628e-11, true = 7.945628e-11 (requested = 1.000000e-10)
PyQUDA INFO: Time = 0.218 secs, Performance = 8871.019 GFLOPS
GCR: Convergence at 17 iterations, L2 relative residual: iterated = 5.734292e-11, true = 5.734292e-11 (requested = 1.000000e-10)
PyQUDA INFO: Time = 0.218 secs, Performance = 8870.161 GFLOPS
GCR: Convergence at 17 iterations, L2 relative residual: iterated = 8.013729e-11, true = 8.013729e-11 (requested = 1.000000e-10)
PyQUDA INFO: Time = 0.218 secs, Performance = 8889.838 GFLOPS
GCR: Convergence at 17 iterations, L2 relative residual: iterated = 4.560170e-11, true = 4.560170e-11 (requested = 1.000000e-10)
PyQUDA INFO: Time = 0.218 secs, Performance = 8863.710 GFLOPS
GCR: Convergence at 17 iterations, L2 relative residual: iterated = 4.831356e-11, true = 4.831356e-11 (requested = 1.000000e-10)
PyQUDA INFO: Time = 0.223 secs, Performance = 8767.711 GFLOPS
GCR: Convergence at 17 iterations, L2 relative residual: iterated = 7.168298e-11, true = 7.168298e-11 (requested = 1.000000e-10)
PyQUDA INFO: Time = 0.222 secs, Performance = 8814.729 GFLOPS
GCR: Convergence at 17 iterations, L2 relative residual: iterated = 9.924006e-11, true = 9.924006e-11 (requested = 1.000000e-10)
PyQUDA INFO: Time = 0.217 secs, Performance = 8900.058 GFLOPS
GCR: Convergence at 17 iterations, L2 relative residual: iterated = 8.846165e-11, true = 8.846165e-11 (requested = 1.000000e-10)
PyQUDA INFO: Time = 0.219 secs, Performance = 8844.763 GFLOPS
GCR: Convergence at 17 iterations, L2 relative residual: iterated = 7.164536e-11, true = 7.164536e-11 (requested = 1.000000e-10)
PyQUDA INFO: Time = 0.218 secs, Performance = 8875.492 GFLOPS
GCR: Convergence at 17 iterations, L2 relative residual: iterated = 5.414717e-11, true = 5.414717e-11 (requested = 1.000000e-10)
PyQUDA INFO: Time = 0.222 secs, Performance = 8808.213 GFLOPS
GCR: Convergence at 17 iterations, L2 relative residual: iterated = 9.829280e-11, true = 9.829280e-11 (requested = 1.000000e-10)
PyQUDA INFO: Time = 0.218 secs, Performance = 8891.554 GFLOPS
GCR: Convergence at 17 iterations, L2 relative residual: iterated = 7.897384e-11, true = 7.897384e-11 (requested = 1.000000e-10)
PyQUDA INFO: Time = 0.218 secs, Performance = 8894.823 GFLOPS
GCR: Convergence at 17 iterations, L2 relative residual: iterated = 6.244033e-11, true = 6.244033e-11 (requested = 1.000000e-10)
PyQUDA INFO: Time = 0.219 secs, Performance = 8866.273 GFLOPS
GCR: Convergence at 17 iterations, L2 relative residual: iterated = 6.726497e-11, true = 6.726497e-11 (requested = 1.000000e-10)
PyQUDA INFO: Time = 0.218 secs, Performance = 8874.637 GFLOPS
GCR: Convergence at 17 iterations, L2 relative residual: iterated = 6.760252e-11, true = 6.760252e-11 (requested = 1.000000e-10)
PyQUDA INFO: Time = 0.222 secs, Performance = 8818.464 GFLOPS
GCR: Convergence at 17 iterations, L2 relative residual: iterated = 3.934526e-11, true = 3.934526e-11 (requested = 1.000000e-10)
PyQUDA INFO: Time = 0.223 secs, Performance = 8777.258 GFLOPS
GCR: Convergence at 17 iterations, L2 relative residual: iterated = 7.690618e-11, true = 7.690618e-11 (requested = 1.000000e-10)
PyQUDA INFO: Time = 0.218 secs, Performance = 8896.253 GFLOPS
GCR: Convergence at 17 iterations, L2 relative residual: iterated = 2.958849e-11, true = 2.958849e-11 (requested = 1.000000e-10)
PyQUDA INFO: Time = 0.223 secs, Performance = 8780.169 GFLOPS
GCR: Convergence at 17 iterations, L2 relative residual: iterated = 7.787351e-11, true = 7.787351e-11 (requested = 1.000000e-10)
PyQUDA INFO: Time = 0.217 secs, Performance = 8900.385 GFLOPS
PyQUDA INFO: INVERT 2 propagagors: 5.277783663999799 secs
PyQUDA INFO: DOING SINK GAUSSIAN SMEARING
PyQUDA INFO: SINK GAUSSIAN SMEAR: 0.7426533179987018 secs
PyQUDA INFO: GPU used 54.7 GB
PyQUDA INFO: CONTRACT ALL: 3.3274640920008096 secs
PyQUDA INFO: UNTIL CONTRACTION: 10.337764027000958 secs
PyQUDA INFO: INNER LOOP STARTS
PyQUDA INFO: SOURCE POSITION = [np.int64(0), np.int64(0), np.int64(16), np.int64(64)]
PyQUDA INFO: DOING SRC GAUSSIAN SMEARING
PyQUDA INFO: SOURCE GAUSSIAN SMEAR: 0.7564474039991183 secs
PyQUDA INFO: RELOADING GAUGE
PyQUDA INFO: RELOADING GAUGE: 0.19658364499991876 secs
PyQUDA INFO: SOLVING DIRAC EQ
GCR: Convergence at 17 iterations, L2 relative residual: iterated = 2.814890e-11, true = 2.814890e-11 (requested = 1.000000e-10)
PyQUDA INFO: Time = 0.220 secs, Performance = 8894.639 GFLOPS
GCR: Convergence at 17 iterations, L2 relative residual: iterated = 5.036716e-11, true = 5.036716e-11 (requested = 1.000000e-10)
PyQUDA INFO: Time = 0.219 secs, Performance = 8837.780 GFLOPS
GCR: Convergence at 17 iterations, L2 relative residual: iterated = 5.639940e-11, true = 5.639940e-11 (requested = 1.000000e-10)
PyQUDA INFO: Time = 0.222 secs, Performance = 8814.054 GFLOPS
GCR: Convergence at 17 iterations, L2 relative residual: iterated = 5.512049e-11, true = 5.512049e-11 (requested = 1.000000e-10)
PyQUDA INFO: Time = 0.227 secs, Performance = 8613.450 GFLOPS
GCR: Convergence at 17 iterations, L2 relative residual: iterated = 4.211723e-11, true = 4.211723e-11 (requested = 1.000000e-10)
PyQUDA INFO: Time = 0.222 secs, Performance = 8825.308 GFLOPS
GCR: Convergence at 17 iterations, L2 relative residual: iterated = 5.247864e-11, true = 5.247864e-11 (requested = 1.000000e-10)
PyQUDA INFO: Time = 0.218 secs, Performance = 8867.850 GFLOPS
GCR: Convergence at 17 iterations, L2 relative residual: iterated = 8.432915e-11, true = 8.432915e-11 (requested = 1.000000e-10)
PyQUDA INFO: Time = 0.223 secs, Performance = 8786.979 GFLOPS
GCR: Convergence at 17 iterations, L2 relative residual: iterated = 8.851158e-11, true = 8.851158e-11 (requested = 1.000000e-10)
PyQUDA INFO: Time = 0.218 secs, Performance = 8891.921 GFLOPS
GCR: Convergence at 17 iterations, L2 relative residual: iterated = 9.971425e-11, true = 9.971425e-11 (requested = 1.000000e-10)
PyQUDA INFO: Time = 0.217 secs, Performance = 8905.504 GFLOPS
GCR: Convergence at 17 iterations, L2 relative residual: iterated = 8.327722e-11, true = 8.327722e-11 (requested = 1.000000e-10)
PyQUDA INFO: Time = 0.218 secs, Performance = 8892.896 GFLOPS
GCR: Convergence at 17 iterations, L2 relative residual: iterated = 9.626546e-11, true = 9.626546e-11 (requested = 1.000000e-10)
PyQUDA INFO: Time = 0.222 secs, Performance = 8802.825 GFLOPS
GCR: Convergence at 17 iterations, L2 relative residual: iterated = 9.998147e-11, true = 9.998147e-11 (requested = 1.000000e-10)
PyQUDA INFO: Time = 0.218 secs, Performance = 8882.820 GFLOPS
GCR: Convergence at 17 iterations, L2 relative residual: iterated = 2.697198e-11, true = 2.697198e-11 (requested = 1.000000e-10)
PyQUDA INFO: Time = 0.224 secs, Performance = 8756.131 GFLOPS
GCR: Convergence at 17 iterations, L2 relative residual: iterated = 5.461918e-11, true = 5.461918e-11 (requested = 1.000000e-10)
PyQUDA INFO: Time = 0.223 secs, Performance = 8776.746 GFLOPS
GCR: Convergence at 17 iterations, L2 relative residual: iterated = 6.311638e-11, true = 6.311638e-11 (requested = 1.000000e-10)
PyQUDA INFO: Time = 0.218 secs, Performance = 8877.322 GFLOPS
GCR: Convergence at 17 iterations, L2 relative residual: iterated = 6.267860e-11, true = 6.267860e-11 (requested = 1.000000e-10)
PyQUDA INFO: Time = 0.218 secs, Performance = 8891.717 GFLOPS
GCR: Convergence at 17 iterations, L2 relative residual: iterated = 5.430681e-11, true = 5.430681e-11 (requested = 1.000000e-10)
PyQUDA INFO: Time = 0.223 secs, Performance = 8797.798 GFLOPS
GCR: Convergence at 17 iterations, L2 relative residual: iterated = 6.555798e-11, true = 6.555798e-11 (requested = 1.000000e-10)
PyQUDA INFO: Time = 0.218 secs, Performance = 8883.270 GFLOPS
GCR: Convergence at 17 iterations, L2 relative residual: iterated = 8.838583e-11, true = 8.838583e-11 (requested = 1.000000e-10)
PyQUDA INFO: Time = 0.223 secs, Performance = 8770.812 GFLOPS
GCR: Convergence at 17 iterations, L2 relative residual: iterated = 5.438353e-11, true = 5.438353e-11 (requested = 1.000000e-10)
PyQUDA INFO: Time = 0.223 secs, Performance = 8767.397 GFLOPS
GCR: Convergence at 17 iterations, L2 relative residual: iterated = 8.808144e-11, true = 8.808144e-11 (requested = 1.000000e-10)
PyQUDA INFO: Time = 0.218 secs, Performance = 8874.271 GFLOPS
GCR: Convergence at 17 iterations, L2 relative residual: iterated = 5.337298e-11, true = 5.337298e-11 (requested = 1.000000e-10)
PyQUDA INFO: Time = 0.222 secs, Performance = 8803.929 GFLOPS
GCR: Convergence at 17 iterations, L2 relative residual: iterated = 8.132286e-11, true = 8.132286e-11 (requested = 1.000000e-10)
PyQUDA INFO: Time = 0.218 secs, Performance = 8891.875 GFLOPS
GCR: Convergence at 17 iterations, L2 relative residual: iterated = 8.590445e-11, true = 8.590445e-11 (requested = 1.000000e-10)
PyQUDA INFO: Time = 0.223 secs, Performance = 8792.584 GFLOPS
PyQUDA INFO: INVERT 2 propagagors: 5.300722621001114 secs
PyQUDA INFO: DOING SINK GAUSSIAN SMEARING
PyQUDA INFO: SINK GAUSSIAN SMEAR: 0.7426364080001804 secs
PyQUDA INFO: GPU used 54.7 GB
PyQUDA INFO: CONTRACT ALL: 3.3276694630003476 secs
PyQUDA INFO: UNTIL CONTRACTION: 10.359884367999257 secs
PyQUDA INFO: INNER LOOP STARTS
PyQUDA INFO: SOURCE POSITION = [np.int64(0), np.int64(16), np.int64(0), np.int64(64)]
PyQUDA INFO: DOING SRC GAUSSIAN SMEARING
PyQUDA INFO: SOURCE GAUSSIAN SMEAR: 0.7571789680005168 secs
PyQUDA INFO: RELOADING GAUGE
PyQUDA INFO: RELOADING GAUGE: 0.2000167930000316 secs
PyQUDA INFO: SOLVING DIRAC EQ
GCR: Convergence at 17 iterations, L2 relative residual: iterated = 5.228646e-11, true = 5.228646e-11 (requested = 1.000000e-10)
PyQUDA INFO: Time = 0.215 secs, Performance = 8981.791 GFLOPS
GCR: Convergence at 17 iterations, L2 relative residual: iterated = 7.235387e-11, true = 7.235387e-11 (requested = 1.000000e-10)
PyQUDA INFO: Time = 0.218 secs, Performance = 8893.508 GFLOPS
GCR: Convergence at 17 iterations, L2 relative residual: iterated = 9.199310e-11, true = 9.199310e-11 (requested = 1.000000e-10)
PyQUDA INFO: Time = 0.218 secs, Performance = 8864.555 GFLOPS
GCR: Convergence at 17 iterations, L2 relative residual: iterated = 9.622976e-11, true = 9.622976e-11 (requested = 1.000000e-10)
PyQUDA INFO: Time = 0.217 secs, Performance = 8906.242 GFLOPS
GCR: Convergence at 17 iterations, L2 relative residual: iterated = 9.802991e-11, true = 9.802991e-11 (requested = 1.000000e-10)
PyQUDA INFO: Time = 0.217 secs, Performance = 8907.102 GFLOPS
GCR: Convergence at 17 iterations, L2 relative residual: iterated = 8.616786e-11, true = 8.616786e-11 (requested = 1.000000e-10)
PyQUDA INFO: Time = 0.222 secs, Performance = 8819.407 GFLOPS
GCR: Convergence at 17 iterations, L2 relative residual: iterated = 6.077686e-11, true = 6.077686e-11 (requested = 1.000000e-10)
PyQUDA INFO: Time = 0.222 secs, Performance = 8817.897 GFLOPS
GCR: Convergence at 17 iterations, L2 relative residual: iterated = 4.234088e-11, true = 4.234088e-11 (requested = 1.000000e-10)
PyQUDA INFO: Time = 0.223 secs, Performance = 8784.146 GFLOPS
GCR: Convergence at 17 iterations, L2 relative residual: iterated = 6.032848e-11, true = 6.032848e-11 (requested = 1.000000e-10)
PyQUDA INFO: Time = 0.223 secs, Performance = 8795.545 GFLOPS
GCR: Convergence at 17 iterations, L2 relative residual: iterated = 6.169328e-11, true = 6.169328e-11 (requested = 1.000000e-10)
PyQUDA INFO: Time = 0.222 secs, Performance = 8824.472 GFLOPS
GCR: Convergence at 17 iterations, L2 relative residual: iterated = 6.820079e-11, true = 6.820079e-11 (requested = 1.000000e-10)
PyQUDA INFO: Time = 0.218 secs, Performance = 8890.528 GFLOPS
GCR: Convergence at 17 iterations, L2 relative residual: iterated = 7.936416e-11, true = 7.936416e-11 (requested = 1.000000e-10)
PyQUDA INFO: Time = 0.222 secs, Performance = 8814.591 GFLOPS
GCR: Convergence at 18 iterations, L2 relative residual: iterated = 3.418495e-11, true = 3.418495e-11 (requested = 1.000000e-10)
PyQUDA INFO: Time = 0.229 secs, Performance = 8922.632 GFLOPS
GCR: Convergence at 17 iterations, L2 relative residual: iterated = 8.406446e-11, true = 8.406446e-11 (requested = 1.000000e-10)
PyQUDA INFO: Time = 0.222 secs, Performance = 8818.930 GFLOPS
GCR: Convergence at 18 iterations, L2 relative residual: iterated = 3.237792e-11, true = 3.237792e-11 (requested = 1.000000e-10)
PyQUDA INFO: Time = 0.228 secs, Performance = 8957.825 GFLOPS
GCR: Convergence at 18 iterations, L2 relative residual: iterated = 3.844692e-11, true = 3.844692e-11 (requested = 1.000000e-10)
PyQUDA INFO: Time = 0.228 secs, Performance = 8963.179 GFLOPS
GCR: Convergence at 17 iterations, L2 relative residual: iterated = 3.881606e-11, true = 3.881606e-11 (requested = 1.000000e-10)
PyQUDA INFO: Time = 0.223 secs, Performance = 8792.860 GFLOPS
GCR: Convergence at 17 iterations, L2 relative residual: iterated = 4.038685e-11, true = 4.038685e-11 (requested = 1.000000e-10)
PyQUDA INFO: Time = 0.222 secs, Performance = 8798.313 GFLOPS
GCR: Convergence at 17 iterations, L2 relative residual: iterated = 7.352526e-11, true = 7.352526e-11 (requested = 1.000000e-10)
PyQUDA INFO: Time = 0.222 secs, Performance = 8816.149 GFLOPS
GCR: Convergence at 17 iterations, L2 relative residual: iterated = 4.851803e-11, true = 4.851803e-11 (requested = 1.000000e-10)
PyQUDA INFO: Time = 0.223 secs, Performance = 8786.825 GFLOPS
GCR: Convergence at 17 iterations, L2 relative residual: iterated = 5.335169e-11, true = 5.335169e-11 (requested = 1.000000e-10)
PyQUDA INFO: Time = 0.222 secs, Performance = 8803.969 GFLOPS
GCR: Convergence at 17 iterations, L2 relative residual: iterated = 5.932073e-11, true = 5.932073e-11 (requested = 1.000000e-10)
PyQUDA INFO: Time = 0.222 secs, Performance = 8808.564 GFLOPS
GCR: Convergence at 17 iterations, L2 relative residual: iterated = 3.721837e-11, true = 3.721837e-11 (requested = 1.000000e-10)
PyQUDA INFO: Time = 0.223 secs, Performance = 8788.757 GFLOPS
GCR: Convergence at 17 iterations, L2 relative residual: iterated = 5.499212e-11, true = 5.499212e-11 (requested = 1.000000e-10)
PyQUDA INFO: Time = 0.223 secs, Performance = 8794.399 GFLOPS
PyQUDA INFO: INVERT 2 propagagors: 5.328691265000089 secs
PyQUDA INFO: DOING SINK GAUSSIAN SMEARING
PyQUDA INFO: SINK GAUSSIAN SMEAR: 0.7423957869996229 secs
PyQUDA INFO: GPU used 54.7 GB
PyQUDA INFO: CONTRACT ALL: 3.328401627000858 secs
PyQUDA INFO: UNTIL CONTRACTION: 10.392252507001103 secs
PyQUDA INFO: INNER LOOP STARTS
PyQUDA INFO: SOURCE POSITION = [np.int64(0), np.int64(16), np.int64(16), np.int64(64)]
PyQUDA INFO: DOING SRC GAUSSIAN SMEARING
PyQUDA INFO: SOURCE GAUSSIAN SMEAR: 0.757360810001046 secs
PyQUDA INFO: RELOADING GAUGE
PyQUDA INFO: RELOADING GAUGE: 0.1998518430009426 secs
PyQUDA INFO: SOLVING DIRAC EQ
GCR: Convergence at 17 iterations, L2 relative residual: iterated = 4.677143e-11, true = 4.677143e-11 (requested = 1.000000e-10)
PyQUDA INFO: Time = 0.221 secs, Performance = 8864.324 GFLOPS
GCR: Convergence at 17 iterations, L2 relative residual: iterated = 4.686288e-11, true = 4.686288e-11 (requested = 1.000000e-10)
PyQUDA INFO: Time = 0.222 secs, Performance = 8824.179 GFLOPS
GCR: Convergence at 17 iterations, L2 relative residual: iterated = 8.115474e-11, true = 8.115474e-11 (requested = 1.000000e-10)
PyQUDA INFO: Time = 0.222 secs, Performance = 8809.363 GFLOPS
GCR: Convergence at 17 iterations, L2 relative residual: iterated = 7.248674e-11, true = 7.248674e-11 (requested = 1.000000e-10)
PyQUDA INFO: Time = 0.217 secs, Performance = 8909.125 GFLOPS
GCR: Convergence at 17 iterations, L2 relative residual: iterated = 6.969290e-11, true = 6.969290e-11 (requested = 1.000000e-10)
PyQUDA INFO: Time = 0.223 secs, Performance = 8774.329 GFLOPS
GCR: Convergence at 17 iterations, L2 relative residual: iterated = 6.357255e-11, true = 6.357255e-11 (requested = 1.000000e-10)
PyQUDA INFO: Time = 0.223 secs, Performance = 8786.742 GFLOPS
GCR: Convergence at 17 iterations, L2 relative residual: iterated = 3.644566e-11, true = 3.644566e-11 (requested = 1.000000e-10)
PyQUDA INFO: Time = 0.223 secs, Performance = 8765.918 GFLOPS
GCR: Convergence at 17 iterations, L2 relative residual: iterated = 7.799356e-11, true = 7.799356e-11 (requested = 1.000000e-10)
PyQUDA INFO: Time = 0.222 secs, Performance = 8815.126 GFLOPS
GCR: Convergence at 17 iterations, L2 relative residual: iterated = 4.007306e-11, true = 4.007306e-11 (requested = 1.000000e-10)
PyQUDA INFO: Time = 0.222 secs, Performance = 8807.579 GFLOPS
GCR: Convergence at 18 iterations, L2 relative residual: iterated = 2.733357e-11, true = 2.733357e-11 (requested = 1.000000e-10)
PyQUDA INFO: Time = 0.227 secs, Performance = 8976.284 GFLOPS
GCR: Convergence at 17 iterations, L2 relative residual: iterated = 4.786264e-11, true = 4.786264e-11 (requested = 1.000000e-10)
PyQUDA INFO: Time = 0.221 secs, Performance = 8838.826 GFLOPS
GCR: Convergence at 17 iterations, L2 relative residual: iterated = 7.445722e-11, true = 7.445722e-11 (requested = 1.000000e-10)
PyQUDA INFO: Time = 0.218 secs, Performance = 8895.926 GFLOPS
GCR: Convergence at 17 iterations, L2 relative residual: iterated = 5.965083e-11, true = 5.965083e-11 (requested = 1.000000e-10)
PyQUDA INFO: Time = 0.227 secs, Performance = 8708.124 GFLOPS
GCR: Convergence at 17 iterations, L2 relative residual: iterated = 4.523480e-11, true = 4.523480e-11 (requested = 1.000000e-10)
PyQUDA INFO: Time = 0.223 secs, Performance = 8778.477 GFLOPS
GCR: Convergence at 17 iterations, L2 relative residual: iterated = 7.229977e-11, true = 7.229977e-11 (requested = 1.000000e-10)
PyQUDA INFO: Time = 0.222 secs, Performance = 8814.243 GFLOPS
GCR: Convergence at 17 iterations, L2 relative residual: iterated = 6.808467e-11, true = 6.808467e-11 (requested = 1.000000e-10)
PyQUDA INFO: Time = 0.223 secs, Performance = 8793.017 GFLOPS
GCR: Convergence at 17 iterations, L2 relative residual: iterated = 6.987690e-11, true = 6.987690e-11 (requested = 1.000000e-10)
PyQUDA INFO: Time = 0.226 secs, Performance = 8746.098 GFLOPS
GCR: Convergence at 17 iterations, L2 relative residual: iterated = 5.604413e-11, true = 5.604413e-11 (requested = 1.000000e-10)
PyQUDA INFO: Time = 0.222 secs, Performance = 8800.450 GFLOPS
GCR: Convergence at 17 iterations, L2 relative residual: iterated = 4.085063e-11, true = 4.085063e-11 (requested = 1.000000e-10)
PyQUDA INFO: Time = 0.222 secs, Performance = 8801.914 GFLOPS
GCR: Convergence at 17 iterations, L2 relative residual: iterated = 8.507044e-11, true = 8.507044e-11 (requested = 1.000000e-10)
PyQUDA INFO: Time = 0.222 secs, Performance = 8817.261 GFLOPS
GCR: Convergence at 17 iterations, L2 relative residual: iterated = 4.743509e-11, true = 4.743509e-11 (requested = 1.000000e-10)
PyQUDA INFO: Time = 0.221 secs, Performance = 8839.745 GFLOPS
GCR: Convergence at 17 iterations, L2 relative residual: iterated = 3.726729e-11, true = 3.726729e-11 (requested = 1.000000e-10)
PyQUDA INFO: Time = 0.223 secs, Performance = 8779.264 GFLOPS
GCR: Convergence at 17 iterations, L2 relative residual: iterated = 8.924313e-11, true = 8.924313e-11 (requested = 1.000000e-10)
PyQUDA INFO: Time = 0.218 secs, Performance = 8894.986 GFLOPS
GCR: Convergence at 17 iterations, L2 relative residual: iterated = 4.119073e-11, true = 4.119073e-11 (requested = 1.000000e-10)
PyQUDA INFO: Time = 0.222 secs, Performance = 8815.425 GFLOPS
PyQUDA INFO: INVERT 2 propagagors: 5.338438839000446 secs
PyQUDA INFO: DOING SINK GAUSSIAN SMEARING
PyQUDA INFO: SINK GAUSSIAN SMEAR: 0.7424660770011542 secs
PyQUDA INFO: GPU used 54.7 GB
PyQUDA INFO: CONTRACT ALL: 3.328567638000095 secs
PyQUDA INFO: UNTIL CONTRACTION: 10.401897251000264 secs
PyQUDA INFO: INNER LOOP STARTS
PyQUDA INFO: SOURCE POSITION = [np.int64(16), np.int64(0), np.int64(0), np.int64(64)]
PyQUDA INFO: DOING SRC GAUSSIAN SMEARING
PyQUDA INFO: SOURCE GAUSSIAN SMEAR: 0.7569467970006372 secs
PyQUDA INFO: RELOADING GAUGE
PyQUDA INFO: RELOADING GAUGE: 0.19676939599958132 secs
PyQUDA INFO: SOLVING DIRAC EQ
GCR: Convergence at 18 iterations, L2 relative residual: iterated = 3.147819e-11, true = 3.147819e-11 (requested = 1.000000e-10)
PyQUDA INFO: Time = 0.225 secs, Performance = 9049.200 GFLOPS
GCR: Convergence at 17 iterations, L2 relative residual: iterated = 7.951414e-11, true = 7.951414e-11 (requested = 1.000000e-10)
PyQUDA INFO: Time = 0.222 secs, Performance = 8818.034 GFLOPS
GCR: Convergence at 17 iterations, L2 relative residual: iterated = 7.645413e-11, true = 7.645413e-11 (requested = 1.000000e-10)
PyQUDA INFO: Time = 0.223 secs, Performance = 8798.272 GFLOPS
GCR: Convergence at 17 iterations, L2 relative residual: iterated = 7.560210e-11, true = 7.560210e-11 (requested = 1.000000e-10)
PyQUDA INFO: Time = 0.223 secs, Performance = 8796.098 GFLOPS
GCR: Convergence at 17 iterations, L2 relative residual: iterated = 9.988672e-11, true = 9.988672e-11 (requested = 1.000000e-10)
PyQUDA INFO: Time = 0.218 secs, Performance = 8890.732 GFLOPS
GCR: Convergence at 17 iterations, L2 relative residual: iterated = 7.233647e-11, true = 7.233647e-11 (requested = 1.000000e-10)
PyQUDA INFO: Time = 0.223 secs, Performance = 8791.872 GFLOPS
GCR: Convergence at 17 iterations, L2 relative residual: iterated = 8.920791e-11, true = 8.920791e-11 (requested = 1.000000e-10)
PyQUDA INFO: Time = 0.217 secs, Performance = 8909.111 GFLOPS
GCR: Convergence at 17 iterations, L2 relative residual: iterated = 6.065288e-11, true = 6.065288e-11 (requested = 1.000000e-10)
PyQUDA INFO: Time = 0.223 secs, Performance = 8768.535 GFLOPS
GCR: Convergence at 17 iterations, L2 relative residual: iterated = 3.734757e-11, true = 3.734757e-11 (requested = 1.000000e-10)
PyQUDA INFO: Time = 0.223 secs, Performance = 8799.063 GFLOPS
GCR: Convergence at 17 iterations, L2 relative residual: iterated = 3.775567e-11, true = 3.775567e-11 (requested = 1.000000e-10)
PyQUDA INFO: Time = 0.223 secs, Performance = 8792.268 GFLOPS
GCR: Convergence at 17 iterations, L2 relative residual: iterated = 5.484510e-11, true = 5.484510e-11 (requested = 1.000000e-10)
PyQUDA INFO: Time = 0.218 secs, Performance = 8877.892 GFLOPS
GCR: Convergence at 17 iterations, L2 relative residual: iterated = 4.800640e-11, true = 4.800640e-11 (requested = 1.000000e-10)
PyQUDA INFO: Time = 0.222 secs, Performance = 8809.713 GFLOPS
GCR: Convergence at 17 iterations, L2 relative residual: iterated = 9.480994e-11, true = 9.480994e-11 (requested = 1.000000e-10)
PyQUDA INFO: Time = 0.218 secs, Performance = 8863.710 GFLOPS
GCR: Convergence at 17 iterations, L2 relative residual: iterated = 7.533263e-11, true = 7.533263e-11 (requested = 1.000000e-10)
PyQUDA INFO: Time = 0.223 secs, Performance = 8774.986 GFLOPS
GCR: Convergence at 17 iterations, L2 relative residual: iterated = 8.315942e-11, true = 8.315942e-11 (requested = 1.000000e-10)
PyQUDA INFO: Time = 0.222 secs, Performance = 8803.181 GFLOPS
GCR: Convergence at 17 iterations, L2 relative residual: iterated = 7.666475e-11, true = 7.666475e-11 (requested = 1.000000e-10)
PyQUDA INFO: Time = 0.223 secs, Performance = 8791.201 GFLOPS
GCR: Convergence at 17 iterations, L2 relative residual: iterated = 6.488095e-11, true = 6.488095e-11 (requested = 1.000000e-10)
PyQUDA INFO: Time = 0.218 secs, Performance = 8894.863 GFLOPS
GCR: Convergence at 18 iterations, L2 relative residual: iterated = 2.803461e-11, true = 2.803461e-11 (requested = 1.000000e-10)
PyQUDA INFO: Time = 0.233 secs, Performance = 8839.343 GFLOPS
GCR: Convergence at 17 iterations, L2 relative residual: iterated = 5.259677e-11, true = 5.259677e-11 (requested = 1.000000e-10)
PyQUDA INFO: Time = 0.223 secs, Performance = 8797.719 GFLOPS
GCR: Convergence at 18 iterations, L2 relative residual: iterated = 2.878369e-11, true = 2.878369e-11 (requested = 1.000000e-10)
PyQUDA INFO: Time = 0.227 secs, Performance = 8963.334 GFLOPS
GCR: Convergence at 17 iterations, L2 relative residual: iterated = 6.582842e-11, true = 6.582842e-11 (requested = 1.000000e-10)
PyQUDA INFO: Time = 0.217 secs, Performance = 8909.152 GFLOPS
GCR: Convergence at 17 iterations, L2 relative residual: iterated = 8.244785e-11, true = 8.244785e-11 (requested = 1.000000e-10)
PyQUDA INFO: Time = 0.217 secs, Performance = 8911.121 GFLOPS
GCR: Convergence at 17 iterations, L2 relative residual: iterated = 7.867921e-11, true = 7.867921e-11 (requested = 1.000000e-10)
PyQUDA INFO: Time = 0.217 secs, Performance = 8907.922 GFLOPS
GCR: Convergence at 17 iterations, L2 relative residual: iterated = 6.482432e-11, true = 6.482432e-11 (requested = 1.000000e-10)
PyQUDA INFO: Time = 0.219 secs, Performance = 8862.583 GFLOPS
PyQUDA INFO: INVERT 2 propagagors: 5.323002703999009 secs
PyQUDA INFO: DOING SINK GAUSSIAN SMEARING
PyQUDA INFO: SINK GAUSSIAN SMEAR: 0.7421117550002236 secs
PyQUDA INFO: GPU used 54.7 GB
PyQUDA INFO: CONTRACT ALL: 3.328808828999172 secs
PyQUDA INFO: UNTIL CONTRACTION: 10.383281956999781 secs
PyQUDA INFO: INNER LOOP STARTS
PyQUDA INFO: SOURCE POSITION = [np.int64(16), np.int64(0), np.int64(16), np.int64(64)]
PyQUDA INFO: DOING SRC GAUSSIAN SMEARING
PyQUDA INFO: SOURCE GAUSSIAN SMEAR: 0.7555814989991632 secs
PyQUDA INFO: RELOADING GAUGE
PyQUDA INFO: RELOADING GAUGE: 0.1957070799999201 secs
PyQUDA INFO: SOLVING DIRAC EQ
GCR: Convergence at 17 iterations, L2 relative residual: iterated = 5.394590e-11, true = 5.394590e-11 (requested = 1.000000e-10)
PyQUDA INFO: Time = 0.223 secs, Performance = 8796.965 GFLOPS
GCR: Convergence at 17 iterations, L2 relative residual: iterated = 5.298514e-11, true = 5.298514e-11 (requested = 1.000000e-10)
PyQUDA INFO: Time = 0.223 secs, Performance = 8780.602 GFLOPS
GCR: Convergence at 17 iterations, L2 relative residual: iterated = 8.691784e-11, true = 8.691784e-11 (requested = 1.000000e-10)
PyQUDA INFO: Time = 0.218 secs, Performance = 8875.697 GFLOPS
GCR: Convergence at 18 iterations, L2 relative residual: iterated = 3.978746e-11, true = 3.978746e-11 (requested = 1.000000e-10)
PyQUDA INFO: Time = 0.228 secs, Performance = 8934.828 GFLOPS
GCR: Convergence at 17 iterations, L2 relative residual: iterated = 8.809869e-11, true = 8.809869e-11 (requested = 1.000000e-10)
PyQUDA INFO: Time = 0.219 secs, Performance = 8858.409 GFLOPS
GCR: Convergence at 17 iterations, L2 relative residual: iterated = 6.953851e-11, true = 6.953851e-11 (requested = 1.000000e-10)
PyQUDA INFO: Time = 0.218 secs, Performance = 8867.485 GFLOPS
GCR: Convergence at 17 iterations, L2 relative residual: iterated = 9.939928e-11, true = 9.939928e-11 (requested = 1.000000e-10)
PyQUDA INFO: Time = 0.218 secs, Performance = 8882.291 GFLOPS
GCR: Convergence at 17 iterations, L2 relative residual: iterated = 7.825032e-11, true = 7.825032e-11 (requested = 1.000000e-10)
PyQUDA INFO: Time = 0.218 secs, Performance = 8868.906 GFLOPS
GCR: Convergence at 17 iterations, L2 relative residual: iterated = 7.403672e-11, true = 7.403672e-11 (requested = 1.000000e-10)
PyQUDA INFO: Time = 0.218 secs, Performance = 8892.003 GFLOPS
GCR: Convergence at 17 iterations, L2 relative residual: iterated = 6.891239e-11, true = 6.891239e-11 (requested = 1.000000e-10)
PyQUDA INFO: Time = 0.218 secs, Performance = 8897.390 GFLOPS
GCR: Convergence at 17 iterations, L2 relative residual: iterated = 6.716486e-11, true = 6.716486e-11 (requested = 1.000000e-10)
PyQUDA INFO: Time = 0.218 secs, Performance = 8892.365 GFLOPS
GCR: Convergence at 17 iterations, L2 relative residual: iterated = 6.550296e-11, true = 6.550296e-11 (requested = 1.000000e-10)
PyQUDA INFO: Time = 0.223 secs, Performance = 8778.988 GFLOPS
GCR: Convergence at 17 iterations, L2 relative residual: iterated = 6.403869e-11, true = 6.403869e-11 (requested = 1.000000e-10)
PyQUDA INFO: Time = 0.224 secs, Performance = 8740.039 GFLOPS
GCR: Convergence at 17 iterations, L2 relative residual: iterated = 6.789728e-11, true = 6.789728e-11 (requested = 1.000000e-10)
PyQUDA INFO: Time = 0.218 secs, Performance = 8900.989 GFLOPS
GCR: Convergence at 18 iterations, L2 relative residual: iterated = 3.140591e-11, true = 3.140591e-11 (requested = 1.000000e-10)
PyQUDA INFO: Time = 0.228 secs, Performance = 8951.809 GFLOPS
GCR: Convergence at 17 iterations, L2 relative residual: iterated = 7.381608e-11, true = 7.381608e-11 (requested = 1.000000e-10)
PyQUDA INFO: Time = 0.218 secs, Performance = 8883.390 GFLOPS
GCR: Convergence at 17 iterations, L2 relative residual: iterated = 6.071076e-11, true = 6.071076e-11 (requested = 1.000000e-10)
PyQUDA INFO: Time = 0.218 secs, Performance = 8895.354 GFLOPS
GCR: Convergence at 18 iterations, L2 relative residual: iterated = 3.921326e-11, true = 3.921326e-11 (requested = 1.000000e-10)
PyQUDA INFO: Time = 0.228 secs, Performance = 8951.495 GFLOPS
GCR: Convergence at 17 iterations, L2 relative residual: iterated = 7.188999e-11, true = 7.188999e-11 (requested = 1.000000e-10)
PyQUDA INFO: Time = 0.218 secs, Performance = 8886.162 GFLOPS
GCR: Convergence at 18 iterations, L2 relative residual: iterated = 2.722192e-11, true = 2.722192e-11 (requested = 1.000000e-10)
PyQUDA INFO: Time = 0.227 secs, Performance = 8965.187 GFLOPS
GCR: Convergence at 17 iterations, L2 relative residual: iterated = 9.160385e-11, true = 9.160385e-11 (requested = 1.000000e-10)
PyQUDA INFO: Time = 0.218 secs, Performance = 8875.003 GFLOPS
GCR: Convergence at 17 iterations, L2 relative residual: iterated = 5.791264e-11, true = 5.791264e-11 (requested = 1.000000e-10)
PyQUDA INFO: Time = 0.223 secs, Performance = 8788.636 GFLOPS
GCR: Convergence at 17 iterations, L2 relative residual: iterated = 7.142443e-11, true = 7.142443e-11 (requested = 1.000000e-10)
PyQUDA INFO: Time = 0.219 secs, Performance = 8857.842 GFLOPS
GCR: Convergence at 18 iterations, L2 relative residual: iterated = 3.568252e-11, true = 3.568252e-11 (requested = 1.000000e-10)
PyQUDA INFO: Time = 0.228 secs, Performance = 8958.017 GFLOPS
PyQUDA INFO: INVERT 2 propagagors: 5.31297044799976 secs
PyQUDA INFO: DOING SINK GAUSSIAN SMEARING
PyQUDA INFO: SINK GAUSSIAN SMEAR: 0.7429424299989478 secs
PyQUDA INFO: GPU used 54.7 GB
PyQUDA INFO: CONTRACT ALL: 3.3284721470008662 secs
PyQUDA INFO: UNTIL CONTRACTION: 10.371470812000553 secs
PyQUDA INFO: INNER LOOP STARTS
PyQUDA INFO: SOURCE POSITION = [np.int64(16), np.int64(16), np.int64(0), np.int64(64)]
PyQUDA INFO: DOING SRC GAUSSIAN SMEARING
PyQUDA INFO: SOURCE GAUSSIAN SMEAR: 0.7564673739998398 secs
PyQUDA INFO: RELOADING GAUGE
PyQUDA INFO: RELOADING GAUGE: 0.19906019800146169 secs
PyQUDA INFO: SOLVING DIRAC EQ
GCR: Convergence at 17 iterations, L2 relative residual: iterated = 6.175382e-11, true = 6.175382e-11 (requested = 1.000000e-10)
PyQUDA INFO: Time = 0.220 secs, Performance = 8913.063 GFLOPS
GCR: Convergence at 17 iterations, L2 relative residual: iterated = 5.094162e-11, true = 5.094162e-11 (requested = 1.000000e-10)
PyQUDA INFO: Time = 0.227 secs, Performance = 8710.311 GFLOPS
GCR: Convergence at 17 iterations, L2 relative residual: iterated = 7.537984e-11, true = 7.537984e-11 (requested = 1.000000e-10)
PyQUDA INFO: Time = 0.218 secs, Performance = 8896.532 GFLOPS
GCR: Convergence at 17 iterations, L2 relative residual: iterated = 6.898120e-11, true = 6.898120e-11 (requested = 1.000000e-10)
PyQUDA INFO: Time = 0.218 secs, Performance = 8894.039 GFLOPS
GCR: Convergence at 17 iterations, L2 relative residual: iterated = 9.391795e-11, true = 9.391795e-11 (requested = 1.000000e-10)
PyQUDA INFO: Time = 0.218 secs, Performance = 8879.684 GFLOPS
GCR: Convergence at 18 iterations, L2 relative residual: iterated = 3.143736e-11, true = 3.143736e-11 (requested = 1.000000e-10)
PyQUDA INFO: Time = 0.231 secs, Performance = 8905.117 GFLOPS
GCR: Convergence at 17 iterations, L2 relative residual: iterated = 5.774275e-11, true = 5.774275e-11 (requested = 1.000000e-10)
PyQUDA INFO: Time = 0.218 secs, Performance = 8887.386 GFLOPS
GCR: Convergence at 17 iterations, L2 relative residual: iterated = 7.230820e-11, true = 7.230820e-11 (requested = 1.000000e-10)
PyQUDA INFO: Time = 0.219 secs, Performance = 8861.245 GFLOPS
GCR: Convergence at 17 iterations, L2 relative residual: iterated = 5.905977e-11, true = 5.905977e-11 (requested = 1.000000e-10)
PyQUDA INFO: Time = 0.219 secs, Performance = 8861.934 GFLOPS
GCR: Convergence at 17 iterations, L2 relative residual: iterated = 5.274398e-11, true = 5.274398e-11 (requested = 1.000000e-10)
PyQUDA INFO: Time = 0.222 secs, Performance = 8809.594 GFLOPS
GCR: Convergence at 17 iterations, L2 relative residual: iterated = 6.235962e-11, true = 6.235962e-11 (requested = 1.000000e-10)
PyQUDA INFO: Time = 0.222 secs, Performance = 8826.090 GFLOPS
GCR: Convergence at 17 iterations, L2 relative residual: iterated = 7.056832e-11, true = 7.056832e-11 (requested = 1.000000e-10)
PyQUDA INFO: Time = 0.216 secs, Performance = 8943.639 GFLOPS
GCR: Convergence at 17 iterations, L2 relative residual: iterated = 9.862957e-11, true = 9.862957e-11 (requested = 1.000000e-10)
PyQUDA INFO: Time = 0.218 secs, Performance = 8876.914 GFLOPS
GCR: Convergence at 18 iterations, L2 relative residual: iterated = 3.445949e-11, true = 3.445949e-11 (requested = 1.000000e-10)
PyQUDA INFO: Time = 0.232 secs, Performance = 8868.652 GFLOPS
GCR: Convergence at 17 iterations, L2 relative residual: iterated = 4.964006e-11, true = 4.964006e-11 (requested = 1.000000e-10)
PyQUDA INFO: Time = 0.223 secs, Performance = 8794.913 GFLOPS
GCR: Convergence at 17 iterations, L2 relative residual: iterated = 5.865547e-11, true = 5.865547e-11 (requested = 1.000000e-10)
PyQUDA INFO: Time = 0.222 secs, Performance = 8808.762 GFLOPS
GCR: Convergence at 18 iterations, L2 relative residual: iterated = 3.060120e-11, true = 3.060120e-11 (requested = 1.000000e-10)
PyQUDA INFO: Time = 0.233 secs, Performance = 8860.387 GFLOPS
GCR: Convergence at 18 iterations, L2 relative residual: iterated = 3.180749e-11, true = 3.180749e-11 (requested = 1.000000e-10)
PyQUDA INFO: Time = 0.228 secs, Performance = 8937.974 GFLOPS
GCR: Convergence at 17 iterations, L2 relative residual: iterated = 8.045134e-11, true = 8.045134e-11 (requested = 1.000000e-10)
PyQUDA INFO: Time = 0.222 secs, Performance = 8825.453 GFLOPS
GCR: Convergence at 17 iterations, L2 relative residual: iterated = 4.832421e-11, true = 4.832421e-11 (requested = 1.000000e-10)
PyQUDA INFO: Time = 0.217 secs, Performance = 8899.076 GFLOPS
GCR: Convergence at 18 iterations, L2 relative residual: iterated = 2.779751e-11, true = 2.779751e-11 (requested = 1.000000e-10)
PyQUDA INFO: Time = 0.232 secs, Performance = 8877.628 GFLOPS
GCR: Convergence at 18 iterations, L2 relative residual: iterated = 3.025229e-11, true = 3.025229e-11 (requested = 1.000000e-10)
PyQUDA INFO: Time = 0.228 secs, Performance = 8942.243 GFLOPS
GCR: Convergence at 17 iterations, L2 relative residual: iterated = 8.954019e-11, true = 8.954019e-11 (requested = 1.000000e-10)
PyQUDA INFO: Time = 0.217 secs, Performance = 8906.254 GFLOPS
GCR: Convergence at 17 iterations, L2 relative residual: iterated = 4.753207e-11, true = 4.753207e-11 (requested = 1.000000e-10)
PyQUDA INFO: Time = 0.218 secs, Performance = 8887.790 GFLOPS
PyQUDA INFO: INVERT 2 propagagors: 5.343628238000747 secs
PyQUDA INFO: DOING SINK GAUSSIAN SMEARING
PyQUDA INFO: SINK GAUSSIAN SMEAR: 0.7439822050000657 secs
PyQUDA INFO: GPU used 54.7 GB
PyQUDA INFO: CONTRACT ALL: 3.3280028850003873 secs
PyQUDA INFO: UNTIL CONTRACTION: 10.406408275001013 secs
PyQUDA INFO: INNER LOOP STARTS
PyQUDA INFO: SOURCE POSITION = [np.int64(16), np.int64(16), np.int64(16), np.int64(64)]
PyQUDA INFO: DOING SRC GAUSSIAN SMEARING
PyQUDA INFO: SOURCE GAUSSIAN SMEAR: 0.7566430099996069 secs
PyQUDA INFO: RELOADING GAUGE
PyQUDA INFO: RELOADING GAUGE: 0.19440628399934212 secs
PyQUDA INFO: SOLVING DIRAC EQ
GCR: Convergence at 17 iterations, L2 relative residual: iterated = 7.183441e-11, true = 7.183441e-11 (requested = 1.000000e-10)
PyQUDA INFO: Time = 0.217 secs, Performance = 8905.124 GFLOPS
GCR: Convergence at 17 iterations, L2 relative residual: iterated = 6.185076e-11, true = 6.185076e-11 (requested = 1.000000e-10)
PyQUDA INFO: Time = 0.223 secs, Performance = 8782.998 GFLOPS
GCR: Convergence at 17 iterations, L2 relative residual: iterated = 3.766071e-11, true = 3.766071e-11 (requested = 1.000000e-10)
PyQUDA INFO: Time = 0.222 secs, Performance = 8806.747 GFLOPS
GCR: Convergence at 17 iterations, L2 relative residual: iterated = 5.263729e-11, true = 5.263729e-11 (requested = 1.000000e-10)
PyQUDA INFO: Time = 0.218 secs, Performance = 8875.003 GFLOPS
GCR: Convergence at 17 iterations, L2 relative residual: iterated = 6.235488e-11, true = 6.235488e-11 (requested = 1.000000e-10)
PyQUDA INFO: Time = 0.218 secs, Performance = 8876.142 GFLOPS
GCR: Convergence at 17 iterations, L2 relative residual: iterated = 5.902248e-11, true = 5.902248e-11 (requested = 1.000000e-10)
PyQUDA INFO: Time = 0.223 secs, Performance = 8793.648 GFLOPS
GCR: Convergence at 17 iterations, L2 relative residual: iterated = 9.026131e-11, true = 9.026131e-11 (requested = 1.000000e-10)
PyQUDA INFO: Time = 0.222 secs, Performance = 8797.443 GFLOPS
GCR: Convergence at 17 iterations, L2 relative residual: iterated = 9.370114e-11, true = 9.370114e-11 (requested = 1.000000e-10)
PyQUDA INFO: Time = 0.217 secs, Performance = 8897.407 GFLOPS
GCR: Convergence at 17 iterations, L2 relative residual: iterated = 8.529496e-11, true = 8.529496e-11 (requested = 1.000000e-10)
PyQUDA INFO: Time = 0.223 secs, Performance = 8768.692 GFLOPS
GCR: Convergence at 17 iterations, L2 relative residual: iterated = 9.517118e-11, true = 9.517118e-11 (requested = 1.000000e-10)
PyQUDA INFO: Time = 0.222 secs, Performance = 8804.607 GFLOPS
GCR: Convergence at 18 iterations, L2 relative residual: iterated = 3.113620e-11, true = 3.113620e-11 (requested = 1.000000e-10)
PyQUDA INFO: Time = 0.228 secs, Performance = 8959.986 GFLOPS
GCR: Convergence at 18 iterations, L2 relative residual: iterated = 2.682278e-11, true = 2.682278e-11 (requested = 1.000000e-10)
PyQUDA INFO: Time = 0.232 secs, Performance = 8870.900 GFLOPS
GCR: Convergence at 17 iterations, L2 relative residual: iterated = 8.698961e-11, true = 8.698961e-11 (requested = 1.000000e-10)
PyQUDA INFO: Time = 0.219 secs, Performance = 8854.619 GFLOPS
GCR: Convergence at 17 iterations, L2 relative residual: iterated = 7.944089e-11, true = 7.944089e-11 (requested = 1.000000e-10)
PyQUDA INFO: Time = 0.223 secs, Performance = 8786.664 GFLOPS
GCR: Convergence at 17 iterations, L2 relative residual: iterated = 5.587240e-11, true = 5.587240e-11 (requested = 1.000000e-10)
PyQUDA INFO: Time = 0.223 secs, Performance = 8779.965 GFLOPS
GCR: Convergence at 17 iterations, L2 relative residual: iterated = 5.964711e-11, true = 5.964711e-11 (requested = 1.000000e-10)
PyQUDA INFO: Time = 0.223 secs, Performance = 8789.306 GFLOPS
GCR: Convergence at 17 iterations, L2 relative residual: iterated = 6.312653e-11, true = 6.312653e-11 (requested = 1.000000e-10)
PyQUDA INFO: Time = 0.218 secs, Performance = 8883.596 GFLOPS
GCR: Convergence at 17 iterations, L2 relative residual: iterated = 9.192463e-11, true = 9.192463e-11 (requested = 1.000000e-10)
PyQUDA INFO: Time = 0.217 secs, Performance = 8896.547 GFLOPS
GCR: Convergence at 17 iterations, L2 relative residual: iterated = 7.911808e-11, true = 7.911808e-11 (requested = 1.000000e-10)
PyQUDA INFO: Time = 0.223 secs, Performance = 8789.501 GFLOPS
GCR: Convergence at 17 iterations, L2 relative residual: iterated = 7.410908e-11, true = 7.410908e-11 (requested = 1.000000e-10)
PyQUDA INFO: Time = 0.219 secs, Performance = 8861.925 GFLOPS
GCR: Convergence at 17 iterations, L2 relative residual: iterated = 5.986465e-11, true = 5.986465e-11 (requested = 1.000000e-10)
PyQUDA INFO: Time = 0.223 secs, Performance = 8777.525 GFLOPS
GCR: Convergence at 17 iterations, L2 relative residual: iterated = 6.586886e-11, true = 6.586886e-11 (requested = 1.000000e-10)
PyQUDA INFO: Time = 0.223 secs, Performance = 8781.619 GFLOPS
GCR: Convergence at 17 iterations, L2 relative residual: iterated = 6.635376e-11, true = 6.635376e-11 (requested = 1.000000e-10)
PyQUDA INFO: Time = 0.223 secs, Performance = 8793.174 GFLOPS
GCR: Convergence at 17 iterations, L2 relative residual: iterated = 7.615971e-11, true = 7.615971e-11 (requested = 1.000000e-10)
PyQUDA INFO: Time = 0.223 secs, Performance = 8789.425 GFLOPS
PyQUDA INFO: INVERT 2 propagagors: 5.327376200999424 secs
PyQUDA INFO: DOING SINK GAUSSIAN SMEARING
PyQUDA INFO: SINK GAUSSIAN SMEAR: 0.7419051969991415 secs
PyQUDA INFO: GPU used 54.7 GB
PyQUDA INFO: CONTRACT ALL: 3.3287885789995926 secs
PyQUDA INFO: UNTIL CONTRACTION: 10.38443175700013 secs
PyQUDA INFO: SAVING SECTION:0.5906704049994005 secs
PyQUDA INFO: READ GAUGE #234: 2.9187145510004484 secs
PyQUDA INFO: DOING HYP SMEARING
PyQUDA INFO: plaq_hyp_before = [0.5839709641727673, 0.5839715535147699, 0.5839703748307647]
performGaugeSmearQuda: step 000 plaquette (mean 5.8397096417276728e-01, spatial 5.8397155351476993e-01 temporal 5.8397037483076475e-01) Q charge = -4.6134678849334207e+00
PyQUDA INFO: plaq_hyp_after = [0.946118512451033, 0.946121231807008, 0.9461157930950578]
PyQUDA INFO: HYP SMEAR: 0.4614443980008218 secs
PyQUDA INFO: DOING APE SMEARING
PyQUDA INFO: plaq_ape_before = [0.5839709641727673, 0.5839715535147699, 0.5839703748307647]
performGaugeSmearQuda: step 000 plaquette (mean 5.8397096417276728e-01, spatial 5.8397155351476993e-01 temporal 5.8397037483076475e-01) Q charge = -4.6134678849334207e+00
PyQUDA INFO: plaq_ape_after = [0.8194203507546614, 0.998848126500461, 0.6399925750088618]
PyQUDA INFO: APE SMEAR: 0.5588983459983865 secs
PyQUDA INFO: INNER LOOP STARTS
PyQUDA INFO: SOURCE POSITION = [np.int64(15), np.int64(15), np.int64(15), np.int64(25)]
PyQUDA INFO: DOING SRC GAUSSIAN SMEARING
PyQUDA INFO: SOURCE GAUSSIAN SMEAR: 0.758622519999335 secs
PyQUDA INFO: RELOADING GAUGE
PyQUDA INFO: RELOADING GAUGE: 0.19886328899883665 secs
PyQUDA INFO: SOLVING DIRAC EQ
GCR: Convergence at 20 iterations, L2 relative residual: iterated = 4.277354e-11, true = 4.277354e-11 (requested = 1.000000e-10)
PyQUDA INFO: Time = 0.225 secs, Performance = 9468.134 GFLOPS
GCR: Convergence at 20 iterations, L2 relative residual: iterated = 7.920868e-11, true = 7.920868e-11 (requested = 1.000000e-10)
PyQUDA INFO: Time = 0.230 secs, Performance = 9271.598 GFLOPS
GCR: Convergence at 19 iterations, L2 relative residual: iterated = 9.553767e-11, true = 9.553767e-11 (requested = 1.000000e-10)
PyQUDA INFO: Time = 0.215 secs, Performance = 9404.979 GFLOPS
GCR: Convergence at 19 iterations, L2 relative residual: iterated = 9.342595e-11, true = 9.342595e-11 (requested = 1.000000e-10)
PyQUDA INFO: Time = 0.216 secs, Performance = 9352.200 GFLOPS
GCR: Convergence at 20 iterations, L2 relative residual: iterated = 3.412556e-11, true = 3.412556e-11 (requested = 1.000000e-10)
PyQUDA INFO: Time = 0.226 secs, Performance = 9398.500 GFLOPS
GCR: Convergence at 20 iterations, L2 relative residual: iterated = 4.436285e-11, true = 4.436285e-11 (requested = 1.000000e-10)
PyQUDA INFO: Time = 0.227 secs, Performance = 9375.584 GFLOPS
GCR: Convergence at 20 iterations, L2 relative residual: iterated = 6.890376e-11, true = 6.890376e-11 (requested = 1.000000e-10)
PyQUDA INFO: Time = 0.228 secs, Performance = 9355.787 GFLOPS
GCR: Convergence at 20 iterations, L2 relative residual: iterated = 4.641983e-11, true = 4.641983e-11 (requested = 1.000000e-10)
PyQUDA INFO: Time = 0.228 secs, Performance = 9348.556 GFLOPS
GCR: Convergence at 20 iterations, L2 relative residual: iterated = 5.277911e-11, true = 5.277911e-11 (requested = 1.000000e-10)
PyQUDA INFO: Time = 0.227 secs, Performance = 9358.214 GFLOPS
GCR: Convergence at 20 iterations, L2 relative residual: iterated = 7.245604e-11, true = 7.245604e-11 (requested = 1.000000e-10)
PyQUDA INFO: Time = 0.227 secs, Performance = 9357.720 GFLOPS
GCR: Convergence at 20 iterations, L2 relative residual: iterated = 6.343254e-11, true = 6.343254e-11 (requested = 1.000000e-10)
PyQUDA INFO: Time = 0.227 secs, Performance = 9357.268 GFLOPS
GCR: Convergence at 20 iterations, L2 relative residual: iterated = 3.505442e-11, true = 3.505442e-11 (requested = 1.000000e-10)
PyQUDA INFO: Time = 0.227 secs, Performance = 9359.078 GFLOPS
GCR: Convergence at 20 iterations, L2 relative residual: iterated = 5.635044e-11, true = 5.635044e-11 (requested = 1.000000e-10)
PyQUDA INFO: Time = 0.228 secs, Performance = 9339.863 GFLOPS
GCR: Convergence at 20 iterations, L2 relative residual: iterated = 4.151469e-11, true = 4.151469e-11 (requested = 1.000000e-10)
PyQUDA INFO: Time = 0.228 secs, Performance = 9331.998 GFLOPS
GCR: Convergence at 20 iterations, L2 relative residual: iterated = 4.033269e-11, true = 4.033269e-11 (requested = 1.000000e-10)
PyQUDA INFO: Time = 0.227 secs, Performance = 9381.620 GFLOPS
GCR: Convergence at 20 iterations, L2 relative residual: iterated = 7.882767e-11, true = 7.882767e-11 (requested = 1.000000e-10)
PyQUDA INFO: Time = 0.227 secs, Performance = 9388.598 GFLOPS
GCR: Convergence at 20 iterations, L2 relative residual: iterated = 4.469407e-11, true = 4.469407e-11 (requested = 1.000000e-10)
PyQUDA INFO: Time = 0.226 secs, Performance = 9404.903 GFLOPS
GCR: Convergence at 20 iterations, L2 relative residual: iterated = 7.996798e-11, true = 7.996798e-11 (requested = 1.000000e-10)
PyQUDA INFO: Time = 0.228 secs, Performance = 9352.211 GFLOPS
GCR: Convergence at 20 iterations, L2 relative residual: iterated = 4.035259e-11, true = 4.035259e-11 (requested = 1.000000e-10)
PyQUDA INFO: Time = 0.229 secs, Performance = 9322.811 GFLOPS
GCR: Convergence at 20 iterations, L2 relative residual: iterated = 6.168864e-11, true = 6.168864e-11 (requested = 1.000000e-10)
PyQUDA INFO: Time = 0.227 secs, Performance = 9370.052 GFLOPS
GCR: Convergence at 20 iterations, L2 relative residual: iterated = 6.558586e-11, true = 6.558586e-11 (requested = 1.000000e-10)
PyQUDA INFO: Time = 0.229 secs, Performance = 9282.415 GFLOPS
GCR: Convergence at 20 iterations, L2 relative residual: iterated = 6.640559e-11, true = 6.640559e-11 (requested = 1.000000e-10)
PyQUDA INFO: Time = 0.227 secs, Performance = 9378.601 GFLOPS
GCR: Convergence at 20 iterations, L2 relative residual: iterated = 4.749974e-11, true = 4.749974e-11 (requested = 1.000000e-10)
PyQUDA INFO: Time = 0.228 secs, Performance = 9344.816 GFLOPS
GCR: Convergence at 20 iterations, L2 relative residual: iterated = 5.367943e-11, true = 5.367943e-11 (requested = 1.000000e-10)
PyQUDA INFO: Time = 0.228 secs, Performance = 9349.288 GFLOPS
PyQUDA INFO: INVERT 2 propagagors: 5.4395433429999684 secs
PyQUDA INFO: DOING SINK GAUSSIAN SMEARING
PyQUDA INFO: SINK GAUSSIAN SMEAR: 0.7468122440004663 secs
PyQUDA INFO: GPU used 59.1 GB
PyQUDA INFO: CONTRACT ALL: 3.327662252999289 secs
PyQUDA INFO: UNTIL CONTRACTION: 10.50736721300018 secs
PyQUDA INFO: INNER LOOP STARTS
PyQUDA INFO: SOURCE POSITION = [np.int64(15), np.int64(15), np.int64(31), np.int64(25)]
PyQUDA INFO: DOING SRC GAUSSIAN SMEARING
PyQUDA INFO: SOURCE GAUSSIAN SMEAR: 0.7542217160007567 secs
PyQUDA INFO: RELOADING GAUGE
PyQUDA INFO: RELOADING GAUGE: 0.20362646600005974 secs
PyQUDA INFO: SOLVING DIRAC EQ
GCR: Convergence at 20 iterations, L2 relative residual: iterated = 4.567050e-11, true = 4.567050e-11 (requested = 1.000000e-10)
PyQUDA INFO: Time = 0.224 secs, Performance = 9477.733 GFLOPS
GCR: Convergence at 20 iterations, L2 relative residual: iterated = 4.796361e-11, true = 4.796361e-11 (requested = 1.000000e-10)
PyQUDA INFO: Time = 0.227 secs, Performance = 9358.173 GFLOPS
GCR: Convergence at 20 iterations, L2 relative residual: iterated = 4.234963e-11, true = 4.234963e-11 (requested = 1.000000e-10)
PyQUDA INFO: Time = 0.226 secs, Performance = 9396.977 GFLOPS
GCR: Convergence at 20 iterations, L2 relative residual: iterated = 3.572671e-11, true = 3.572671e-11 (requested = 1.000000e-10)
PyQUDA INFO: Time = 0.227 secs, Performance = 9363.730 GFLOPS
GCR: Convergence at 20 iterations, L2 relative residual: iterated = 3.976785e-11, true = 3.976785e-11 (requested = 1.000000e-10)
PyQUDA INFO: Time = 0.227 secs, Performance = 9364.183 GFLOPS
GCR: Convergence at 20 iterations, L2 relative residual: iterated = 4.464978e-11, true = 4.464978e-11 (requested = 1.000000e-10)
PyQUDA INFO: Time = 0.227 secs, Performance = 9369.722 GFLOPS
GCR: Convergence at 20 iterations, L2 relative residual: iterated = 4.955598e-11, true = 4.955598e-11 (requested = 1.000000e-10)
PyQUDA INFO: Time = 0.228 secs, Performance = 9355.006 GFLOPS
GCR: Convergence at 20 iterations, L2 relative residual: iterated = 4.462448e-11, true = 4.462448e-11 (requested = 1.000000e-10)
PyQUDA INFO: Time = 0.228 secs, Performance = 9353.403 GFLOPS
GCR: Convergence at 20 iterations, L2 relative residual: iterated = 4.199322e-11, true = 4.199322e-11 (requested = 1.000000e-10)
PyQUDA INFO: Time = 0.227 secs, Performance = 9363.153 GFLOPS
GCR: Convergence at 20 iterations, L2 relative residual: iterated = 4.994057e-11, true = 4.994057e-11 (requested = 1.000000e-10)
PyQUDA INFO: Time = 0.228 secs, Performance = 9347.441 GFLOPS
GCR: Convergence at 19 iterations, L2 relative residual: iterated = 9.681870e-11, true = 9.681870e-11 (requested = 1.000000e-10)
PyQUDA INFO: Time = 0.217 secs, Performance = 9330.413 GFLOPS
GCR: Convergence at 20 iterations, L2 relative residual: iterated = 3.467871e-11, true = 3.467871e-11 (requested = 1.000000e-10)
PyQUDA INFO: Time = 0.226 secs, Performance = 9400.300 GFLOPS
GCR: Convergence at 20 iterations, L2 relative residual: iterated = 4.563551e-11, true = 4.563551e-11 (requested = 1.000000e-10)
PyQUDA INFO: Time = 0.227 secs, Performance = 9376.347 GFLOPS
GCR: Convergence at 20 iterations, L2 relative residual: iterated = 4.693257e-11, true = 4.693257e-11 (requested = 1.000000e-10)
PyQUDA INFO: Time = 0.227 secs, Performance = 9367.067 GFLOPS
GCR: Convergence at 20 iterations, L2 relative residual: iterated = 5.074292e-11, true = 5.074292e-11 (requested = 1.000000e-10)
PyQUDA INFO: Time = 0.227 secs, Performance = 9363.483 GFLOPS
GCR: Convergence at 20 iterations, L2 relative residual: iterated = 4.585833e-11, true = 4.585833e-11 (requested = 1.000000e-10)
PyQUDA INFO: Time = 0.227 secs, Performance = 9358.790 GFLOPS
GCR: Convergence at 20 iterations, L2 relative residual: iterated = 5.137264e-11, true = 5.137264e-11 (requested = 1.000000e-10)
PyQUDA INFO: Time = 0.227 secs, Performance = 9374.593 GFLOPS
GCR: Convergence at 20 iterations, L2 relative residual: iterated = 4.896276e-11, true = 4.896276e-11 (requested = 1.000000e-10)
PyQUDA INFO: Time = 0.228 secs, Performance = 9351.143 GFLOPS
GCR: Convergence at 19 iterations, L2 relative residual: iterated = 9.449262e-11, true = 9.449262e-11 (requested = 1.000000e-10)
PyQUDA INFO: Time = 0.217 secs, Performance = 9333.553 GFLOPS
GCR: Convergence at 19 iterations, L2 relative residual: iterated = 7.733670e-11, true = 7.733670e-11 (requested = 1.000000e-10)
PyQUDA INFO: Time = 0.218 secs, Performance = 9299.264 GFLOPS
GCR: Convergence at 20 iterations, L2 relative residual: iterated = 4.880417e-11, true = 4.880417e-11 (requested = 1.000000e-10)
PyQUDA INFO: Time = 0.228 secs, Performance = 9345.677 GFLOPS
GCR: Convergence at 20 iterations, L2 relative residual: iterated = 4.912067e-11, true = 4.912067e-11 (requested = 1.000000e-10)
PyQUDA INFO: Time = 0.229 secs, Performance = 9299.196 GFLOPS
GCR: Convergence at 20 iterations, L2 relative residual: iterated = 4.808386e-11, true = 4.808386e-11 (requested = 1.000000e-10)
PyQUDA INFO: Time = 0.228 secs, Performance = 9343.381 GFLOPS
GCR: Convergence at 20 iterations, L2 relative residual: iterated = 3.764226e-11, true = 3.764226e-11 (requested = 1.000000e-10)
PyQUDA INFO: Time = 0.227 secs, Performance = 9362.288 GFLOPS
PyQUDA INFO: INVERT 2 propagagors: 5.429222984999797 secs
PyQUDA INFO: DOING SINK GAUSSIAN SMEARING
PyQUDA INFO: SINK GAUSSIAN SMEAR: 0.7454905470003723 secs
PyQUDA INFO: GPU used 59.7 GB
PyQUDA INFO: CONTRACT ALL: 3.32797886499975 secs
PyQUDA INFO: UNTIL CONTRACTION: 10.495833286999186 secs
PyQUDA INFO: INNER LOOP STARTS
PyQUDA INFO: SOURCE POSITION = [np.int64(15), np.int64(31), np.int64(15), np.int64(25)]
PyQUDA INFO: DOING SRC GAUSSIAN SMEARING
PyQUDA INFO: SOURCE GAUSSIAN SMEAR: 0.7522881349996169 secs
PyQUDA INFO: RELOADING GAUGE
PyQUDA INFO: RELOADING GAUGE: 0.2005807690002257 secs
PyQUDA INFO: SOLVING DIRAC EQ
GCR: Convergence at 20 iterations, L2 relative residual: iterated = 4.894184e-11, true = 4.894184e-11 (requested = 1.000000e-10)
PyQUDA INFO: Time = 0.224 secs, Performance = 9478.346 GFLOPS
GCR: Convergence at 20 iterations, L2 relative residual: iterated = 4.765974e-11, true = 4.765974e-11 (requested = 1.000000e-10)
PyQUDA INFO: Time = 0.226 secs, Performance = 9401.214 GFLOPS
GCR: Convergence at 20 iterations, L2 relative residual: iterated = 5.774691e-11, true = 5.774691e-11 (requested = 1.000000e-10)
PyQUDA INFO: Time = 0.227 secs, Performance = 9382.137 GFLOPS
GCR: Convergence at 20 iterations, L2 relative residual: iterated = 4.120993e-11, true = 4.120993e-11 (requested = 1.000000e-10)
PyQUDA INFO: Time = 0.226 secs, Performance = 9391.168 GFLOPS
GCR: Convergence at 20 iterations, L2 relative residual: iterated = 4.048785e-11, true = 4.048785e-11 (requested = 1.000000e-10)
PyQUDA INFO: Time = 0.227 secs, Performance = 9378.808 GFLOPS
GCR: Convergence at 20 iterations, L2 relative residual: iterated = 6.063339e-11, true = 6.063339e-11 (requested = 1.000000e-10)
PyQUDA INFO: Time = 0.227 secs, Performance = 9370.258 GFLOPS
GCR: Convergence at 20 iterations, L2 relative residual: iterated = 4.265653e-11, true = 4.265653e-11 (requested = 1.000000e-10)
PyQUDA INFO: Time = 0.228 secs, Performance = 9356.239 GFLOPS
GCR: Convergence at 20 iterations, L2 relative residual: iterated = 3.312883e-11, true = 3.312883e-11 (requested = 1.000000e-10)
PyQUDA INFO: Time = 0.227 secs, Performance = 9388.474 GFLOPS
GCR: Convergence at 19 iterations, L2 relative residual: iterated = 9.363152e-11, true = 9.363152e-11 (requested = 1.000000e-10)
PyQUDA INFO: Time = 0.217 secs, Performance = 9343.807 GFLOPS
GCR: Convergence at 20 iterations, L2 relative residual: iterated = 3.688543e-11, true = 3.688543e-11 (requested = 1.000000e-10)
PyQUDA INFO: Time = 0.227 secs, Performance = 9378.560 GFLOPS
GCR: Convergence at 19 iterations, L2 relative residual: iterated = 7.531889e-11, true = 7.531889e-11 (requested = 1.000000e-10)
PyQUDA INFO: Time = 0.218 secs, Performance = 9314.585 GFLOPS
GCR: Convergence at 20 iterations, L2 relative residual: iterated = 4.772634e-11, true = 4.772634e-11 (requested = 1.000000e-10)
PyQUDA INFO: Time = 0.226 secs, Performance = 9417.485 GFLOPS
GCR: Convergence at 20 iterations, L2 relative residual: iterated = 6.302386e-11, true = 6.302386e-11 (requested = 1.000000e-10)
PyQUDA INFO: Time = 0.228 secs, Performance = 9340.068 GFLOPS
GCR: Convergence at 20 iterations, L2 relative residual: iterated = 4.050582e-11, true = 4.050582e-11 (requested = 1.000000e-10)
PyQUDA INFO: Time = 0.226 secs, Performance = 9397.268 GFLOPS
GCR: Convergence at 20 iterations, L2 relative residual: iterated = 4.252358e-11, true = 4.252358e-11 (requested = 1.000000e-10)
PyQUDA INFO: Time = 0.227 secs, Performance = 9381.785 GFLOPS
GCR: Convergence at 20 iterations, L2 relative residual: iterated = 5.147573e-11, true = 5.147573e-11 (requested = 1.000000e-10)
PyQUDA INFO: Time = 0.227 secs, Performance = 9378.394 GFLOPS
GCR: Convergence at 20 iterations, L2 relative residual: iterated = 4.182574e-11, true = 4.182574e-11 (requested = 1.000000e-10)
PyQUDA INFO: Time = 0.227 secs, Performance = 9357.021 GFLOPS
GCR: Convergence at 20 iterations, L2 relative residual: iterated = 4.722227e-11, true = 4.722227e-11 (requested = 1.000000e-10)
PyQUDA INFO: Time = 0.228 secs, Performance = 9338.014 GFLOPS
GCR: Convergence at 20 iterations, L2 relative residual: iterated = 3.747112e-11, true = 3.747112e-11 (requested = 1.000000e-10)
PyQUDA INFO: Time = 0.228 secs, Performance = 9341.537 GFLOPS
GCR: Convergence at 20 iterations, L2 relative residual: iterated = 4.109324e-11, true = 4.109324e-11 (requested = 1.000000e-10)
PyQUDA INFO: Time = 0.227 secs, Performance = 9366.546 GFLOPS
GCR: Convergence at 19 iterations, L2 relative residual: iterated = 9.190431e-11, true = 9.190431e-11 (requested = 1.000000e-10)
PyQUDA INFO: Time = 0.216 secs, Performance = 9346.100 GFLOPS
GCR: Convergence at 19 iterations, L2 relative residual: iterated = 8.426949e-11, true = 8.426949e-11 (requested = 1.000000e-10)
PyQUDA INFO: Time = 0.217 secs, Performance = 9331.187 GFLOPS
GCR: Convergence at 20 iterations, L2 relative residual: iterated = 5.213814e-11, true = 5.213814e-11 (requested = 1.000000e-10)
PyQUDA INFO: Time = 0.229 secs, Performance = 9291.735 GFLOPS
GCR: Convergence at 19 iterations, L2 relative residual: iterated = 7.319020e-11, true = 7.319020e-11 (requested = 1.000000e-10)
PyQUDA INFO: Time = 0.215 secs, Performance = 9385.229 GFLOPS
PyQUDA INFO: INVERT 2 propagagors: 5.4004478419992665 secs
PyQUDA INFO: DOING SINK GAUSSIAN SMEARING
PyQUDA INFO: SINK GAUSSIAN SMEAR: 0.7452865860013844 secs
PyQUDA INFO: GPU used 59.7 GB
PyQUDA INFO: CONTRACT ALL: 3.327977655999348 secs
PyQUDA INFO: UNTIL CONTRACTION: 10.461926246000075 secs
PyQUDA INFO: INNER LOOP STARTS
PyQUDA INFO: SOURCE POSITION = [np.int64(15), np.int64(31), np.int64(31), np.int64(25)]
PyQUDA INFO: DOING SRC GAUSSIAN SMEARING
PyQUDA INFO: SOURCE GAUSSIAN SMEAR: 0.7548455789983564 secs
PyQUDA INFO: RELOADING GAUGE
PyQUDA INFO: RELOADING GAUGE: 0.20063183900128934 secs
PyQUDA INFO: SOLVING DIRAC EQ
GCR: Convergence at 20 iterations, L2 relative residual: iterated = 4.375146e-11, true = 4.375146e-11 (requested = 1.000000e-10)
PyQUDA INFO: Time = 0.224 secs, Performance = 9493.901 GFLOPS
GCR: Convergence at 20 iterations, L2 relative residual: iterated = 7.054456e-11, true = 7.054456e-11 (requested = 1.000000e-10)
PyQUDA INFO: Time = 0.230 secs, Performance = 9262.279 GFLOPS
GCR: Convergence at 20 iterations, L2 relative residual: iterated = 5.826173e-11, true = 5.826173e-11 (requested = 1.000000e-10)
PyQUDA INFO: Time = 0.227 secs, Performance = 9357.309 GFLOPS
GCR: Convergence at 20 iterations, L2 relative residual: iterated = 6.444873e-11, true = 6.444873e-11 (requested = 1.000000e-10)
PyQUDA INFO: Time = 0.227 secs, Performance = 9358.461 GFLOPS
GCR: Convergence at 20 iterations, L2 relative residual: iterated = 5.987978e-11, true = 5.987978e-11 (requested = 1.000000e-10)
PyQUDA INFO: Time = 0.227 secs, Performance = 9359.242 GFLOPS
GCR: Convergence at 20 iterations, L2 relative residual: iterated = 4.890549e-11, true = 4.890549e-11 (requested = 1.000000e-10)
PyQUDA INFO: Time = 0.227 secs, Performance = 9369.144 GFLOPS
GCR: Convergence at 20 iterations, L2 relative residual: iterated = 4.106053e-11, true = 4.106053e-11 (requested = 1.000000e-10)
PyQUDA INFO: Time = 0.228 secs, Performance = 9353.567 GFLOPS
GCR: Convergence at 20 iterations, L2 relative residual: iterated = 5.028786e-11, true = 5.028786e-11 (requested = 1.000000e-10)
PyQUDA INFO: Time = 0.227 secs, Performance = 9376.617 GFLOPS
GCR: Convergence at 20 iterations, L2 relative residual: iterated = 3.620176e-11, true = 3.620176e-11 (requested = 1.000000e-10)
PyQUDA INFO: Time = 0.227 secs, Performance = 9361.547 GFLOPS
GCR: Convergence at 19 iterations, L2 relative residual: iterated = 9.842943e-11, true = 9.842943e-11 (requested = 1.000000e-10)
PyQUDA INFO: Time = 0.215 secs, Performance = 9387.039 GFLOPS
GCR: Convergence at 20 iterations, L2 relative residual: iterated = 3.827585e-11, true = 3.827585e-11 (requested = 1.000000e-10)
PyQUDA INFO: Time = 0.227 secs, Performance = 9388.640 GFLOPS
GCR: Convergence at 20 iterations, L2 relative residual: iterated = 3.966030e-11, true = 3.966030e-11 (requested = 1.000000e-10)
PyQUDA INFO: Time = 0.227 secs, Performance = 9359.201 GFLOPS
GCR: Convergence at 20 iterations, L2 relative residual: iterated = 3.969261e-11, true = 3.969261e-11 (requested = 1.000000e-10)
PyQUDA INFO: Time = 0.227 secs, Performance = 9354.243 GFLOPS
GCR: Convergence at 20 iterations, L2 relative residual: iterated = 7.394692e-11, true = 7.394692e-11 (requested = 1.000000e-10)
PyQUDA INFO: Time = 0.226 secs, Performance = 9394.487 GFLOPS
GCR: Convergence at 20 iterations, L2 relative residual: iterated = 5.996055e-11, true = 5.996055e-11 (requested = 1.000000e-10)
PyQUDA INFO: Time = 0.228 secs, Performance = 9343.586 GFLOPS
GCR: Convergence at 20 iterations, L2 relative residual: iterated = 9.135540e-11, true = 9.135540e-11 (requested = 1.000000e-10)
PyQUDA INFO: Time = 0.227 secs, Performance = 9373.313 GFLOPS
GCR: Convergence at 20 iterations, L2 relative residual: iterated = 3.628069e-11, true = 3.628069e-11 (requested = 1.000000e-10)
PyQUDA INFO: Time = 0.227 secs, Performance = 9368.113 GFLOPS
GCR: Convergence at 20 iterations, L2 relative residual: iterated = 4.766245e-11, true = 4.766245e-11 (requested = 1.000000e-10)
PyQUDA INFO: Time = 0.227 secs, Performance = 9368.814 GFLOPS
GCR: Convergence at 20 iterations, L2 relative residual: iterated = 4.190300e-11, true = 4.190300e-11 (requested = 1.000000e-10)
PyQUDA INFO: Time = 0.228 secs, Performance = 9352.499 GFLOPS
GCR: Convergence at 20 iterations, L2 relative residual: iterated = 4.404373e-11, true = 4.404373e-11 (requested = 1.000000e-10)
PyQUDA INFO: Time = 0.227 secs, Performance = 9377.380 GFLOPS
GCR: Convergence at 20 iterations, L2 relative residual: iterated = 4.308286e-11, true = 4.308286e-11 (requested = 1.000000e-10)
PyQUDA INFO: Time = 0.227 secs, Performance = 9375.750 GFLOPS
GCR: Convergence at 20 iterations, L2 relative residual: iterated = 4.157749e-11, true = 4.157749e-11 (requested = 1.000000e-10)
PyQUDA INFO: Time = 0.228 secs, Performance = 9345.272 GFLOPS
GCR: Convergence at 20 iterations, L2 relative residual: iterated = 3.924415e-11, true = 3.924415e-11 (requested = 1.000000e-10)
PyQUDA INFO: Time = 0.228 secs, Performance = 9348.966 GFLOPS
GCR: Convergence at 20 iterations, L2 relative residual: iterated = 4.111134e-11, true = 4.111134e-11 (requested = 1.000000e-10)
PyQUDA INFO: Time = 0.229 secs, Performance = 9297.394 GFLOPS
PyQUDA INFO: INVERT 2 propagagors: 5.448510673000783 secs
PyQUDA INFO: DOING SINK GAUSSIAN SMEARING
PyQUDA INFO: SINK GAUSSIAN SMEAR: 0.744633762000376 secs
PyQUDA INFO: GPU used 59.7 GB
PyQUDA INFO: CONTRACT ALL: 3.3281893269995635 secs
PyQUDA INFO: UNTIL CONTRACTION: 10.512305279999055 secs
PyQUDA INFO: INNER LOOP STARTS
PyQUDA INFO: SOURCE POSITION = [np.int64(31), np.int64(15), np.int64(15), np.int64(25)]
PyQUDA INFO: DOING SRC GAUSSIAN SMEARING
PyQUDA INFO: SOURCE GAUSSIAN SMEAR: 0.7523000450000836 secs
PyQUDA INFO: RELOADING GAUGE
PyQUDA INFO: RELOADING GAUGE: 0.20186470699991332 secs
PyQUDA INFO: SOLVING DIRAC EQ
GCR: Convergence at 20 iterations, L2 relative residual: iterated = 5.115189e-11, true = 5.115189e-11 (requested = 1.000000e-10)
PyQUDA INFO: Time = 0.227 secs, Performance = 9373.213 GFLOPS
GCR: Convergence at 20 iterations, L2 relative residual: iterated = 4.172858e-11, true = 4.172858e-11 (requested = 1.000000e-10)
PyQUDA INFO: Time = 0.226 secs, Performance = 9394.943 GFLOPS
GCR: Convergence at 20 iterations, L2 relative residual: iterated = 4.336844e-11, true = 4.336844e-11 (requested = 1.000000e-10)
PyQUDA INFO: Time = 0.226 secs, Performance = 9394.819 GFLOPS
GCR: Convergence at 20 iterations, L2 relative residual: iterated = 4.057586e-11, true = 4.057586e-11 (requested = 1.000000e-10)
PyQUDA INFO: Time = 0.227 secs, Performance = 9358.276 GFLOPS
GCR: Convergence at 20 iterations, L2 relative residual: iterated = 5.135581e-11, true = 5.135581e-11 (requested = 1.000000e-10)
PyQUDA INFO: Time = 0.226 secs, Performance = 9390.132 GFLOPS
GCR: Convergence at 20 iterations, L2 relative residual: iterated = 5.518187e-11, true = 5.518187e-11 (requested = 1.000000e-10)
PyQUDA INFO: Time = 0.228 secs, Performance = 9349.048 GFLOPS
GCR: Convergence at 20 iterations, L2 relative residual: iterated = 4.648513e-11, true = 4.648513e-11 (requested = 1.000000e-10)
PyQUDA INFO: Time = 0.227 secs, Performance = 9360.230 GFLOPS
GCR: Convergence at 20 iterations, L2 relative residual: iterated = 5.136264e-11, true = 5.136264e-11 (requested = 1.000000e-10)
PyQUDA INFO: Time = 0.228 secs, Performance = 9348.350 GFLOPS
GCR: Convergence at 20 iterations, L2 relative residual: iterated = 7.622210e-11, true = 7.622210e-11 (requested = 1.000000e-10)
PyQUDA INFO: Time = 0.227 secs, Performance = 9369.722 GFLOPS
GCR: Convergence at 20 iterations, L2 relative residual: iterated = 5.331795e-11, true = 5.331795e-11 (requested = 1.000000e-10)
PyQUDA INFO: Time = 0.227 secs, Performance = 9358.831 GFLOPS
GCR: Convergence at 20 iterations, L2 relative residual: iterated = 6.192958e-11, true = 6.192958e-11 (requested = 1.000000e-10)
PyQUDA INFO: Time = 0.228 secs, Performance = 9348.761 GFLOPS
GCR: Convergence at 20 iterations, L2 relative residual: iterated = 6.593735e-11, true = 6.593735e-11 (requested = 1.000000e-10)
PyQUDA INFO: Time = 0.227 secs, Performance = 9374.180 GFLOPS
GCR: Convergence at 20 iterations, L2 relative residual: iterated = 5.900022e-11, true = 5.900022e-11 (requested = 1.000000e-10)
PyQUDA INFO: Time = 0.228 secs, Performance = 9338.428 GFLOPS
GCR: Convergence at 20 iterations, L2 relative residual: iterated = 4.496298e-11, true = 4.496298e-11 (requested = 1.000000e-10)
PyQUDA INFO: Time = 0.228 secs, Performance = 9355.047 GFLOPS
GCR: Convergence at 20 iterations, L2 relative residual: iterated = 4.743686e-11, true = 4.743686e-11 (requested = 1.000000e-10)
PyQUDA INFO: Time = 0.227 secs, Performance = 9372.652 GFLOPS
GCR: Convergence at 20 iterations, L2 relative residual: iterated = 3.837003e-11, true = 3.837003e-11 (requested = 1.000000e-10)
PyQUDA INFO: Time = 0.228 secs, Performance = 9351.800 GFLOPS
GCR: Convergence at 20 iterations, L2 relative residual: iterated = 6.003697e-11, true = 6.003697e-11 (requested = 1.000000e-10)
PyQUDA INFO: Time = 0.227 secs, Performance = 9374.941 GFLOPS
GCR: Convergence at 20 iterations, L2 relative residual: iterated = 4.107585e-11, true = 4.107585e-11 (requested = 1.000000e-10)
PyQUDA INFO: Time = 0.227 secs, Performance = 9384.828 GFLOPS
GCR: Convergence at 20 iterations, L2 relative residual: iterated = 6.803009e-11, true = 6.803009e-11 (requested = 1.000000e-10)
PyQUDA INFO: Time = 0.228 secs, Performance = 9339.819 GFLOPS
GCR: Convergence at 20 iterations, L2 relative residual: iterated = 4.764017e-11, true = 4.764017e-11 (requested = 1.000000e-10)
PyQUDA INFO: Time = 0.227 secs, Performance = 9368.072 GFLOPS
GCR: Convergence at 20 iterations, L2 relative residual: iterated = 5.005557e-11, true = 5.005557e-11 (requested = 1.000000e-10)
PyQUDA INFO: Time = 0.227 secs, Performance = 9358.584 GFLOPS
GCR: Convergence at 20 iterations, L2 relative residual: iterated = 6.774771e-11, true = 6.774771e-11 (requested = 1.000000e-10)
PyQUDA INFO: Time = 0.227 secs, Performance = 9376.121 GFLOPS
GCR: Convergence at 20 iterations, L2 relative residual: iterated = 9.648371e-11, true = 9.648371e-11 (requested = 1.000000e-10)
PyQUDA INFO: Time = 0.227 secs, Performance = 9372.982 GFLOPS
GCR: Convergence at 20 iterations, L2 relative residual: iterated = 4.152193e-11, true = 4.152193e-11 (requested = 1.000000e-10)
PyQUDA INFO: Time = 0.227 secs, Performance = 9374.221 GFLOPS
PyQUDA INFO: INVERT 2 propagagors: 5.458298087998628 secs
PyQUDA INFO: DOING SINK GAUSSIAN SMEARING
PyQUDA INFO: SINK GAUSSIAN SMEAR: 0.7453463359997841 secs
PyQUDA INFO: GPU used 59.7 GB
PyQUDA INFO: CONTRACT ALL: 3.329107011000815 secs
PyQUDA INFO: UNTIL CONTRACTION: 10.52257538699996 secs
PyQUDA INFO: INNER LOOP STARTS
PyQUDA INFO: SOURCE POSITION = [np.int64(31), np.int64(15), np.int64(31), np.int64(25)]
PyQUDA INFO: DOING SRC GAUSSIAN SMEARING
PyQUDA INFO: SOURCE GAUSSIAN SMEAR: 0.752733707000516 secs
PyQUDA INFO: RELOADING GAUGE
PyQUDA INFO: RELOADING GAUGE: 0.20098099100141553 secs
PyQUDA INFO: SOLVING DIRAC EQ
GCR: Convergence at 20 iterations, L2 relative residual: iterated = 5.440650e-11, true = 5.440650e-11 (requested = 1.000000e-10)
PyQUDA INFO: Time = 0.224 secs, Performance = 9502.377 GFLOPS
GCR: Convergence at 20 iterations, L2 relative residual: iterated = 5.057398e-11, true = 5.057398e-11 (requested = 1.000000e-10)
PyQUDA INFO: Time = 0.226 secs, Performance = 9399.137 GFLOPS
GCR: Convergence at 20 iterations, L2 relative residual: iterated = 5.012699e-11, true = 5.012699e-11 (requested = 1.000000e-10)
PyQUDA INFO: Time = 0.227 secs, Performance = 9359.160 GFLOPS
GCR: Convergence at 20 iterations, L2 relative residual: iterated = 4.136110e-11, true = 4.136110e-11 (requested = 1.000000e-10)
PyQUDA INFO: Time = 0.228 secs, Performance = 9323.979 GFLOPS
GCR: Convergence at 20 iterations, L2 relative residual: iterated = 5.488247e-11, true = 5.488247e-11 (requested = 1.000000e-10)
PyQUDA INFO: Time = 0.227 secs, Performance = 9369.170 GFLOPS
GCR: Convergence at 20 iterations, L2 relative residual: iterated = 3.716045e-11, true = 3.716045e-11 (requested = 1.000000e-10)
PyQUDA INFO: Time = 0.228 secs, Performance = 9350.691 GFLOPS
GCR: Convergence at 20 iterations, L2 relative residual: iterated = 5.686568e-11, true = 5.686568e-11 (requested = 1.000000e-10)
PyQUDA INFO: Time = 0.227 secs, Performance = 9388.018 GFLOPS
GCR: Convergence at 20 iterations, L2 relative residual: iterated = 6.301281e-11, true = 6.301281e-11 (requested = 1.000000e-10)
PyQUDA INFO: Time = 0.228 secs, Performance = 9352.992 GFLOPS
GCR: Convergence at 20 iterations, L2 relative residual: iterated = 5.352553e-11, true = 5.352553e-11 (requested = 1.000000e-10)
PyQUDA INFO: Time = 0.227 secs, Performance = 9378.932 GFLOPS
GCR: Convergence at 20 iterations, L2 relative residual: iterated = 5.479083e-11, true = 5.479083e-11 (requested = 1.000000e-10)
PyQUDA INFO: Time = 0.226 secs, Performance = 9396.645 GFLOPS
GCR: Convergence at 20 iterations, L2 relative residual: iterated = 4.238454e-11, true = 4.238454e-11 (requested = 1.000000e-10)
PyQUDA INFO: Time = 0.227 secs, Performance = 9362.865 GFLOPS
GCR: Convergence at 20 iterations, L2 relative residual: iterated = 5.426390e-11, true = 5.426390e-11 (requested = 1.000000e-10)
PyQUDA INFO: Time = 0.227 secs, Performance = 9362.247 GFLOPS
GCR: Convergence at 20 iterations, L2 relative residual: iterated = 5.454634e-11, true = 5.454634e-11 (requested = 1.000000e-10)
PyQUDA INFO: Time = 0.229 secs, Performance = 9312.941 GFLOPS
GCR: Convergence at 20 iterations, L2 relative residual: iterated = 4.353099e-11, true = 4.353099e-11 (requested = 1.000000e-10)
PyQUDA INFO: Time = 0.226 secs, Performance = 9418.361 GFLOPS
GCR: Convergence at 20 iterations, L2 relative residual: iterated = 3.628808e-11, true = 3.628808e-11 (requested = 1.000000e-10)
PyQUDA INFO: Time = 0.227 secs, Performance = 9388.515 GFLOPS
GCR: Convergence at 20 iterations, L2 relative residual: iterated = 4.877908e-11, true = 4.877908e-11 (requested = 1.000000e-10)
PyQUDA INFO: Time = 0.227 secs, Performance = 9374.965 GFLOPS
GCR: Convergence at 20 iterations, L2 relative residual: iterated = 6.521760e-11, true = 6.521760e-11 (requested = 1.000000e-10)
PyQUDA INFO: Time = 0.225 secs, Performance = 9443.601 GFLOPS
GCR: Convergence at 20 iterations, L2 relative residual: iterated = 5.115470e-11, true = 5.115470e-11 (requested = 1.000000e-10)
PyQUDA INFO: Time = 0.227 secs, Performance = 9383.876 GFLOPS
GCR: Convergence at 20 iterations, L2 relative residual: iterated = 6.125967e-11, true = 6.125967e-11 (requested = 1.000000e-10)
PyQUDA INFO: Time = 0.227 secs, Performance = 9365.804 GFLOPS
GCR: Convergence at 20 iterations, L2 relative residual: iterated = 5.555702e-11, true = 5.555702e-11 (requested = 1.000000e-10)
PyQUDA INFO: Time = 0.228 secs, Performance = 9352.293 GFLOPS
GCR: Convergence at 20 iterations, L2 relative residual: iterated = 5.490155e-11, true = 5.490155e-11 (requested = 1.000000e-10)
PyQUDA INFO: Time = 0.228 secs, Performance = 9351.430 GFLOPS
GCR: Convergence at 20 iterations, L2 relative residual: iterated = 6.342998e-11, true = 6.342998e-11 (requested = 1.000000e-10)
PyQUDA INFO: Time = 0.228 secs, Performance = 9337.729 GFLOPS
GCR: Convergence at 20 iterations, L2 relative residual: iterated = 4.542794e-11, true = 4.542794e-11 (requested = 1.000000e-10)
PyQUDA INFO: Time = 0.227 secs, Performance = 9388.947 GFLOPS
GCR: Convergence at 20 iterations, L2 relative residual: iterated = 8.731109e-11, true = 8.731109e-11 (requested = 1.000000e-10)
PyQUDA INFO: Time = 0.227 secs, Performance = 9364.114 GFLOPS
PyQUDA INFO: INVERT 2 propagagors: 5.451588719999563 secs
PyQUDA INFO: DOING SINK GAUSSIAN SMEARING
PyQUDA INFO: SINK GAUSSIAN SMEAR: 0.7451682060000167 secs
PyQUDA INFO: GPU used 59.7 GB
PyQUDA INFO: CONTRACT ALL: 3.3284920280002552 secs
PyQUDA INFO: UNTIL CONTRACTION: 10.514236261000406 secs
PyQUDA INFO: INNER LOOP STARTS
PyQUDA INFO: SOURCE POSITION = [np.int64(31), np.int64(31), np.int64(15), np.int64(25)]
PyQUDA INFO: DOING SRC GAUSSIAN SMEARING
PyQUDA INFO: SOURCE GAUSSIAN SMEAR: 0.7542101859999093 secs
PyQUDA INFO: RELOADING GAUGE
PyQUDA INFO: RELOADING GAUGE: 0.2023768100007146 secs
PyQUDA INFO: SOLVING DIRAC EQ
GCR: Convergence at 20 iterations, L2 relative residual: iterated = 4.492072e-11, true = 4.492072e-11 (requested = 1.000000e-10)
PyQUDA INFO: Time = 0.225 secs, Performance = 9472.056 GFLOPS
GCR: Convergence at 20 iterations, L2 relative residual: iterated = 5.258881e-11, true = 5.258881e-11 (requested = 1.000000e-10)
PyQUDA INFO: Time = 0.226 secs, Performance = 9397.725 GFLOPS
GCR: Convergence at 20 iterations, L2 relative residual: iterated = 5.776564e-11, true = 5.776564e-11 (requested = 1.000000e-10)
PyQUDA INFO: Time = 0.228 secs, Performance = 9314.758 GFLOPS
GCR: Convergence at 20 iterations, L2 relative residual: iterated = 4.570787e-11, true = 4.570787e-11 (requested = 1.000000e-10)
PyQUDA INFO: Time = 0.227 secs, Performance = 9385.077 GFLOPS
GCR: Convergence at 20 iterations, L2 relative residual: iterated = 4.735762e-11, true = 4.735762e-11 (requested = 1.000000e-10)
PyQUDA INFO: Time = 0.228 secs, Performance = 9354.965 GFLOPS
GCR: Convergence at 20 iterations, L2 relative residual: iterated = 5.042148e-11, true = 5.042148e-11 (requested = 1.000000e-10)
PyQUDA INFO: Time = 0.227 secs, Performance = 9369.268 GFLOPS
GCR: Convergence at 20 iterations, L2 relative residual: iterated = 3.819280e-11, true = 3.819280e-11 (requested = 1.000000e-10)
PyQUDA INFO: Time = 0.227 secs, Performance = 9366.711 GFLOPS
GCR: Convergence at 20 iterations, L2 relative residual: iterated = 3.714131e-11, true = 3.714131e-11 (requested = 1.000000e-10)
PyQUDA INFO: Time = 0.228 secs, Performance = 9351.882 GFLOPS
GCR: Convergence at 19 iterations, L2 relative residual: iterated = 8.191184e-11, true = 8.191184e-11 (requested = 1.000000e-10)
PyQUDA INFO: Time = 0.216 secs, Performance = 9354.353 GFLOPS
GCR: Convergence at 20 iterations, L2 relative residual: iterated = 3.808514e-11, true = 3.808514e-11 (requested = 1.000000e-10)
PyQUDA INFO: Time = 0.227 secs, Performance = 9371.496 GFLOPS
GCR: Convergence at 20 iterations, L2 relative residual: iterated = 3.871810e-11, true = 3.871810e-11 (requested = 1.000000e-10)
PyQUDA INFO: Time = 0.228 secs, Performance = 9356.034 GFLOPS
GCR: Convergence at 20 iterations, L2 relative residual: iterated = 4.223745e-11, true = 4.223745e-11 (requested = 1.000000e-10)
PyQUDA INFO: Time = 0.227 secs, Performance = 9379.800 GFLOPS
GCR: Convergence at 20 iterations, L2 relative residual: iterated = 5.576962e-11, true = 5.576962e-11 (requested = 1.000000e-10)
PyQUDA INFO: Time = 0.228 secs, Performance = 9339.617 GFLOPS
GCR: Convergence at 20 iterations, L2 relative residual: iterated = 6.006970e-11, true = 6.006970e-11 (requested = 1.000000e-10)
PyQUDA INFO: Time = 0.227 secs, Performance = 9380.586 GFLOPS
GCR: Convergence at 20 iterations, L2 relative residual: iterated = 4.704388e-11, true = 4.704388e-11 (requested = 1.000000e-10)
PyQUDA INFO: Time = 0.227 secs, Performance = 9368.732 GFLOPS
GCR: Convergence at 20 iterations, L2 relative residual: iterated = 5.828693e-11, true = 5.828693e-11 (requested = 1.000000e-10)
PyQUDA INFO: Time = 0.226 secs, Performance = 9405.278 GFLOPS
GCR: Convergence at 20 iterations, L2 relative residual: iterated = 7.259223e-11, true = 7.259223e-11 (requested = 1.000000e-10)
PyQUDA INFO: Time = 0.227 secs, Performance = 9374.139 GFLOPS
GCR: Convergence at 20 iterations, L2 relative residual: iterated = 4.297393e-11, true = 4.297393e-11 (requested = 1.000000e-10)
PyQUDA INFO: Time = 0.227 secs, Performance = 9362.548 GFLOPS
GCR: Convergence at 20 iterations, L2 relative residual: iterated = 3.883310e-11, true = 3.883310e-11 (requested = 1.000000e-10)
PyQUDA INFO: Time = 0.228 secs, Performance = 9351.348 GFLOPS
GCR: Convergence at 19 iterations, L2 relative residual: iterated = 8.716168e-11, true = 8.716168e-11 (requested = 1.000000e-10)
PyQUDA INFO: Time = 0.216 secs, Performance = 9354.180 GFLOPS
GCR: Convergence at 19 iterations, L2 relative residual: iterated = 8.941151e-11, true = 8.941151e-11 (requested = 1.000000e-10)
PyQUDA INFO: Time = 0.217 secs, Performance = 9319.550 GFLOPS
GCR: Convergence at 20 iterations, L2 relative residual: iterated = 4.528167e-11, true = 4.528167e-11 (requested = 1.000000e-10)
PyQUDA INFO: Time = 0.226 secs, Performance = 9400.869 GFLOPS
GCR: Convergence at 20 iterations, L2 relative residual: iterated = 3.787292e-11, true = 3.787292e-11 (requested = 1.000000e-10)
PyQUDA INFO: Time = 0.227 secs, Performance = 9376.700 GFLOPS
GCR: Convergence at 20 iterations, L2 relative residual: iterated = 4.181174e-11, true = 4.181174e-11 (requested = 1.000000e-10)
PyQUDA INFO: Time = 0.226 secs, Performance = 9396.645 GFLOPS
PyQUDA INFO: INVERT 2 propagagors: 5.421070638998572 secs
PyQUDA INFO: DOING SINK GAUSSIAN SMEARING
PyQUDA INFO: SINK GAUSSIAN SMEAR: 0.7458961690008437 secs
PyQUDA INFO: GPU used 59.7 GB
PyQUDA INFO: CONTRACT ALL: 3.3282313359995896 secs
PyQUDA INFO: UNTIL CONTRACTION: 10.48787754300065 secs
PyQUDA INFO: INNER LOOP STARTS
PyQUDA INFO: SOURCE POSITION = [np.int64(31), np.int64(31), np.int64(31), np.int64(25)]
PyQUDA INFO: DOING SRC GAUSSIAN SMEARING
PyQUDA INFO: SOURCE GAUSSIAN SMEAR: 0.7541877160001604 secs
PyQUDA INFO: RELOADING GAUGE
PyQUDA INFO: RELOADING GAUGE: 0.1998469150003075 secs
PyQUDA INFO: SOLVING DIRAC EQ
GCR: Convergence at 19 iterations, L2 relative residual: iterated = 9.335538e-11, true = 9.335538e-11 (requested = 1.000000e-10)
PyQUDA INFO: Time = 0.214 secs, Performance = 9438.177 GFLOPS
GCR: Convergence at 20 iterations, L2 relative residual: iterated = 4.775442e-11, true = 4.775442e-11 (requested = 1.000000e-10)
PyQUDA INFO: Time = 0.226 secs, Performance = 9401.588 GFLOPS
GCR: Convergence at 20 iterations, L2 relative residual: iterated = 5.371160e-11, true = 5.371160e-11 (requested = 1.000000e-10)
PyQUDA INFO: Time = 0.226 secs, Performance = 9400.092 GFLOPS
GCR: Convergence at 20 iterations, L2 relative residual: iterated = 3.769714e-11, true = 3.769714e-11 (requested = 1.000000e-10)
PyQUDA INFO: Time = 0.225 secs, Performance = 9424.998 GFLOPS
GCR: Convergence at 20 iterations, L2 relative residual: iterated = 3.799086e-11, true = 3.799086e-11 (requested = 1.000000e-10)
PyQUDA INFO: Time = 0.226 secs, Performance = 9395.275 GFLOPS
GCR: Convergence at 20 iterations, L2 relative residual: iterated = 5.977380e-11, true = 5.977380e-11 (requested = 1.000000e-10)
PyQUDA INFO: Time = 0.229 secs, Performance = 9310.071 GFLOPS
GCR: Convergence at 20 iterations, L2 relative residual: iterated = 5.471328e-11, true = 5.471328e-11 (requested = 1.000000e-10)
PyQUDA INFO: Time = 0.228 secs, Performance = 9355.787 GFLOPS
GCR: Convergence at 20 iterations, L2 relative residual: iterated = 6.462196e-11, true = 6.462196e-11 (requested = 1.000000e-10)
PyQUDA INFO: Time = 0.228 secs, Performance = 9356.692 GFLOPS
GCR: Convergence at 20 iterations, L2 relative residual: iterated = 4.186777e-11, true = 4.186777e-11 (requested = 1.000000e-10)
PyQUDA INFO: Time = 0.227 secs, Performance = 9379.759 GFLOPS
GCR: Convergence at 20 iterations, L2 relative residual: iterated = 4.628796e-11, true = 4.628796e-11 (requested = 1.000000e-10)
PyQUDA INFO: Time = 0.226 secs, Performance = 9398.057 GFLOPS
GCR: Convergence at 20 iterations, L2 relative residual: iterated = 3.893655e-11, true = 3.893655e-11 (requested = 1.000000e-10)
PyQUDA INFO: Time = 0.228 secs, Performance = 9330.076 GFLOPS
GCR: Convergence at 20 iterations, L2 relative residual: iterated = 5.568043e-11, true = 5.568043e-11 (requested = 1.000000e-10)
PyQUDA INFO: Time = 0.227 secs, Performance = 9380.668 GFLOPS
GCR: Convergence at 20 iterations, L2 relative residual: iterated = 5.394823e-11, true = 5.394823e-11 (requested = 1.000000e-10)
PyQUDA INFO: Time = 0.228 secs, Performance = 9336.379 GFLOPS
GCR: Convergence at 20 iterations, L2 relative residual: iterated = 6.272542e-11, true = 6.272542e-11 (requested = 1.000000e-10)
PyQUDA INFO: Time = 0.226 secs, Performance = 9416.985 GFLOPS
GCR: Convergence at 20 iterations, L2 relative residual: iterated = 5.110602e-11, true = 5.110602e-11 (requested = 1.000000e-10)
PyQUDA INFO: Time = 0.227 secs, Performance = 9377.526 GFLOPS
GCR: Convergence at 20 iterations, L2 relative residual: iterated = 5.065235e-11, true = 5.065235e-11 (requested = 1.000000e-10)
PyQUDA INFO: Time = 0.225 secs, Performance = 9443.811 GFLOPS
GCR: Convergence at 20 iterations, L2 relative residual: iterated = 4.678159e-11, true = 4.678159e-11 (requested = 1.000000e-10)
PyQUDA INFO: Time = 0.226 secs, Performance = 9416.818 GFLOPS
GCR: Convergence at 20 iterations, L2 relative residual: iterated = 5.313806e-11, true = 5.313806e-11 (requested = 1.000000e-10)
PyQUDA INFO: Time = 0.226 secs, Performance = 9408.774 GFLOPS
GCR: Convergence at 20 iterations, L2 relative residual: iterated = 6.281692e-11, true = 6.281692e-11 (requested = 1.000000e-10)
PyQUDA INFO: Time = 0.227 secs, Performance = 9388.267 GFLOPS
GCR: Convergence at 20 iterations, L2 relative residual: iterated = 5.436974e-11, true = 5.436974e-11 (requested = 1.000000e-10)
PyQUDA INFO: Time = 0.228 secs, Performance = 9356.280 GFLOPS
GCR: Convergence at 20 iterations, L2 relative residual: iterated = 5.902141e-11, true = 5.902141e-11 (requested = 1.000000e-10)
PyQUDA INFO: Time = 0.226 secs, Performance = 9408.899 GFLOPS
GCR: Convergence at 20 iterations, L2 relative residual: iterated = 4.166329e-11, true = 4.166329e-11 (requested = 1.000000e-10)
PyQUDA INFO: Time = 0.226 secs, Performance = 9394.279 GFLOPS
GCR: Convergence at 20 iterations, L2 relative residual: iterated = 4.110815e-11, true = 4.110815e-11 (requested = 1.000000e-10)
PyQUDA INFO: Time = 0.227 secs, Performance = 9377.857 GFLOPS
GCR: Convergence at 20 iterations, L2 relative residual: iterated = 5.633102e-11, true = 5.633102e-11 (requested = 1.000000e-10)
PyQUDA INFO: Time = 0.227 secs, Performance = 9367.232 GFLOPS
PyQUDA INFO: INVERT 2 propagagors: 5.433481639000092 secs
PyQUDA INFO: DOING SINK GAUSSIAN SMEARING
PyQUDA INFO: SINK GAUSSIAN SMEAR: 0.7465071520000492 secs
PyQUDA INFO: GPU used 59.7 GB
PyQUDA INFO: CONTRACT ALL: 3.328442437999911 secs
PyQUDA INFO: UNTIL CONTRACTION: 10.497977128999992 secs
PyQUDA INFO: INNER LOOP STARTS
PyQUDA INFO: SOURCE POSITION = [np.int64(15), np.int64(15), np.int64(15), np.int64(57)]
PyQUDA INFO: DOING SRC GAUSSIAN SMEARING
PyQUDA INFO: SOURCE GAUSSIAN SMEAR: 0.7547271989988076 secs
PyQUDA INFO: RELOADING GAUGE
PyQUDA INFO: RELOADING GAUGE: 0.20095871100056684 secs
PyQUDA INFO: SOLVING DIRAC EQ
GCR: Convergence at 20 iterations, L2 relative residual: iterated = 4.450931e-11, true = 4.450931e-11 (requested = 1.000000e-10)
PyQUDA INFO: Time = 0.225 secs, Performance = 9442.733 GFLOPS
GCR: Convergence at 20 iterations, L2 relative residual: iterated = 5.919441e-11, true = 5.919441e-11 (requested = 1.000000e-10)
PyQUDA INFO: Time = 0.228 secs, Performance = 9330.283 GFLOPS
GCR: Convergence at 20 iterations, L2 relative residual: iterated = 4.891768e-11, true = 4.891768e-11 (requested = 1.000000e-10)
PyQUDA INFO: Time = 0.228 secs, Performance = 9346.005 GFLOPS
GCR: Convergence at 20 iterations, L2 relative residual: iterated = 5.439006e-11, true = 5.439006e-11 (requested = 1.000000e-10)
PyQUDA INFO: Time = 0.228 secs, Performance = 9344.365 GFLOPS
GCR: Convergence at 19 iterations, L2 relative residual: iterated = 9.127784e-11, true = 9.127784e-11 (requested = 1.000000e-10)
PyQUDA INFO: Time = 0.217 secs, Performance = 9310.445 GFLOPS
GCR: Convergence at 20 iterations, L2 relative residual: iterated = 6.212708e-11, true = 6.212708e-11 (requested = 1.000000e-10)
PyQUDA INFO: Time = 0.228 secs, Performance = 9340.840 GFLOPS
GCR: Convergence at 20 iterations, L2 relative residual: iterated = 5.632014e-11, true = 5.632014e-11 (requested = 1.000000e-10)
PyQUDA INFO: Time = 0.227 secs, Performance = 9373.230 GFLOPS
GCR: Convergence at 20 iterations, L2 relative residual: iterated = 4.316256e-11, true = 4.316256e-11 (requested = 1.000000e-10)
PyQUDA INFO: Time = 0.228 secs, Performance = 9354.595 GFLOPS
GCR: Convergence at 20 iterations, L2 relative residual: iterated = 4.235304e-11, true = 4.235304e-11 (requested = 1.000000e-10)
PyQUDA INFO: Time = 0.227 secs, Performance = 9360.889 GFLOPS
GCR: Convergence at 20 iterations, L2 relative residual: iterated = 3.953120e-11, true = 3.953120e-11 (requested = 1.000000e-10)
PyQUDA INFO: Time = 0.227 secs, Performance = 9361.835 GFLOPS
GCR: Convergence at 20 iterations, L2 relative residual: iterated = 3.925001e-11, true = 3.925001e-11 (requested = 1.000000e-10)
PyQUDA INFO: Time = 0.227 secs, Performance = 9372.859 GFLOPS
GCR: Convergence at 20 iterations, L2 relative residual: iterated = 5.609913e-11, true = 5.609913e-11 (requested = 1.000000e-10)
PyQUDA INFO: Time = 0.227 secs, Performance = 9384.723 GFLOPS
GCR: Convergence at 20 iterations, L2 relative residual: iterated = 3.582017e-11, true = 3.582017e-11 (requested = 1.000000e-10)
PyQUDA INFO: Time = 0.227 secs, Performance = 9361.778 GFLOPS
GCR: Convergence at 20 iterations, L2 relative residual: iterated = 6.057971e-11, true = 6.057971e-11 (requested = 1.000000e-10)
PyQUDA INFO: Time = 0.228 secs, Performance = 9339.161 GFLOPS
GCR: Convergence at 20 iterations, L2 relative residual: iterated = 3.475233e-11, true = 3.475233e-11 (requested = 1.000000e-10)
PyQUDA INFO: Time = 0.227 secs, Performance = 9383.316 GFLOPS
GCR: Convergence at 19 iterations, L2 relative residual: iterated = 9.038216e-11, true = 9.038216e-11 (requested = 1.000000e-10)
PyQUDA INFO: Time = 0.217 secs, Performance = 9324.442 GFLOPS
GCR: Convergence at 20 iterations, L2 relative residual: iterated = 4.444799e-11, true = 4.444799e-11 (requested = 1.000000e-10)
PyQUDA INFO: Time = 0.227 secs, Performance = 9380.047 GFLOPS
GCR: Convergence at 20 iterations, L2 relative residual: iterated = 5.421198e-11, true = 5.421198e-11 (requested = 1.000000e-10)
PyQUDA INFO: Time = 0.227 secs, Performance = 9357.226 GFLOPS
GCR: Convergence at 20 iterations, L2 relative residual: iterated = 4.775470e-11, true = 4.775470e-11 (requested = 1.000000e-10)
PyQUDA INFO: Time = 0.226 secs, Performance = 9392.330 GFLOPS
GCR: Convergence at 20 iterations, L2 relative residual: iterated = 5.722211e-11, true = 5.722211e-11 (requested = 1.000000e-10)
PyQUDA INFO: Time = 0.227 secs, Performance = 9368.814 GFLOPS
GCR: Convergence at 20 iterations, L2 relative residual: iterated = 3.992921e-11, true = 3.992921e-11 (requested = 1.000000e-10)
PyQUDA INFO: Time = 0.226 secs, Performance = 9393.657 GFLOPS
GCR: Convergence at 19 iterations, L2 relative residual: iterated = 7.978463e-11, true = 7.978463e-11 (requested = 1.000000e-10)
PyQUDA INFO: Time = 0.217 secs, Performance = 9343.462 GFLOPS
GCR: Convergence at 20 iterations, L2 relative residual: iterated = 4.715915e-11, true = 4.715915e-11 (requested = 1.000000e-10)
PyQUDA INFO: Time = 0.227 secs, Performance = 9365.433 GFLOPS
GCR: Convergence at 20 iterations, L2 relative residual: iterated = 3.401462e-11, true = 3.401462e-11 (requested = 1.000000e-10)
PyQUDA INFO: Time = 0.227 secs, Performance = 9363.400 GFLOPS
PyQUDA INFO: INVERT 2 propagagors: 5.427713815999596 secs
PyQUDA INFO: DOING SINK GAUSSIAN SMEARING
PyQUDA INFO: SINK GAUSSIAN SMEAR: 0.7466112530000828 secs
PyQUDA INFO: GPU used 59.7 GB
PyQUDA INFO: CONTRACT ALL: 3.328188126000896 secs
PyQUDA INFO: UNTIL CONTRACTION: 10.493764905000717 secs
PyQUDA INFO: INNER LOOP STARTS
PyQUDA INFO: SOURCE POSITION = [np.int64(15), np.int64(15), np.int64(31), np.int64(57)]
PyQUDA INFO: DOING SRC GAUSSIAN SMEARING
PyQUDA INFO: SOURCE GAUSSIAN SMEAR: 0.754702077998445 secs
PyQUDA INFO: RELOADING GAUGE
PyQUDA INFO: RELOADING GAUGE: 0.19731581100131734 secs
PyQUDA INFO: SOLVING DIRAC EQ
GCR: Convergence at 20 iterations, L2 relative residual: iterated = 3.953757e-11, true = 3.953757e-11 (requested = 1.000000e-10)
PyQUDA INFO: Time = 0.224 secs, Performance = 9488.410 GFLOPS
GCR: Convergence at 20 iterations, L2 relative residual: iterated = 4.555856e-11, true = 4.555856e-11 (requested = 1.000000e-10)
PyQUDA INFO: Time = 0.227 secs, Performance = 9384.723 GFLOPS
GCR: Convergence at 20 iterations, L2 relative residual: iterated = 6.030769e-11, true = 6.030769e-11 (requested = 1.000000e-10)
PyQUDA INFO: Time = 0.227 secs, Performance = 9359.695 GFLOPS
GCR: Convergence at 20 iterations, L2 relative residual: iterated = 5.428173e-11, true = 5.428173e-11 (requested = 1.000000e-10)
PyQUDA INFO: Time = 0.228 secs, Performance = 9356.733 GFLOPS
GCR: Convergence at 20 iterations, L2 relative residual: iterated = 6.154212e-11, true = 6.154212e-11 (requested = 1.000000e-10)
PyQUDA INFO: Time = 0.227 secs, Performance = 9363.936 GFLOPS
GCR: Convergence at 20 iterations, L2 relative residual: iterated = 4.050952e-11, true = 4.050952e-11 (requested = 1.000000e-10)
PyQUDA INFO: Time = 0.228 secs, Performance = 9341.704 GFLOPS
GCR: Convergence at 20 iterations, L2 relative residual: iterated = 7.011620e-11, true = 7.011620e-11 (requested = 1.000000e-10)
PyQUDA INFO: Time = 0.228 secs, Performance = 9353.115 GFLOPS
GCR: Convergence at 20 iterations, L2 relative residual: iterated = 4.598893e-11, true = 4.598893e-11 (requested = 1.000000e-10)
PyQUDA INFO: Time = 0.228 secs, Performance = 9313.657 GFLOPS
GCR: Convergence at 20 iterations, L2 relative residual: iterated = 4.021969e-11, true = 4.021969e-11 (requested = 1.000000e-10)
PyQUDA INFO: Time = 0.227 secs, Performance = 9372.900 GFLOPS
GCR: Convergence at 20 iterations, L2 relative residual: iterated = 6.795442e-11, true = 6.795442e-11 (requested = 1.000000e-10)
PyQUDA INFO: Time = 0.227 secs, Performance = 9362.247 GFLOPS
GCR: Convergence at 20 iterations, L2 relative residual: iterated = 4.300275e-11, true = 4.300275e-11 (requested = 1.000000e-10)
PyQUDA INFO: Time = 0.227 secs, Performance = 9358.543 GFLOPS
GCR: Convergence at 20 iterations, L2 relative residual: iterated = 5.749096e-11, true = 5.749096e-11 (requested = 1.000000e-10)
PyQUDA INFO: Time = 0.228 secs, Performance = 9348.549 GFLOPS
GCR: Convergence at 19 iterations, L2 relative residual: iterated = 8.594529e-11, true = 8.594529e-11 (requested = 1.000000e-10)
PyQUDA INFO: Time = 0.217 secs, Performance = 9326.454 GFLOPS
GCR: Convergence at 20 iterations, L2 relative residual: iterated = 6.076028e-11, true = 6.076028e-11 (requested = 1.000000e-10)
PyQUDA INFO: Time = 0.228 secs, Performance = 9348.795 GFLOPS
GCR: Convergence at 20 iterations, L2 relative residual: iterated = 5.985874e-11, true = 5.985874e-11 (requested = 1.000000e-10)
PyQUDA INFO: Time = 0.227 secs, Performance = 9357.432 GFLOPS
GCR: Convergence at 20 iterations, L2 relative residual: iterated = 4.375514e-11, true = 4.375514e-11 (requested = 1.000000e-10)
PyQUDA INFO: Time = 0.228 secs, Performance = 9338.997 GFLOPS
GCR: Convergence at 20 iterations, L2 relative residual: iterated = 5.424791e-11, true = 5.424791e-11 (requested = 1.000000e-10)
PyQUDA INFO: Time = 0.227 secs, Performance = 9356.897 GFLOPS
GCR: Convergence at 20 iterations, L2 relative residual: iterated = 4.574228e-11, true = 4.574228e-11 (requested = 1.000000e-10)
PyQUDA INFO: Time = 0.227 secs, Performance = 9368.897 GFLOPS
GCR: Convergence at 20 iterations, L2 relative residual: iterated = 6.392879e-11, true = 6.392879e-11 (requested = 1.000000e-10)
PyQUDA INFO: Time = 0.228 secs, Performance = 9355.540 GFLOPS
GCR: Convergence at 20 iterations, L2 relative residual: iterated = 6.225370e-11, true = 6.225370e-11 (requested = 1.000000e-10)
PyQUDA INFO: Time = 0.229 secs, Performance = 9319.345 GFLOPS
GCR: Convergence at 20 iterations, L2 relative residual: iterated = 6.769679e-11, true = 6.769679e-11 (requested = 1.000000e-10)
PyQUDA INFO: Time = 0.228 secs, Performance = 9327.750 GFLOPS
GCR: Convergence at 20 iterations, L2 relative residual: iterated = 4.837555e-11, true = 4.837555e-11 (requested = 1.000000e-10)
PyQUDA INFO: Time = 0.228 secs, Performance = 9345.882 GFLOPS
GCR: Convergence at 20 iterations, L2 relative residual: iterated = 5.354267e-11, true = 5.354267e-11 (requested = 1.000000e-10)
PyQUDA INFO: Time = 0.227 secs, Performance = 9362.206 GFLOPS
GCR: Convergence at 20 iterations, L2 relative residual: iterated = 4.573526e-11, true = 4.573526e-11 (requested = 1.000000e-10)
PyQUDA INFO: Time = 0.228 secs, Performance = 9347.441 GFLOPS
PyQUDA INFO: INVERT 2 propagagors: 5.454463316998954 secs
PyQUDA INFO: DOING SINK GAUSSIAN SMEARING
PyQUDA INFO: SINK GAUSSIAN SMEAR: 0.7477211090008495 secs
PyQUDA INFO: GPU used 59.7 GB
PyQUDA INFO: CONTRACT ALL: 3.3282014060005167 secs
PyQUDA INFO: UNTIL CONTRACTION: 10.517829721000453 secs
PyQUDA INFO: INNER LOOP STARTS
PyQUDA INFO: SOURCE POSITION = [np.int64(15), np.int64(31), np.int64(15), np.int64(57)]
PyQUDA INFO: DOING SRC GAUSSIAN SMEARING
PyQUDA INFO: SOURCE GAUSSIAN SMEAR: 0.7534150009996665 secs
PyQUDA INFO: RELOADING GAUGE
PyQUDA INFO: RELOADING GAUGE: 0.2017795460014895 secs
PyQUDA INFO: SOLVING DIRAC EQ
GCR: Convergence at 20 iterations, L2 relative residual: iterated = 4.743668e-11, true = 4.743668e-11 (requested = 1.000000e-10)
PyQUDA INFO: Time = 0.225 secs, Performance = 9445.163 GFLOPS
GCR: Convergence at 20 iterations, L2 relative residual: iterated = 5.100819e-11, true = 5.100819e-11 (requested = 1.000000e-10)
PyQUDA INFO: Time = 0.227 secs, Performance = 9362.824 GFLOPS
GCR: Convergence at 20 iterations, L2 relative residual: iterated = 4.759567e-11, true = 4.759567e-11 (requested = 1.000000e-10)
PyQUDA INFO: Time = 0.227 secs, Performance = 9362.247 GFLOPS
GCR: Convergence at 20 iterations, L2 relative residual: iterated = 4.781847e-11, true = 4.781847e-11 (requested = 1.000000e-10)
PyQUDA INFO: Time = 0.226 secs, Performance = 9403.999 GFLOPS
GCR: Convergence at 20 iterations, L2 relative residual: iterated = 3.993391e-11, true = 3.993391e-11 (requested = 1.000000e-10)
PyQUDA INFO: Time = 0.226 secs, Performance = 9404.623 GFLOPS
GCR: Convergence at 20 iterations, L2 relative residual: iterated = 4.236299e-11, true = 4.236299e-11 (requested = 1.000000e-10)
PyQUDA INFO: Time = 0.227 secs, Performance = 9372.676 GFLOPS
GCR: Convergence at 20 iterations, L2 relative residual: iterated = 5.100462e-11, true = 5.100462e-11 (requested = 1.000000e-10)
PyQUDA INFO: Time = 0.229 secs, Performance = 9288.609 GFLOPS
GCR: Convergence at 20 iterations, L2 relative residual: iterated = 3.305031e-11, true = 3.305031e-11 (requested = 1.000000e-10)
PyQUDA INFO: Time = 0.227 secs, Performance = 9390.107 GFLOPS
GCR: Convergence at 20 iterations, L2 relative residual: iterated = 6.146861e-11, true = 6.146861e-11 (requested = 1.000000e-10)
PyQUDA INFO: Time = 0.226 secs, Performance = 9400.520 GFLOPS
GCR: Convergence at 20 iterations, L2 relative residual: iterated = 4.388252e-11, true = 4.388252e-11 (requested = 1.000000e-10)
PyQUDA INFO: Time = 0.227 secs, Performance = 9378.416 GFLOPS
GCR: Convergence at 20 iterations, L2 relative residual: iterated = 4.906790e-11, true = 4.906790e-11 (requested = 1.000000e-10)
PyQUDA INFO: Time = 0.226 secs, Performance = 9402.639 GFLOPS
GCR: Convergence at 20 iterations, L2 relative residual: iterated = 5.004946e-11, true = 5.004946e-11 (requested = 1.000000e-10)
PyQUDA INFO: Time = 0.226 secs, Performance = 9413.281 GFLOPS
GCR: Convergence at 20 iterations, L2 relative residual: iterated = 3.784637e-11, true = 3.784637e-11 (requested = 1.000000e-10)
PyQUDA INFO: Time = 0.228 secs, Performance = 9332.858 GFLOPS
GCR: Convergence at 20 iterations, L2 relative residual: iterated = 4.262626e-11, true = 4.262626e-11 (requested = 1.000000e-10)
PyQUDA INFO: Time = 0.226 secs, Performance = 9398.942 GFLOPS
GCR: Convergence at 20 iterations, L2 relative residual: iterated = 3.646917e-11, true = 3.646917e-11 (requested = 1.000000e-10)
PyQUDA INFO: Time = 0.226 secs, Performance = 9400.229 GFLOPS
GCR: Convergence at 20 iterations, L2 relative residual: iterated = 3.597317e-11, true = 3.597317e-11 (requested = 1.000000e-10)
PyQUDA INFO: Time = 0.227 secs, Performance = 9383.749 GFLOPS
GCR: Convergence at 20 iterations, L2 relative residual: iterated = 4.631196e-11, true = 4.631196e-11 (requested = 1.000000e-10)
PyQUDA INFO: Time = 0.227 secs, Performance = 9363.881 GFLOPS
GCR: Convergence at 20 iterations, L2 relative residual: iterated = 5.398735e-11, true = 5.398735e-11 (requested = 1.000000e-10)
PyQUDA INFO: Time = 0.227 secs, Performance = 9373.461 GFLOPS
GCR: Convergence at 20 iterations, L2 relative residual: iterated = 4.714805e-11, true = 4.714805e-11 (requested = 1.000000e-10)
PyQUDA INFO: Time = 0.227 secs, Performance = 9370.242 GFLOPS
GCR: Convergence at 20 iterations, L2 relative residual: iterated = 4.815017e-11, true = 4.815017e-11 (requested = 1.000000e-10)
PyQUDA INFO: Time = 0.226 secs, Performance = 9410.199 GFLOPS
GCR: Convergence at 20 iterations, L2 relative residual: iterated = 4.289250e-11, true = 4.289250e-11 (requested = 1.000000e-10)
PyQUDA INFO: Time = 0.225 secs, Performance = 9431.900 GFLOPS
GCR: Convergence at 20 iterations, L2 relative residual: iterated = 4.147204e-11, true = 4.147204e-11 (requested = 1.000000e-10)
PyQUDA INFO: Time = 0.227 secs, Performance = 9384.370 GFLOPS
GCR: Convergence at 20 iterations, L2 relative residual: iterated = 5.283845e-11, true = 5.283845e-11 (requested = 1.000000e-10)
PyQUDA INFO: Time = 0.227 secs, Performance = 9392.138 GFLOPS
GCR: Convergence at 20 iterations, L2 relative residual: iterated = 4.163408e-11, true = 4.163408e-11 (requested = 1.000000e-10)
PyQUDA INFO: Time = 0.226 secs, Performance = 9405.798 GFLOPS
PyQUDA INFO: INVERT 2 propagagors: 5.446726906000549 secs
PyQUDA INFO: DOING SINK GAUSSIAN SMEARING
PyQUDA INFO: SINK GAUSSIAN SMEAR: 0.746257720000358 secs
PyQUDA INFO: GPU used 59.7 GB
PyQUDA INFO: CONTRACT ALL: 3.3292972660001396 secs
PyQUDA INFO: UNTIL CONTRACTION: 10.512703346999842 secs
PyQUDA INFO: INNER LOOP STARTS
PyQUDA INFO: SOURCE POSITION = [np.int64(15), np.int64(31), np.int64(31), np.int64(57)]
PyQUDA INFO: DOING SRC GAUSSIAN SMEARING
PyQUDA INFO: SOURCE GAUSSIAN SMEAR: 0.7544473850011855 secs
PyQUDA INFO: RELOADING GAUGE
PyQUDA INFO: RELOADING GAUGE: 0.19893264100028318 secs
PyQUDA INFO: SOLVING DIRAC EQ
GCR: Convergence at 20 iterations, L2 relative residual: iterated = 5.965054e-11, true = 5.965054e-11 (requested = 1.000000e-10)
PyQUDA INFO: Time = 0.225 secs, Performance = 9464.676 GFLOPS
GCR: Convergence at 19 iterations, L2 relative residual: iterated = 9.701910e-11, true = 9.701910e-11 (requested = 1.000000e-10)
PyQUDA INFO: Time = 0.216 secs, Performance = 9350.930 GFLOPS
GCR: Convergence at 20 iterations, L2 relative residual: iterated = 5.448741e-11, true = 5.448741e-11 (requested = 1.000000e-10)
PyQUDA INFO: Time = 0.229 secs, Performance = 9308.200 GFLOPS
GCR: Convergence at 20 iterations, L2 relative residual: iterated = 6.658748e-11, true = 6.658748e-11 (requested = 1.000000e-10)
PyQUDA INFO: Time = 0.226 secs, Performance = 9393.906 GFLOPS
GCR: Convergence at 20 iterations, L2 relative residual: iterated = 5.914740e-11, true = 5.914740e-11 (requested = 1.000000e-10)
PyQUDA INFO: Time = 0.228 secs, Performance = 9337.565 GFLOPS
GCR: Convergence at 20 iterations, L2 relative residual: iterated = 4.521353e-11, true = 4.521353e-11 (requested = 1.000000e-10)
PyQUDA INFO: Time = 0.227 secs, Performance = 9373.395 GFLOPS
GCR: Convergence at 20 iterations, L2 relative residual: iterated = 6.991108e-11, true = 6.991108e-11 (requested = 1.000000e-10)
PyQUDA INFO: Time = 0.228 secs, Performance = 9342.561 GFLOPS
GCR: Convergence at 20 iterations, L2 relative residual: iterated = 5.568226e-11, true = 5.568226e-11 (requested = 1.000000e-10)
PyQUDA INFO: Time = 0.228 secs, Performance = 9332.448 GFLOPS
GCR: Convergence at 20 iterations, L2 relative residual: iterated = 3.967068e-11, true = 3.967068e-11 (requested = 1.000000e-10)
PyQUDA INFO: Time = 0.227 secs, Performance = 9371.166 GFLOPS
GCR: Convergence at 20 iterations, L2 relative residual: iterated = 3.527851e-11, true = 3.527851e-11 (requested = 1.000000e-10)
PyQUDA INFO: Time = 0.229 secs, Performance = 9293.538 GFLOPS
GCR: Convergence at 19 iterations, L2 relative residual: iterated = 7.046479e-11, true = 7.046479e-11 (requested = 1.000000e-10)
PyQUDA INFO: Time = 0.217 secs, Performance = 9340.746 GFLOPS
GCR: Convergence at 20 iterations, L2 relative residual: iterated = 5.530486e-11, true = 5.530486e-11 (requested = 1.000000e-10)
PyQUDA INFO: Time = 0.227 secs, Performance = 9373.354 GFLOPS
GCR: Convergence at 20 iterations, L2 relative residual: iterated = 6.048268e-11, true = 6.048268e-11 (requested = 1.000000e-10)
PyQUDA INFO: Time = 0.228 secs, Performance = 9336.625 GFLOPS
GCR: Convergence at 20 iterations, L2 relative residual: iterated = 7.263473e-11, true = 7.263473e-11 (requested = 1.000000e-10)
PyQUDA INFO: Time = 0.227 secs, Performance = 9364.430 GFLOPS
GCR: Convergence at 20 iterations, L2 relative residual: iterated = 4.523361e-11, true = 4.523361e-11 (requested = 1.000000e-10)
PyQUDA INFO: Time = 0.227 secs, Performance = 9380.048 GFLOPS
GCR: Convergence at 20 iterations, L2 relative residual: iterated = 4.015683e-11, true = 4.015683e-11 (requested = 1.000000e-10)
PyQUDA INFO: Time = 0.228 secs, Performance = 9337.646 GFLOPS
GCR: Convergence at 20 iterations, L2 relative residual: iterated = 7.345106e-11, true = 7.345106e-11 (requested = 1.000000e-10)
PyQUDA INFO: Time = 0.229 secs, Performance = 9320.405 GFLOPS
GCR: Convergence at 20 iterations, L2 relative residual: iterated = 4.821948e-11, true = 4.821948e-11 (requested = 1.000000e-10)
PyQUDA INFO: Time = 0.228 secs, Performance = 9350.075 GFLOPS
GCR: Convergence at 20 iterations, L2 relative residual: iterated = 3.421895e-11, true = 3.421895e-11 (requested = 1.000000e-10)
PyQUDA INFO: Time = 0.228 secs, Performance = 9348.802 GFLOPS
GCR: Convergence at 20 iterations, L2 relative residual: iterated = 4.389317e-11, true = 4.389317e-11 (requested = 1.000000e-10)
PyQUDA INFO: Time = 0.227 secs, Performance = 9364.979 GFLOPS
GCR: Convergence at 20 iterations, L2 relative residual: iterated = 3.701399e-11, true = 3.701399e-11 (requested = 1.000000e-10)
PyQUDA INFO: Time = 0.228 secs, Performance = 9344.826 GFLOPS
GCR: Convergence at 20 iterations, L2 relative residual: iterated = 4.287689e-11, true = 4.287689e-11 (requested = 1.000000e-10)
PyQUDA INFO: Time = 0.228 secs, Performance = 9354.595 GFLOPS
GCR: Convergence at 20 iterations, L2 relative residual: iterated = 4.777460e-11, true = 4.777460e-11 (requested = 1.000000e-10)
PyQUDA INFO: Time = 0.228 secs, Performance = 9356.198 GFLOPS
GCR: Convergence at 20 iterations, L2 relative residual: iterated = 5.976672e-11, true = 5.976672e-11 (requested = 1.000000e-10)
PyQUDA INFO: Time = 0.227 secs, Performance = 9360.436 GFLOPS
PyQUDA INFO: INVERT 2 propagagors: 5.444320308000897 secs
PyQUDA INFO: DOING SINK GAUSSIAN SMEARING
PyQUDA INFO: SINK GAUSSIAN SMEAR: 0.7469314529989788 secs
PyQUDA INFO: GPU used 59.7 GB
PyQUDA INFO: CONTRACT ALL: 3.3282194699986576 secs
PyQUDA INFO: UNTIL CONTRACTION: 10.507864877999964 secs
PyQUDA INFO: INNER LOOP STARTS
PyQUDA INFO: SOURCE POSITION = [np.int64(31), np.int64(15), np.int64(15), np.int64(57)]
PyQUDA INFO: DOING SRC GAUSSIAN SMEARING
PyQUDA INFO: SOURCE GAUSSIAN SMEAR: 0.7521048020007584 secs
PyQUDA INFO: RELOADING GAUGE
PyQUDA INFO: RELOADING GAUGE: 0.2003432680012338 secs
PyQUDA INFO: SOLVING DIRAC EQ
GCR: Convergence at 20 iterations, L2 relative residual: iterated = 3.651793e-11, true = 3.651793e-11 (requested = 1.000000e-10)
PyQUDA INFO: Time = 0.225 secs, Performance = 9441.644 GFLOPS
GCR: Convergence at 20 iterations, L2 relative residual: iterated = 5.728268e-11, true = 5.728268e-11 (requested = 1.000000e-10)
PyQUDA INFO: Time = 0.227 secs, Performance = 9366.449 GFLOPS
GCR: Convergence at 20 iterations, L2 relative residual: iterated = 5.412915e-11, true = 5.412915e-11 (requested = 1.000000e-10)
PyQUDA INFO: Time = 0.227 secs, Performance = 9370.011 GFLOPS
GCR: Convergence at 20 iterations, L2 relative residual: iterated = 4.135211e-11, true = 4.135211e-11 (requested = 1.000000e-10)
PyQUDA INFO: Time = 0.227 secs, Performance = 9379.428 GFLOPS
GCR: Convergence at 20 iterations, L2 relative residual: iterated = 5.312523e-11, true = 5.312523e-11 (requested = 1.000000e-10)
PyQUDA INFO: Time = 0.227 secs, Performance = 9380.668 GFLOPS
GCR: Convergence at 20 iterations, L2 relative residual: iterated = 4.478565e-11, true = 4.478565e-11 (requested = 1.000000e-10)
PyQUDA INFO: Time = 0.228 secs, Performance = 9347.899 GFLOPS
GCR: Convergence at 19 iterations, L2 relative residual: iterated = 8.403777e-11, true = 8.403777e-11 (requested = 1.000000e-10)
PyQUDA INFO: Time = 0.216 secs, Performance = 9375.352 GFLOPS
GCR: Convergence at 19 iterations, L2 relative residual: iterated = 8.392722e-11, true = 8.392722e-11 (requested = 1.000000e-10)
PyQUDA INFO: Time = 0.216 secs, Performance = 9373.874 GFLOPS
GCR: Convergence at 19 iterations, L2 relative residual: iterated = 8.325008e-11, true = 8.325008e-11 (requested = 1.000000e-10)
PyQUDA INFO: Time = 0.216 secs, Performance = 9339.202 GFLOPS
GCR: Convergence at 19 iterations, L2 relative residual: iterated = 9.323684e-11, true = 9.323684e-11 (requested = 1.000000e-10)
PyQUDA INFO: Time = 0.216 secs, Performance = 9376.308 GFLOPS
GCR: Convergence at 20 iterations, L2 relative residual: iterated = 4.260022e-11, true = 4.260022e-11 (requested = 1.000000e-10)
PyQUDA INFO: Time = 0.227 secs, Performance = 9376.121 GFLOPS
GCR: Convergence at 20 iterations, L2 relative residual: iterated = 3.422042e-11, true = 3.422042e-11 (requested = 1.000000e-10)
PyQUDA INFO: Time = 0.227 secs, Performance = 9380.503 GFLOPS
GCR: Convergence at 20 iterations, L2 relative residual: iterated = 6.694326e-11, true = 6.694326e-11 (requested = 1.000000e-10)
PyQUDA INFO: Time = 0.228 secs, Performance = 9328.563 GFLOPS
GCR: Convergence at 20 iterations, L2 relative residual: iterated = 4.127396e-11, true = 4.127396e-11 (requested = 1.000000e-10)
PyQUDA INFO: Time = 0.227 secs, Performance = 9375.584 GFLOPS
GCR: Convergence at 20 iterations, L2 relative residual: iterated = 4.257847e-11, true = 4.257847e-11 (requested = 1.000000e-10)
PyQUDA INFO: Time = 0.226 secs, Performance = 9393.284 GFLOPS
GCR: Convergence at 20 iterations, L2 relative residual: iterated = 5.472792e-11, true = 5.472792e-11 (requested = 1.000000e-10)
PyQUDA INFO: Time = 0.227 secs, Performance = 9360.107 GFLOPS
GCR: Convergence at 19 iterations, L2 relative residual: iterated = 8.130619e-11, true = 8.130619e-11 (requested = 1.000000e-10)
PyQUDA INFO: Time = 0.216 secs, Performance = 9382.094 GFLOPS
GCR: Convergence at 20 iterations, L2 relative residual: iterated = 5.191760e-11, true = 5.191760e-11 (requested = 1.000000e-10)
PyQUDA INFO: Time = 0.228 secs, Performance = 9351.471 GFLOPS
GCR: Convergence at 20 iterations, L2 relative residual: iterated = 3.775982e-11, true = 3.775982e-11 (requested = 1.000000e-10)
PyQUDA INFO: Time = 0.227 secs, Performance = 9369.268 GFLOPS
GCR: Convergence at 20 iterations, L2 relative residual: iterated = 3.863104e-11, true = 3.863104e-11 (requested = 1.000000e-10)
PyQUDA INFO: Time = 0.227 secs, Performance = 9386.361 GFLOPS
GCR: Convergence at 19 iterations, L2 relative residual: iterated = 9.717223e-11, true = 9.717223e-11 (requested = 1.000000e-10)
PyQUDA INFO: Time = 0.217 secs, Performance = 9340.315 GFLOPS
GCR: Convergence at 20 iterations, L2 relative residual: iterated = 3.404198e-11, true = 3.404198e-11 (requested = 1.000000e-10)
PyQUDA INFO: Time = 0.226 secs, Performance = 9411.148 GFLOPS
GCR: Convergence at 19 iterations, L2 relative residual: iterated = 9.471012e-11, true = 9.471012e-11 (requested = 1.000000e-10)
PyQUDA INFO: Time = 0.216 secs, Performance = 9359.806 GFLOPS
GCR: Convergence at 20 iterations, L2 relative residual: iterated = 3.682696e-11, true = 3.682696e-11 (requested = 1.000000e-10)
PyQUDA INFO: Time = 0.226 secs, Performance = 9420.490 GFLOPS
PyQUDA INFO: INVERT 2 propagagors: 5.374116433000381 secs
PyQUDA INFO: DOING SINK GAUSSIAN SMEARING
PyQUDA INFO: SINK GAUSSIAN SMEAR: 0.7468351229999826 secs
PyQUDA INFO: GPU used 59.7 GB
PyQUDA INFO: CONTRACT ALL: 3.3291389049991267 secs
PyQUDA INFO: UNTIL CONTRACTION: 10.438505007999993 secs
PyQUDA INFO: INNER LOOP STARTS
PyQUDA INFO: SOURCE POSITION = [np.int64(31), np.int64(15), np.int64(31), np.int64(57)]
PyQUDA INFO: DOING SRC GAUSSIAN SMEARING
PyQUDA INFO: SOURCE GAUSSIAN SMEAR: 0.754078992000359 secs
PyQUDA INFO: RELOADING GAUGE
PyQUDA INFO: RELOADING GAUGE: 0.20043147900105396 secs
PyQUDA INFO: SOLVING DIRAC EQ
GCR: Convergence at 20 iterations, L2 relative residual: iterated = 4.343248e-11, true = 4.343248e-11 (requested = 1.000000e-10)
PyQUDA INFO: Time = 0.226 secs, Performance = 9438.295 GFLOPS
GCR: Convergence at 19 iterations, L2 relative residual: iterated = 9.207581e-11, true = 9.207581e-11 (requested = 1.000000e-10)
PyQUDA INFO: Time = 0.216 secs, Performance = 9377.308 GFLOPS
GCR: Convergence at 20 iterations, L2 relative residual: iterated = 3.737683e-11, true = 3.737683e-11 (requested = 1.000000e-10)
PyQUDA INFO: Time = 0.227 secs, Performance = 9363.071 GFLOPS
GCR: Convergence at 20 iterations, L2 relative residual: iterated = 4.205270e-11, true = 4.205270e-11 (requested = 1.000000e-10)
PyQUDA INFO: Time = 0.228 secs, Performance = 9355.993 GFLOPS
GCR: Convergence at 20 iterations, L2 relative residual: iterated = 3.800102e-11, true = 3.800102e-11 (requested = 1.000000e-10)
PyQUDA INFO: Time = 0.227 secs, Performance = 9372.859 GFLOPS
GCR: Convergence at 20 iterations, L2 relative residual: iterated = 4.603830e-11, true = 4.603830e-11 (requested = 1.000000e-10)
PyQUDA INFO: Time = 0.227 secs, Performance = 9366.257 GFLOPS
GCR: Convergence at 20 iterations, L2 relative residual: iterated = 3.573807e-11, true = 3.573807e-11 (requested = 1.000000e-10)
PyQUDA INFO: Time = 0.227 secs, Performance = 9374.758 GFLOPS
GCR: Convergence at 20 iterations, L2 relative residual: iterated = 3.814609e-11, true = 3.814609e-11 (requested = 1.000000e-10)
PyQUDA INFO: Time = 0.228 secs, Performance = 9348.720 GFLOPS
GCR: Convergence at 19 iterations, L2 relative residual: iterated = 9.390453e-11, true = 9.390453e-11 (requested = 1.000000e-10)
PyQUDA INFO: Time = 0.217 secs, Performance = 9338.936 GFLOPS
GCR: Convergence at 20 iterations, L2 relative residual: iterated = 4.937353e-11, true = 4.937353e-11 (requested = 1.000000e-10)
PyQUDA INFO: Time = 0.227 secs, Performance = 9357.021 GFLOPS
GCR: Convergence at 20 iterations, L2 relative residual: iterated = 3.981875e-11, true = 3.981875e-11 (requested = 1.000000e-10)
PyQUDA INFO: Time = 0.227 secs, Performance = 9378.455 GFLOPS
GCR: Convergence at 19 iterations, L2 relative residual: iterated = 9.750319e-11, true = 9.750319e-11 (requested = 1.000000e-10)
PyQUDA INFO: Time = 0.216 secs, Performance = 9364.744 GFLOPS
GCR: Convergence at 20 iterations, L2 relative residual: iterated = 4.138743e-11, true = 4.138743e-11 (requested = 1.000000e-10)
PyQUDA INFO: Time = 0.229 secs, Performance = 9274.845 GFLOPS
GCR: Convergence at 20 iterations, L2 relative residual: iterated = 4.502657e-11, true = 4.502657e-11 (requested = 1.000000e-10)
PyQUDA INFO: Time = 0.227 secs, Performance = 9384.309 GFLOPS
GCR: Convergence at 20 iterations, L2 relative residual: iterated = 3.848726e-11, true = 3.848726e-11 (requested = 1.000000e-10)
PyQUDA INFO: Time = 0.228 secs, Performance = 9352.745 GFLOPS
GCR: Convergence at 19 iterations, L2 relative residual: iterated = 9.961415e-11, true = 9.961415e-11 (requested = 1.000000e-10)
PyQUDA INFO: Time = 0.217 secs, Performance = 9344.066 GFLOPS
GCR: Convergence at 19 iterations, L2 relative residual: iterated = 8.542300e-11, true = 8.542300e-11 (requested = 1.000000e-10)
PyQUDA INFO: Time = 0.217 secs, Performance = 9327.443 GFLOPS
GCR: Convergence at 20 iterations, L2 relative residual: iterated = 4.057253e-11, true = 4.057253e-11 (requested = 1.000000e-10)
PyQUDA INFO: Time = 0.228 secs, Performance = 9354.882 GFLOPS
GCR: Convergence at 20 iterations, L2 relative residual: iterated = 4.496484e-11, true = 4.496484e-11 (requested = 1.000000e-10)
PyQUDA INFO: Time = 0.227 secs, Performance = 9372.652 GFLOPS
GCR: Convergence at 20 iterations, L2 relative residual: iterated = 4.298443e-11, true = 4.298443e-11 (requested = 1.000000e-10)
PyQUDA INFO: Time = 0.227 secs, Performance = 9370.258 GFLOPS
GCR: Convergence at 20 iterations, L2 relative residual: iterated = 3.974262e-11, true = 3.974262e-11 (requested = 1.000000e-10)
PyQUDA INFO: Time = 0.228 secs, Performance = 9339.652 GFLOPS
GCR: Convergence at 19 iterations, L2 relative residual: iterated = 8.566843e-11, true = 8.566843e-11 (requested = 1.000000e-10)
PyQUDA INFO: Time = 0.217 secs, Performance = 9342.513 GFLOPS
GCR: Convergence at 19 iterations, L2 relative residual: iterated = 8.967939e-11, true = 8.967939e-11 (requested = 1.000000e-10)
PyQUDA INFO: Time = 0.216 secs, Performance = 9357.944 GFLOPS
GCR: Convergence at 20 iterations, L2 relative residual: iterated = 4.348608e-11, true = 4.348608e-11 (requested = 1.000000e-10)
PyQUDA INFO: Time = 0.226 secs, Performance = 9396.188 GFLOPS
PyQUDA INFO: INVERT 2 propagagors: 5.383434593999482 secs
PyQUDA INFO: DOING SINK GAUSSIAN SMEARING
PyQUDA INFO: SINK GAUSSIAN SMEAR: 0.7452022940015013 secs
PyQUDA INFO: GPU used 59.7 GB
PyQUDA INFO: CONTRACT ALL: 3.3286747120000655 secs
PyQUDA INFO: UNTIL CONTRACTION: 10.447031854999295 secs
PyQUDA INFO: INNER LOOP STARTS
PyQUDA INFO: SOURCE POSITION = [np.int64(31), np.int64(31), np.int64(15), np.int64(57)]
PyQUDA INFO: DOING SRC GAUSSIAN SMEARING
PyQUDA INFO: SOURCE GAUSSIAN SMEAR: 0.7529407759993774 secs
PyQUDA INFO: RELOADING GAUGE
PyQUDA INFO: RELOADING GAUGE: 0.19924162200004503 secs
PyQUDA INFO: SOLVING DIRAC EQ
GCR: Convergence at 20 iterations, L2 relative residual: iterated = 3.966224e-11, true = 3.966224e-11 (requested = 1.000000e-10)
PyQUDA INFO: Time = 0.224 secs, Performance = 9484.113 GFLOPS
GCR: Convergence at 20 iterations, L2 relative residual: iterated = 3.958336e-11, true = 3.958336e-11 (requested = 1.000000e-10)
PyQUDA INFO: Time = 0.227 secs, Performance = 9384.122 GFLOPS
GCR: Convergence at 20 iterations, L2 relative residual: iterated = 4.793680e-11, true = 4.793680e-11 (requested = 1.000000e-10)
PyQUDA INFO: Time = 0.226 secs, Performance = 9410.407 GFLOPS
GCR: Convergence at 20 iterations, L2 relative residual: iterated = 4.411972e-11, true = 4.411972e-11 (requested = 1.000000e-10)
PyQUDA INFO: Time = 0.227 secs, Performance = 9386.089 GFLOPS
GCR: Convergence at 20 iterations, L2 relative residual: iterated = 4.588842e-11, true = 4.588842e-11 (requested = 1.000000e-10)
PyQUDA INFO: Time = 0.227 secs, Performance = 9375.460 GFLOPS
GCR: Convergence at 20 iterations, L2 relative residual: iterated = 3.740842e-11, true = 3.740842e-11 (requested = 1.000000e-10)
PyQUDA INFO: Time = 0.227 secs, Performance = 9367.206 GFLOPS
GCR: Convergence at 20 iterations, L2 relative residual: iterated = 7.215031e-11, true = 7.215031e-11 (requested = 1.000000e-10)
PyQUDA INFO: Time = 0.228 secs, Performance = 9349.911 GFLOPS
GCR: Convergence at 20 iterations, L2 relative residual: iterated = 3.931929e-11, true = 3.931929e-11 (requested = 1.000000e-10)
PyQUDA INFO: Time = 0.226 secs, Performance = 9405.153 GFLOPS
GCR: Convergence at 20 iterations, L2 relative residual: iterated = 5.327981e-11, true = 5.327981e-11 (requested = 1.000000e-10)
PyQUDA INFO: Time = 0.227 secs, Performance = 9375.502 GFLOPS
GCR: Convergence at 20 iterations, L2 relative residual: iterated = 4.938745e-11, true = 4.938745e-11 (requested = 1.000000e-10)
PyQUDA INFO: Time = 0.226 secs, Performance = 9392.661 GFLOPS
GCR: Convergence at 20 iterations, L2 relative residual: iterated = 3.983703e-11, true = 3.983703e-11 (requested = 1.000000e-10)
PyQUDA INFO: Time = 0.227 secs, Performance = 9367.536 GFLOPS
GCR: Convergence at 20 iterations, L2 relative residual: iterated = 7.135242e-11, true = 7.135242e-11 (requested = 1.000000e-10)
PyQUDA INFO: Time = 0.227 secs, Performance = 9379.097 GFLOPS
GCR: Convergence at 20 iterations, L2 relative residual: iterated = 4.214628e-11, true = 4.214628e-11 (requested = 1.000000e-10)
PyQUDA INFO: Time = 0.227 secs, Performance = 9359.841 GFLOPS
GCR: Convergence at 20 iterations, L2 relative residual: iterated = 3.761971e-11, true = 3.761971e-11 (requested = 1.000000e-10)
PyQUDA INFO: Time = 0.227 secs, Performance = 9383.399 GFLOPS
GCR: Convergence at 20 iterations, L2 relative residual: iterated = 5.265067e-11, true = 5.265067e-11 (requested = 1.000000e-10)
PyQUDA INFO: Time = 0.227 secs, Performance = 9375.213 GFLOPS
GCR: Convergence at 20 iterations, L2 relative residual: iterated = 4.433553e-11, true = 4.433553e-11 (requested = 1.000000e-10)
PyQUDA INFO: Time = 0.226 secs, Performance = 9408.774 GFLOPS
GCR: Convergence at 19 iterations, L2 relative residual: iterated = 8.651548e-11, true = 8.651548e-11 (requested = 1.000000e-10)
PyQUDA INFO: Time = 0.216 secs, Performance = 9380.309 GFLOPS
GCR: Convergence at 19 iterations, L2 relative residual: iterated = 8.925130e-11, true = 8.925130e-11 (requested = 1.000000e-10)
PyQUDA INFO: Time = 0.215 secs, Performance = 9408.701 GFLOPS
GCR: Convergence at 21 iterations, L2 relative residual: iterated = 3.362021e-11, true = 3.362021e-11 (requested = 1.000000e-10)
PyQUDA INFO: Time = 0.238 secs, Performance = 9393.281 GFLOPS
GCR: Convergence at 20 iterations, L2 relative residual: iterated = 5.427131e-11, true = 5.427131e-11 (requested = 1.000000e-10)
PyQUDA INFO: Time = 0.226 secs, Performance = 9400.038 GFLOPS
GCR: Convergence at 20 iterations, L2 relative residual: iterated = 5.194866e-11, true = 5.194866e-11 (requested = 1.000000e-10)
PyQUDA INFO: Time = 0.228 secs, Performance = 9354.636 GFLOPS
GCR: Convergence at 20 iterations, L2 relative residual: iterated = 4.239219e-11, true = 4.239219e-11 (requested = 1.000000e-10)
PyQUDA INFO: Time = 0.226 secs, Performance = 9392.993 GFLOPS
GCR: Convergence at 20 iterations, L2 relative residual: iterated = 3.596555e-11, true = 3.596555e-11 (requested = 1.000000e-10)
PyQUDA INFO: Time = 0.227 secs, Performance = 9357.885 GFLOPS
GCR: Convergence at 20 iterations, L2 relative residual: iterated = 5.522428e-11, true = 5.522428e-11 (requested = 1.000000e-10)
PyQUDA INFO: Time = 0.227 secs, Performance = 9384.144 GFLOPS
PyQUDA INFO: INVERT 2 propagagors: 5.4335929680000845 secs
PyQUDA INFO: DOING SINK GAUSSIAN SMEARING
PyQUDA INFO: SINK GAUSSIAN SMEAR: 0.7462571899995964 secs
PyQUDA INFO: GPU used 59.7 GB
PyQUDA INFO: CONTRACT ALL: 3.328270710000652 secs
PyQUDA INFO: UNTIL CONTRACTION: 10.495626051000727 secs
PyQUDA INFO: INNER LOOP STARTS
PyQUDA INFO: SOURCE POSITION = [np.int64(31), np.int64(31), np.int64(31), np.int64(57)]
PyQUDA INFO: DOING SRC GAUSSIAN SMEARING
PyQUDA INFO: SOURCE GAUSSIAN SMEAR: 0.7545989549998922 secs
PyQUDA INFO: RELOADING GAUGE
PyQUDA INFO: RELOADING GAUGE: 0.19728584100084845 secs
PyQUDA INFO: SOLVING DIRAC EQ
GCR: Convergence at 20 iterations, L2 relative residual: iterated = 4.604324e-11, true = 4.604324e-11 (requested = 1.000000e-10)
PyQUDA INFO: Time = 0.225 secs, Performance = 9464.565 GFLOPS
GCR: Convergence at 19 iterations, L2 relative residual: iterated = 7.398873e-11, true = 7.398873e-11 (requested = 1.000000e-10)
PyQUDA INFO: Time = 0.215 secs, Performance = 9389.979 GFLOPS
GCR: Convergence at 20 iterations, L2 relative residual: iterated = 3.646905e-11, true = 3.646905e-11 (requested = 1.000000e-10)
PyQUDA INFO: Time = 0.227 secs, Performance = 9384.226 GFLOPS
GCR: Convergence at 20 iterations, L2 relative residual: iterated = 3.863795e-11, true = 3.863795e-11 (requested = 1.000000e-10)
PyQUDA INFO: Time = 0.228 secs, Performance = 9350.568 GFLOPS
GCR: Convergence at 20 iterations, L2 relative residual: iterated = 4.875063e-11, true = 4.875063e-11 (requested = 1.000000e-10)
PyQUDA INFO: Time = 0.226 secs, Performance = 9405.871 GFLOPS
GCR: Convergence at 20 iterations, L2 relative residual: iterated = 3.644856e-11, true = 3.644856e-11 (requested = 1.000000e-10)
PyQUDA INFO: Time = 0.227 secs, Performance = 9388.598 GFLOPS
GCR: Convergence at 20 iterations, L2 relative residual: iterated = 5.292127e-11, true = 5.292127e-11 (requested = 1.000000e-10)
PyQUDA INFO: Time = 0.228 secs, Performance = 9333.594 GFLOPS
GCR: Convergence at 20 iterations, L2 relative residual: iterated = 5.706261e-11, true = 5.706261e-11 (requested = 1.000000e-10)
PyQUDA INFO: Time = 0.228 secs, Performance = 9336.950 GFLOPS
GCR: Convergence at 20 iterations, L2 relative residual: iterated = 5.998944e-11, true = 5.998944e-11 (requested = 1.000000e-10)
PyQUDA INFO: Time = 0.228 secs, Performance = 9338.710 GFLOPS
GCR: Convergence at 20 iterations, L2 relative residual: iterated = 4.953382e-11, true = 4.953382e-11 (requested = 1.000000e-10)
PyQUDA INFO: Time = 0.227 secs, Performance = 9376.452 GFLOPS
GCR: Convergence at 19 iterations, L2 relative residual: iterated = 9.754641e-11, true = 9.754641e-11 (requested = 1.000000e-10)
PyQUDA INFO: Time = 0.216 secs, Performance = 9359.892 GFLOPS
GCR: Convergence at 20 iterations, L2 relative residual: iterated = 4.891300e-11, true = 4.891300e-11 (requested = 1.000000e-10)
PyQUDA INFO: Time = 0.228 secs, Performance = 9344.816 GFLOPS
GCR: Convergence at 19 iterations, L2 relative residual: iterated = 9.092396e-11, true = 9.092396e-11 (requested = 1.000000e-10)
PyQUDA INFO: Time = 0.217 secs, Performance = 9333.079 GFLOPS
GCR: Convergence at 20 iterations, L2 relative residual: iterated = 3.306947e-11, true = 3.306947e-11 (requested = 1.000000e-10)
PyQUDA INFO: Time = 0.227 secs, Performance = 9386.213 GFLOPS
GCR: Convergence at 20 iterations, L2 relative residual: iterated = 4.297810e-11, true = 4.297810e-11 (requested = 1.000000e-10)
PyQUDA INFO: Time = 0.228 secs, Performance = 9313.249 GFLOPS
GCR: Convergence at 20 iterations, L2 relative residual: iterated = 4.733569e-11, true = 4.733569e-11 (requested = 1.000000e-10)
PyQUDA INFO: Time = 0.227 secs, Performance = 9374.139 GFLOPS
GCR: Convergence at 20 iterations, L2 relative residual: iterated = 4.562860e-11, true = 4.562860e-11 (requested = 1.000000e-10)
PyQUDA INFO: Time = 0.227 secs, Performance = 9362.330 GFLOPS
GCR: Convergence at 20 iterations, L2 relative residual: iterated = 3.755202e-11, true = 3.755202e-11 (requested = 1.000000e-10)
PyQUDA INFO: Time = 0.227 secs, Performance = 9366.051 GFLOPS
GCR: Convergence at 20 iterations, L2 relative residual: iterated = 5.213317e-11, true = 5.213317e-11 (requested = 1.000000e-10)
PyQUDA INFO: Time = 0.228 secs, Performance = 9335.231 GFLOPS
GCR: Convergence at 20 iterations, L2 relative residual: iterated = 3.949803e-11, true = 3.949803e-11 (requested = 1.000000e-10)
PyQUDA INFO: Time = 0.228 secs, Performance = 9333.798 GFLOPS
GCR: Convergence at 20 iterations, L2 relative residual: iterated = 4.030990e-11, true = 4.030990e-11 (requested = 1.000000e-10)
PyQUDA INFO: Time = 0.227 secs, Performance = 9360.395 GFLOPS
GCR: Convergence at 20 iterations, L2 relative residual: iterated = 5.668966e-11, true = 5.668966e-11 (requested = 1.000000e-10)
PyQUDA INFO: Time = 0.227 secs, Performance = 9359.366 GFLOPS
GCR: Convergence at 20 iterations, L2 relative residual: iterated = 3.810083e-11, true = 3.810083e-11 (requested = 1.000000e-10)
PyQUDA INFO: Time = 0.227 secs, Performance = 9373.932 GFLOPS
GCR: Convergence at 20 iterations, L2 relative residual: iterated = 5.425986e-11, true = 5.425986e-11 (requested = 1.000000e-10)
PyQUDA INFO: Time = 0.228 secs, Performance = 9325.137 GFLOPS
PyQUDA INFO: INVERT 2 propagagors: 5.427877046999129 secs
PyQUDA INFO: DOING SINK GAUSSIAN SMEARING
PyQUDA INFO: SINK GAUSSIAN SMEAR: 0.746956864000822 secs
PyQUDA INFO: GPU used 59.7 GB
PyQUDA INFO: CONTRACT ALL: 3.3280399200011743 secs
PyQUDA INFO: UNTIL CONTRACTION: 10.49052568299885 secs
PyQUDA INFO: INNER LOOP STARTS
PyQUDA INFO: SOURCE POSITION = [np.int64(15), np.int64(15), np.int64(15), np.int64(89)]
PyQUDA INFO: DOING SRC GAUSSIAN SMEARING
PyQUDA INFO: SOURCE GAUSSIAN SMEAR: 0.7536058799996681 secs
PyQUDA INFO: RELOADING GAUGE
PyQUDA INFO: RELOADING GAUGE: 0.2019046259993047 secs
PyQUDA INFO: SOLVING DIRAC EQ
GCR: Convergence at 20 iterations, L2 relative residual: iterated = 3.395862e-11, true = 3.395862e-11 (requested = 1.000000e-10)
PyQUDA INFO: Time = 0.224 secs, Performance = 9479.909 GFLOPS
GCR: Convergence at 20 iterations, L2 relative residual: iterated = 4.306675e-11, true = 4.306675e-11 (requested = 1.000000e-10)
PyQUDA INFO: Time = 0.226 secs, Performance = 9420.198 GFLOPS
GCR: Convergence at 20 iterations, L2 relative residual: iterated = 4.880447e-11, true = 4.880447e-11 (requested = 1.000000e-10)
PyQUDA INFO: Time = 0.227 secs, Performance = 9380.544 GFLOPS
GCR: Convergence at 20 iterations, L2 relative residual: iterated = 3.782087e-11, true = 3.782087e-11 (requested = 1.000000e-10)
PyQUDA INFO: Time = 0.227 secs, Performance = 9379.139 GFLOPS
GCR: Convergence at 20 iterations, L2 relative residual: iterated = 4.249299e-11, true = 4.249299e-11 (requested = 1.000000e-10)
PyQUDA INFO: Time = 0.227 secs, Performance = 9378.582 GFLOPS
GCR: Convergence at 20 iterations, L2 relative residual: iterated = 4.508392e-11, true = 4.508392e-11 (requested = 1.000000e-10)
PyQUDA INFO: Time = 0.227 secs, Performance = 9391.972 GFLOPS
GCR: Convergence at 20 iterations, L2 relative residual: iterated = 4.655594e-11, true = 4.655594e-11 (requested = 1.000000e-10)
PyQUDA INFO: Time = 0.227 secs, Performance = 9367.562 GFLOPS
GCR: Convergence at 20 iterations, L2 relative residual: iterated = 4.067611e-11, true = 4.067611e-11 (requested = 1.000000e-10)
PyQUDA INFO: Time = 0.228 secs, Performance = 9332.776 GFLOPS
GCR: Convergence at 20 iterations, L2 relative residual: iterated = 4.187979e-11, true = 4.187979e-11 (requested = 1.000000e-10)
PyQUDA INFO: Time = 0.227 secs, Performance = 9373.584 GFLOPS
GCR: Convergence at 20 iterations, L2 relative residual: iterated = 3.582535e-11, true = 3.582535e-11 (requested = 1.000000e-10)
PyQUDA INFO: Time = 0.226 secs, Performance = 9394.585 GFLOPS
GCR: Convergence at 20 iterations, L2 relative residual: iterated = 4.770527e-11, true = 4.770527e-11 (requested = 1.000000e-10)
PyQUDA INFO: Time = 0.227 secs, Performance = 9378.188 GFLOPS
GCR: Convergence at 20 iterations, L2 relative residual: iterated = 3.665631e-11, true = 3.665631e-11 (requested = 1.000000e-10)
PyQUDA INFO: Time = 0.228 secs, Performance = 9349.657 GFLOPS
GCR: Convergence at 20 iterations, L2 relative residual: iterated = 4.352431e-11, true = 4.352431e-11 (requested = 1.000000e-10)
PyQUDA INFO: Time = 0.228 secs, Performance = 9323.742 GFLOPS
GCR: Convergence at 20 iterations, L2 relative residual: iterated = 3.733886e-11, true = 3.733886e-11 (requested = 1.000000e-10)
PyQUDA INFO: Time = 0.227 secs, Performance = 9347.260 GFLOPS
GCR: Convergence at 20 iterations, L2 relative residual: iterated = 3.700983e-11, true = 3.700983e-11 (requested = 1.000000e-10)
PyQUDA INFO: Time = 0.226 secs, Performance = 9410.024 GFLOPS
GCR: Convergence at 20 iterations, L2 relative residual: iterated = 5.652087e-11, true = 5.652087e-11 (requested = 1.000000e-10)
PyQUDA INFO: Time = 0.227 secs, Performance = 9387.686 GFLOPS
GCR: Convergence at 20 iterations, L2 relative residual: iterated = 3.650608e-11, true = 3.650608e-11 (requested = 1.000000e-10)
PyQUDA INFO: Time = 0.227 secs, Performance = 9375.378 GFLOPS
GCR: Convergence at 20 iterations, L2 relative residual: iterated = 4.583723e-11, true = 4.583723e-11 (requested = 1.000000e-10)
PyQUDA INFO: Time = 0.228 secs, Performance = 9349.007 GFLOPS
GCR: Convergence at 20 iterations, L2 relative residual: iterated = 4.348808e-11, true = 4.348808e-11 (requested = 1.000000e-10)
PyQUDA INFO: Time = 0.227 secs, Performance = 9368.154 GFLOPS
GCR: Convergence at 20 iterations, L2 relative residual: iterated = 4.414824e-11, true = 4.414824e-11 (requested = 1.000000e-10)
PyQUDA INFO: Time = 0.227 secs, Performance = 9367.453 GFLOPS
GCR: Convergence at 19 iterations, L2 relative residual: iterated = 9.679981e-11, true = 9.679981e-11 (requested = 1.000000e-10)
PyQUDA INFO: Time = 0.217 secs, Performance = 9342.600 GFLOPS
GCR: Convergence at 20 iterations, L2 relative residual: iterated = 5.577018e-11, true = 5.577018e-11 (requested = 1.000000e-10)
PyQUDA INFO: Time = 0.227 secs, Performance = 9379.965 GFLOPS
GCR: Convergence at 20 iterations, L2 relative residual: iterated = 5.246667e-11, true = 5.246667e-11 (requested = 1.000000e-10)
PyQUDA INFO: Time = 0.227 secs, Performance = 9357.268 GFLOPS
GCR: Convergence at 19 iterations, L2 relative residual: iterated = 9.288034e-11, true = 9.288034e-11 (requested = 1.000000e-10)
PyQUDA INFO: Time = 0.217 secs, Performance = 9345.058 GFLOPS
PyQUDA INFO: INVERT 2 propagagors: 5.4309793440006615 secs
PyQUDA INFO: DOING SINK GAUSSIAN SMEARING
PyQUDA INFO: SINK GAUSSIAN SMEAR: 0.7458477280015359 secs
PyQUDA INFO: GPU used 59.7 GB
PyQUDA INFO: CONTRACT ALL: 3.3284357309985353 secs
PyQUDA INFO: UNTIL CONTRACTION: 10.496588796999276 secs
PyQUDA INFO: INNER LOOP STARTS
PyQUDA INFO: SOURCE POSITION = [np.int64(15), np.int64(15), np.int64(31), np.int64(89)]
PyQUDA INFO: DOING SRC GAUSSIAN SMEARING
PyQUDA INFO: SOURCE GAUSSIAN SMEAR: 0.7526379549999547 secs
PyQUDA INFO: RELOADING GAUGE
PyQUDA INFO: RELOADING GAUGE: 0.19821699599924614 secs
PyQUDA INFO: SOLVING DIRAC EQ
GCR: Convergence at 20 iterations, L2 relative residual: iterated = 4.434675e-11, true = 4.434675e-11 (requested = 1.000000e-10)
PyQUDA INFO: Time = 0.224 secs, Performance = 9478.979 GFLOPS
GCR: Convergence at 20 iterations, L2 relative residual: iterated = 4.607337e-11, true = 4.607337e-11 (requested = 1.000000e-10)
PyQUDA INFO: Time = 0.226 secs, Performance = 9395.524 GFLOPS
GCR: Convergence at 20 iterations, L2 relative residual: iterated = 4.171011e-11, true = 4.171011e-11 (requested = 1.000000e-10)
PyQUDA INFO: Time = 0.226 secs, Performance = 9394.445 GFLOPS
GCR: Convergence at 20 iterations, L2 relative residual: iterated = 3.697330e-11, true = 3.697330e-11 (requested = 1.000000e-10)
PyQUDA INFO: Time = 0.226 secs, Performance = 9407.067 GFLOPS
GCR: Convergence at 20 iterations, L2 relative residual: iterated = 3.798436e-11, true = 3.798436e-11 (requested = 1.000000e-10)
PyQUDA INFO: Time = 0.227 secs, Performance = 9368.072 GFLOPS
GCR: Convergence at 19 iterations, L2 relative residual: iterated = 6.682267e-11, true = 6.682267e-11 (requested = 1.000000e-10)
PyQUDA INFO: Time = 0.217 secs, Performance = 9336.954 GFLOPS
GCR: Convergence at 20 iterations, L2 relative residual: iterated = 3.793425e-11, true = 3.793425e-11 (requested = 1.000000e-10)
PyQUDA INFO: Time = 0.228 secs, Performance = 9351.759 GFLOPS
GCR: Convergence at 20 iterations, L2 relative residual: iterated = 4.980193e-11, true = 4.980193e-11 (requested = 1.000000e-10)
PyQUDA INFO: Time = 0.228 secs, Performance = 9349.952 GFLOPS
GCR: Convergence at 20 iterations, L2 relative residual: iterated = 4.418152e-11, true = 4.418152e-11 (requested = 1.000000e-10)
PyQUDA INFO: Time = 0.228 secs, Performance = 9339.693 GFLOPS
GCR: Convergence at 20 iterations, L2 relative residual: iterated = 5.318219e-11, true = 5.318219e-11 (requested = 1.000000e-10)
PyQUDA INFO: Time = 0.227 secs, Performance = 9377.320 GFLOPS
GCR: Convergence at 20 iterations, L2 relative residual: iterated = 3.736796e-11, true = 3.736796e-11 (requested = 1.000000e-10)
PyQUDA INFO: Time = 0.228 secs, Performance = 9342.110 GFLOPS
GCR: Convergence at 20 iterations, L2 relative residual: iterated = 5.710692e-11, true = 5.710692e-11 (requested = 1.000000e-10)
PyQUDA INFO: Time = 0.228 secs, Performance = 9323.746 GFLOPS
GCR: Convergence at 20 iterations, L2 relative residual: iterated = 6.051750e-11, true = 6.051750e-11 (requested = 1.000000e-10)
PyQUDA INFO: Time = 0.228 secs, Performance = 9342.323 GFLOPS
GCR: Convergence at 20 iterations, L2 relative residual: iterated = 4.462661e-11, true = 4.462661e-11 (requested = 1.000000e-10)
PyQUDA INFO: Time = 0.226 secs, Performance = 9394.321 GFLOPS
GCR: Convergence at 20 iterations, L2 relative residual: iterated = 4.243446e-11, true = 4.243446e-11 (requested = 1.000000e-10)
PyQUDA INFO: Time = 0.226 secs, Performance = 9411.440 GFLOPS
GCR: Convergence at 20 iterations, L2 relative residual: iterated = 3.759280e-11, true = 3.759280e-11 (requested = 1.000000e-10)
PyQUDA INFO: Time = 0.226 secs, Performance = 9391.790 GFLOPS
GCR: Convergence at 20 iterations, L2 relative residual: iterated = 4.139967e-11, true = 4.139967e-11 (requested = 1.000000e-10)
PyQUDA INFO: Time = 0.227 secs, Performance = 9377.072 GFLOPS
GCR: Convergence at 20 iterations, L2 relative residual: iterated = 5.351034e-11, true = 5.351034e-11 (requested = 1.000000e-10)
PyQUDA INFO: Time = 0.226 secs, Performance = 9403.364 GFLOPS
GCR: Convergence at 20 iterations, L2 relative residual: iterated = 5.692182e-11, true = 5.692182e-11 (requested = 1.000000e-10)
PyQUDA INFO: Time = 0.229 secs, Performance = 9319.101 GFLOPS
GCR: Convergence at 20 iterations, L2 relative residual: iterated = 5.294115e-11, true = 5.294115e-11 (requested = 1.000000e-10)
PyQUDA INFO: Time = 0.228 secs, Performance = 9351.348 GFLOPS
GCR: Convergence at 20 iterations, L2 relative residual: iterated = 5.958705e-11, true = 5.958705e-11 (requested = 1.000000e-10)
PyQUDA INFO: Time = 0.228 secs, Performance = 9352.499 GFLOPS
GCR: Convergence at 20 iterations, L2 relative residual: iterated = 5.637734e-11, true = 5.637734e-11 (requested = 1.000000e-10)
PyQUDA INFO: Time = 0.227 secs, Performance = 9357.103 GFLOPS
GCR: Convergence at 20 iterations, L2 relative residual: iterated = 4.225359e-11, true = 4.225359e-11 (requested = 1.000000e-10)
PyQUDA INFO: Time = 0.228 secs, Performance = 9356.280 GFLOPS
GCR: Convergence at 20 iterations, L2 relative residual: iterated = 6.839970e-11, true = 6.839970e-11 (requested = 1.000000e-10)
PyQUDA INFO: Time = 0.227 secs, Performance = 9383.937 GFLOPS
PyQUDA INFO: INVERT 2 propagagors: 5.444200666999677 secs
PyQUDA INFO: DOING SINK GAUSSIAN SMEARING
PyQUDA INFO: SINK GAUSSIAN SMEAR: 0.747683646999576 secs
PyQUDA INFO: GPU used 59.7 GB
PyQUDA INFO: CONTRACT ALL: 3.3273052650001773 secs
PyQUDA INFO: UNTIL CONTRACTION: 10.505185223999433 secs
PyQUDA INFO: INNER LOOP STARTS
PyQUDA INFO: SOURCE POSITION = [np.int64(15), np.int64(31), np.int64(15), np.int64(89)]
PyQUDA INFO: DOING SRC GAUSSIAN SMEARING
PyQUDA INFO: SOURCE GAUSSIAN SMEAR: 0.7551144580011169 secs
PyQUDA INFO: RELOADING GAUGE
PyQUDA INFO: RELOADING GAUGE: 0.20143575400106783 secs
PyQUDA INFO: SOLVING DIRAC EQ
GCR: Convergence at 20 iterations, L2 relative residual: iterated = 6.042327e-11, true = 6.042327e-11 (requested = 1.000000e-10)
PyQUDA INFO: Time = 0.224 secs, Performance = 9473.744 GFLOPS
GCR: Convergence at 20 iterations, L2 relative residual: iterated = 7.391094e-11, true = 7.391094e-11 (requested = 1.000000e-10)
PyQUDA INFO: Time = 0.227 secs, Performance = 9378.022 GFLOPS
GCR: Convergence at 20 iterations, L2 relative residual: iterated = 4.270024e-11, true = 4.270024e-11 (requested = 1.000000e-10)
PyQUDA INFO: Time = 0.227 secs, Performance = 9371.620 GFLOPS
GCR: Convergence at 20 iterations, L2 relative residual: iterated = 6.024084e-11, true = 6.024084e-11 (requested = 1.000000e-10)
PyQUDA INFO: Time = 0.227 secs, Performance = 9365.556 GFLOPS
GCR: Convergence at 20 iterations, L2 relative residual: iterated = 4.782668e-11, true = 4.782668e-11 (requested = 1.000000e-10)
PyQUDA INFO: Time = 0.227 secs, Performance = 9373.891 GFLOPS
GCR: Convergence at 19 iterations, L2 relative residual: iterated = 8.965393e-11, true = 8.965393e-11 (requested = 1.000000e-10)
PyQUDA INFO: Time = 0.216 secs, Performance = 9366.797 GFLOPS
GCR: Convergence at 20 iterations, L2 relative residual: iterated = 4.087188e-11, true = 4.087188e-11 (requested = 1.000000e-10)
PyQUDA INFO: Time = 0.227 secs, Performance = 9371.579 GFLOPS
GCR: Convergence at 20 iterations, L2 relative residual: iterated = 4.814819e-11, true = 4.814819e-11 (requested = 1.000000e-10)
PyQUDA INFO: Time = 0.228 secs, Performance = 9352.868 GFLOPS
GCR: Convergence at 20 iterations, L2 relative residual: iterated = 6.678311e-11, true = 6.678311e-11 (requested = 1.000000e-10)
PyQUDA INFO: Time = 0.228 secs, Performance = 9354.512 GFLOPS
GCR: Convergence at 19 iterations, L2 relative residual: iterated = 7.331023e-11, true = 7.331023e-11 (requested = 1.000000e-10)
PyQUDA INFO: Time = 0.216 secs, Performance = 9345.884 GFLOPS
GCR: Convergence at 20 iterations, L2 relative residual: iterated = 7.999579e-11, true = 7.999579e-11 (requested = 1.000000e-10)
PyQUDA INFO: Time = 0.228 secs, Performance = 9342.725 GFLOPS
GCR: Convergence at 20 iterations, L2 relative residual: iterated = 3.936634e-11, true = 3.936634e-11 (requested = 1.000000e-10)
PyQUDA INFO: Time = 0.227 secs, Performance = 9358.666 GFLOPS
GCR: Convergence at 20 iterations, L2 relative residual: iterated = 6.081245e-11, true = 6.081245e-11 (requested = 1.000000e-10)
PyQUDA INFO: Time = 0.227 secs, Performance = 9352.885 GFLOPS
GCR: Convergence at 20 iterations, L2 relative residual: iterated = 5.356026e-11, true = 5.356026e-11 (requested = 1.000000e-10)
PyQUDA INFO: Time = 0.226 secs, Performance = 9394.113 GFLOPS
GCR: Convergence at 20 iterations, L2 relative residual: iterated = 4.955128e-11, true = 4.955128e-11 (requested = 1.000000e-10)
PyQUDA INFO: Time = 0.227 secs, Performance = 9375.626 GFLOPS
GCR: Convergence at 20 iterations, L2 relative residual: iterated = 7.469441e-11, true = 7.469441e-11 (requested = 1.000000e-10)
PyQUDA INFO: Time = 0.226 secs, Performance = 9408.233 GFLOPS
GCR: Convergence at 20 iterations, L2 relative residual: iterated = 4.611691e-11, true = 4.611691e-11 (requested = 1.000000e-10)
PyQUDA INFO: Time = 0.229 secs, Performance = 9311.619 GFLOPS
GCR: Convergence at 20 iterations, L2 relative residual: iterated = 6.508282e-11, true = 6.508282e-11 (requested = 1.000000e-10)
PyQUDA INFO: Time = 0.227 secs, Performance = 9370.134 GFLOPS
GCR: Convergence at 20 iterations, L2 relative residual: iterated = 5.867486e-11, true = 5.867486e-11 (requested = 1.000000e-10)
PyQUDA INFO: Time = 0.228 secs, Performance = 9335.190 GFLOPS
GCR: Convergence at 19 iterations, L2 relative residual: iterated = 9.140592e-11, true = 9.140592e-11 (requested = 1.000000e-10)
PyQUDA INFO: Time = 0.217 secs, Performance = 9338.074 GFLOPS
GCR: Convergence at 20 iterations, L2 relative residual: iterated = 4.502176e-11, true = 4.502176e-11 (requested = 1.000000e-10)
PyQUDA INFO: Time = 0.227 secs, Performance = 9359.366 GFLOPS
GCR: Convergence at 20 iterations, L2 relative residual: iterated = 5.167143e-11, true = 5.167143e-11 (requested = 1.000000e-10)
PyQUDA INFO: Time = 0.228 secs, Performance = 9354.924 GFLOPS
GCR: Convergence at 20 iterations, L2 relative residual: iterated = 6.551766e-11, true = 6.551766e-11 (requested = 1.000000e-10)
PyQUDA INFO: Time = 0.228 secs, Performance = 9347.892 GFLOPS
GCR: Convergence at 20 iterations, L2 relative residual: iterated = 4.440355e-11, true = 4.440355e-11 (requested = 1.000000e-10)
PyQUDA INFO: Time = 0.227 secs, Performance = 9363.112 GFLOPS
PyQUDA INFO: INVERT 2 propagagors: 5.425346554000498 secs
PyQUDA INFO: DOING SINK GAUSSIAN SMEARING
PyQUDA INFO: SINK GAUSSIAN SMEAR: 0.7450584830003208 secs
PyQUDA INFO: GPU used 59.7 GB
PyQUDA INFO: CONTRACT ALL: 3.3283210400004464 secs
PyQUDA INFO: UNTIL CONTRACTION: 10.490823894999266 secs
PyQUDA INFO: INNER LOOP STARTS
PyQUDA INFO: SOURCE POSITION = [np.int64(15), np.int64(31), np.int64(31), np.int64(89)]
PyQUDA INFO: DOING SRC GAUSSIAN SMEARING
PyQUDA INFO: SOURCE GAUSSIAN SMEAR: 0.7536900000013702 secs
PyQUDA INFO: RELOADING GAUGE
PyQUDA INFO: RELOADING GAUGE: 0.20080970099843398 secs
PyQUDA INFO: SOLVING DIRAC EQ
GCR: Convergence at 20 iterations, L2 relative residual: iterated = 5.771685e-11, true = 5.771685e-11 (requested = 1.000000e-10)
PyQUDA INFO: Time = 0.225 secs, Performance = 9473.575 GFLOPS
GCR: Convergence at 20 iterations, L2 relative residual: iterated = 5.245814e-11, true = 5.245814e-11 (requested = 1.000000e-10)
PyQUDA INFO: Time = 0.227 secs, Performance = 9378.518 GFLOPS
GCR: Convergence at 20 iterations, L2 relative residual: iterated = 3.154365e-11, true = 3.154365e-11 (requested = 1.000000e-10)
PyQUDA INFO: Time = 0.227 secs, Performance = 9378.312 GFLOPS
GCR: Convergence at 20 iterations, L2 relative residual: iterated = 3.807552e-11, true = 3.807552e-11 (requested = 1.000000e-10)
PyQUDA INFO: Time = 0.226 secs, Performance = 9423.285 GFLOPS
GCR: Convergence at 20 iterations, L2 relative residual: iterated = 4.335793e-11, true = 4.335793e-11 (requested = 1.000000e-10)
PyQUDA INFO: Time = 0.226 secs, Performance = 9405.860 GFLOPS
GCR: Convergence at 20 iterations, L2 relative residual: iterated = 6.246573e-11, true = 6.246573e-11 (requested = 1.000000e-10)
PyQUDA INFO: Time = 0.226 secs, Performance = 9406.360 GFLOPS
GCR: Convergence at 20 iterations, L2 relative residual: iterated = 5.943062e-11, true = 5.943062e-11 (requested = 1.000000e-10)
PyQUDA INFO: Time = 0.228 secs, Performance = 9350.978 GFLOPS
GCR: Convergence at 20 iterations, L2 relative residual: iterated = 4.754857e-11, true = 4.754857e-11 (requested = 1.000000e-10)
PyQUDA INFO: Time = 0.228 secs, Performance = 9334.780 GFLOPS
GCR: Convergence at 20 iterations, L2 relative residual: iterated = 4.106598e-11, true = 4.106598e-11 (requested = 1.000000e-10)
PyQUDA INFO: Time = 0.227 secs, Performance = 9374.221 GFLOPS
GCR: Convergence at 19 iterations, L2 relative residual: iterated = 9.740223e-11, true = 9.740223e-11 (requested = 1.000000e-10)
PyQUDA INFO: Time = 0.216 secs, Performance = 9380.614 GFLOPS
GCR: Convergence at 20 iterations, L2 relative residual: iterated = 5.157747e-11, true = 5.157747e-11 (requested = 1.000000e-10)
PyQUDA INFO: Time = 0.228 secs, Performance = 9355.458 GFLOPS
GCR: Convergence at 20 iterations, L2 relative residual: iterated = 4.345227e-11, true = 4.345227e-11 (requested = 1.000000e-10)
PyQUDA INFO: Time = 0.227 secs, Performance = 9363.318 GFLOPS
GCR: Convergence at 20 iterations, L2 relative residual: iterated = 4.081766e-11, true = 4.081766e-11 (requested = 1.000000e-10)
PyQUDA INFO: Time = 0.228 secs, Performance = 9341.257 GFLOPS
GCR: Convergence at 20 iterations, L2 relative residual: iterated = 3.943447e-11, true = 3.943447e-11 (requested = 1.000000e-10)
PyQUDA INFO: Time = 0.227 secs, Performance = 9383.316 GFLOPS
GCR: Convergence at 20 iterations, L2 relative residual: iterated = 3.905244e-11, true = 3.905244e-11 (requested = 1.000000e-10)
PyQUDA INFO: Time = 0.227 secs, Performance = 9372.487 GFLOPS
GCR: Convergence at 20 iterations, L2 relative residual: iterated = 3.923846e-11, true = 3.923846e-11 (requested = 1.000000e-10)
PyQUDA INFO: Time = 0.226 secs, Performance = 9390.588 GFLOPS
GCR: Convergence at 20 iterations, L2 relative residual: iterated = 4.548827e-11, true = 4.548827e-11 (requested = 1.000000e-10)
PyQUDA INFO: Time = 0.226 secs, Performance = 9410.399 GFLOPS
GCR: Convergence at 20 iterations, L2 relative residual: iterated = 6.762175e-11, true = 6.762175e-11 (requested = 1.000000e-10)
PyQUDA INFO: Time = 0.226 secs, Performance = 9389.451 GFLOPS
GCR: Convergence at 20 iterations, L2 relative residual: iterated = 4.100913e-11, true = 4.100913e-11 (requested = 1.000000e-10)
PyQUDA INFO: Time = 0.228 secs, Performance = 9351.184 GFLOPS
GCR: Convergence at 20 iterations, L2 relative residual: iterated = 4.138539e-11, true = 4.138539e-11 (requested = 1.000000e-10)
PyQUDA INFO: Time = 0.229 secs, Performance = 9303.273 GFLOPS
GCR: Convergence at 20 iterations, L2 relative residual: iterated = 4.190448e-11, true = 4.190448e-11 (requested = 1.000000e-10)
PyQUDA INFO: Time = 0.227 secs, Performance = 9385.717 GFLOPS
GCR: Convergence at 20 iterations, L2 relative residual: iterated = 5.209274e-11, true = 5.209274e-11 (requested = 1.000000e-10)
PyQUDA INFO: Time = 0.227 secs, Performance = 9376.865 GFLOPS
GCR: Convergence at 20 iterations, L2 relative residual: iterated = 6.131413e-11, true = 6.131413e-11 (requested = 1.000000e-10)
PyQUDA INFO: Time = 0.227 secs, Performance = 9359.489 GFLOPS
GCR: Convergence at 20 iterations, L2 relative residual: iterated = 3.570901e-11, true = 3.570901e-11 (requested = 1.000000e-10)
PyQUDA INFO: Time = 0.227 secs, Performance = 9362.700 GFLOPS
PyQUDA INFO: INVERT 2 propagagors: 5.439587521999783 secs
PyQUDA INFO: DOING SINK GAUSSIAN SMEARING
PyQUDA INFO: SINK GAUSSIAN SMEAR: 0.7460618679997424 secs
PyQUDA INFO: GPU used 59.7 GB
PyQUDA INFO: CONTRACT ALL: 3.329710977999639 secs
PyQUDA INFO: UNTIL CONTRACTION: 10.505576706000284 secs
PyQUDA INFO: INNER LOOP STARTS
PyQUDA INFO: SOURCE POSITION = [np.int64(31), np.int64(15), np.int64(15), np.int64(89)]
PyQUDA INFO: DOING SRC GAUSSIAN SMEARING
PyQUDA INFO: SOURCE GAUSSIAN SMEAR: 0.7528821460000472 secs
PyQUDA INFO: RELOADING GAUGE
PyQUDA INFO: RELOADING GAUGE: 0.20130494399927557 secs
PyQUDA INFO: SOLVING DIRAC EQ
GCR: Convergence at 20 iterations, L2 relative residual: iterated = 4.998696e-11, true = 4.998696e-11 (requested = 1.000000e-10)
PyQUDA INFO: Time = 0.224 secs, Performance = 9490.129 GFLOPS
GCR: Convergence at 20 iterations, L2 relative residual: iterated = 6.546739e-11, true = 6.546739e-11 (requested = 1.000000e-10)
PyQUDA INFO: Time = 0.227 secs, Performance = 9382.488 GFLOPS
GCR: Convergence at 20 iterations, L2 relative residual: iterated = 4.238770e-11, true = 4.238770e-11 (requested = 1.000000e-10)
PyQUDA INFO: Time = 0.227 secs, Performance = 9375.213 GFLOPS
GCR: Convergence at 20 iterations, L2 relative residual: iterated = 5.634384e-11, true = 5.634384e-11 (requested = 1.000000e-10)
PyQUDA INFO: Time = 0.226 secs, Performance = 9411.357 GFLOPS
GCR: Convergence at 20 iterations, L2 relative residual: iterated = 5.669938e-11, true = 5.669938e-11 (requested = 1.000000e-10)
PyQUDA INFO: Time = 0.226 secs, Performance = 9410.440 GFLOPS
GCR: Convergence at 20 iterations, L2 relative residual: iterated = 5.118182e-11, true = 5.118182e-11 (requested = 1.000000e-10)
PyQUDA INFO: Time = 0.227 secs, Performance = 9382.510 GFLOPS
GCR: Convergence at 20 iterations, L2 relative residual: iterated = 3.878519e-11, true = 3.878519e-11 (requested = 1.000000e-10)
PyQUDA INFO: Time = 0.228 secs, Performance = 9333.021 GFLOPS
GCR: Convergence at 20 iterations, L2 relative residual: iterated = 4.531683e-11, true = 4.531683e-11 (requested = 1.000000e-10)
PyQUDA INFO: Time = 0.228 secs, Performance = 9355.047 GFLOPS
GCR: Convergence at 20 iterations, L2 relative residual: iterated = 4.183681e-11, true = 4.183681e-11 (requested = 1.000000e-10)
PyQUDA INFO: Time = 0.228 secs, Performance = 9341.496 GFLOPS
GCR: Convergence at 20 iterations, L2 relative residual: iterated = 3.814465e-11, true = 3.814465e-11 (requested = 1.000000e-10)
PyQUDA INFO: Time = 0.227 secs, Performance = 9374.345 GFLOPS
GCR: Convergence at 20 iterations, L2 relative residual: iterated = 4.874525e-11, true = 4.874525e-11 (requested = 1.000000e-10)
PyQUDA INFO: Time = 0.228 secs, Performance = 9356.651 GFLOPS
GCR: Convergence at 20 iterations, L2 relative residual: iterated = 3.453468e-11, true = 3.453468e-11 (requested = 1.000000e-10)
PyQUDA INFO: Time = 0.228 secs, Performance = 9350.232 GFLOPS
GCR: Convergence at 20 iterations, L2 relative residual: iterated = 4.917864e-11, true = 4.917864e-11 (requested = 1.000000e-10)
PyQUDA INFO: Time = 0.226 secs, Performance = 9393.668 GFLOPS
GCR: Convergence at 20 iterations, L2 relative residual: iterated = 3.643116e-11, true = 3.643116e-11 (requested = 1.000000e-10)
PyQUDA INFO: Time = 0.227 secs, Performance = 9381.247 GFLOPS
GCR: Convergence at 20 iterations, L2 relative residual: iterated = 3.843373e-11, true = 3.843373e-11 (requested = 1.000000e-10)
PyQUDA INFO: Time = 0.227 secs, Performance = 9378.849 GFLOPS
GCR: Convergence at 20 iterations, L2 relative residual: iterated = 4.932885e-11, true = 4.932885e-11 (requested = 1.000000e-10)
PyQUDA INFO: Time = 0.227 secs, Performance = 9388.722 GFLOPS
GCR: Convergence at 20 iterations, L2 relative residual: iterated = 5.538017e-11, true = 5.538017e-11 (requested = 1.000000e-10)
PyQUDA INFO: Time = 0.227 secs, Performance = 9375.171 GFLOPS
GCR: Convergence at 20 iterations, L2 relative residual: iterated = 4.633300e-11, true = 4.633300e-11 (requested = 1.000000e-10)
PyQUDA INFO: Time = 0.226 secs, Performance = 9408.150 GFLOPS
GCR: Convergence at 20 iterations, L2 relative residual: iterated = 4.460870e-11, true = 4.460870e-11 (requested = 1.000000e-10)
PyQUDA INFO: Time = 0.228 secs, Performance = 9330.362 GFLOPS
GCR: Convergence at 20 iterations, L2 relative residual: iterated = 3.797497e-11, true = 3.797497e-11 (requested = 1.000000e-10)
PyQUDA INFO: Time = 0.228 secs, Performance = 9349.993 GFLOPS
GCR: Convergence at 20 iterations, L2 relative residual: iterated = 4.637579e-11, true = 4.637579e-11 (requested = 1.000000e-10)
PyQUDA INFO: Time = 0.227 secs, Performance = 9377.154 GFLOPS
GCR: Convergence at 20 iterations, L2 relative residual: iterated = 5.769204e-11, true = 5.769204e-11 (requested = 1.000000e-10)
PyQUDA INFO: Time = 0.228 secs, Performance = 9346.046 GFLOPS
GCR: Convergence at 20 iterations, L2 relative residual: iterated = 4.861111e-11, true = 4.861111e-11 (requested = 1.000000e-10)
PyQUDA INFO: Time = 0.228 secs, Performance = 9335.149 GFLOPS
GCR: Convergence at 20 iterations, L2 relative residual: iterated = 3.673218e-11, true = 3.673218e-11 (requested = 1.000000e-10)
PyQUDA INFO: Time = 0.228 secs, Performance = 9350.519 GFLOPS
PyQUDA INFO: INVERT 2 propagagors: 5.453488377999747 secs
PyQUDA INFO: DOING SINK GAUSSIAN SMEARING
PyQUDA INFO: SINK GAUSSIAN SMEAR: 0.7462897799996426 secs
PyQUDA INFO: GPU used 59.7 GB
PyQUDA INFO: CONTRACT ALL: 3.3278395280012774 secs
PyQUDA INFO: UNTIL CONTRACTION: 10.517605140999876 secs
PyQUDA INFO: INNER LOOP STARTS
PyQUDA INFO: SOURCE POSITION = [np.int64(31), np.int64(15), np.int64(31), np.int64(89)]
PyQUDA INFO: DOING SRC GAUSSIAN SMEARING
PyQUDA INFO: SOURCE GAUSSIAN SMEAR: 0.753370549000465 secs
PyQUDA INFO: RELOADING GAUGE
PyQUDA INFO: RELOADING GAUGE: 0.20057479000024614 secs
PyQUDA INFO: SOLVING DIRAC EQ
GCR: Convergence at 20 iterations, L2 relative residual: iterated = 4.151912e-11, true = 4.151912e-11 (requested = 1.000000e-10)
PyQUDA INFO: Time = 0.225 secs, Performance = 9468.623 GFLOPS
GCR: Convergence at 20 iterations, L2 relative residual: iterated = 6.709531e-11, true = 6.709531e-11 (requested = 1.000000e-10)
PyQUDA INFO: Time = 0.226 secs, Performance = 9391.293 GFLOPS
GCR: Convergence at 20 iterations, L2 relative residual: iterated = 3.679215e-11, true = 3.679215e-11 (requested = 1.000000e-10)
PyQUDA INFO: Time = 0.226 secs, Performance = 9396.272 GFLOPS
GCR: Convergence at 20 iterations, L2 relative residual: iterated = 4.334478e-11, true = 4.334478e-11 (requested = 1.000000e-10)
PyQUDA INFO: Time = 0.227 secs, Performance = 9370.522 GFLOPS
GCR: Convergence at 20 iterations, L2 relative residual: iterated = 6.848518e-11, true = 6.848518e-11 (requested = 1.000000e-10)
PyQUDA INFO: Time = 0.227 secs, Performance = 9365.515 GFLOPS
GCR: Convergence at 19 iterations, L2 relative residual: iterated = 7.048634e-11, true = 7.048634e-11 (requested = 1.000000e-10)
PyQUDA INFO: Time = 0.215 secs, Performance = 9409.534 GFLOPS
GCR: Convergence at 20 iterations, L2 relative residual: iterated = 6.114876e-11, true = 6.114876e-11 (requested = 1.000000e-10)
PyQUDA INFO: Time = 0.228 secs, Performance = 9336.336 GFLOPS
GCR: Convergence at 20 iterations, L2 relative residual: iterated = 4.434549e-11, true = 4.434549e-11 (requested = 1.000000e-10)
PyQUDA INFO: Time = 0.228 secs, Performance = 9333.308 GFLOPS
GCR: Convergence at 20 iterations, L2 relative residual: iterated = 4.472754e-11, true = 4.472754e-11 (requested = 1.000000e-10)
PyQUDA INFO: Time = 0.228 secs, Performance = 9343.586 GFLOPS
GCR: Convergence at 20 iterations, L2 relative residual: iterated = 6.091818e-11, true = 6.091818e-11 (requested = 1.000000e-10)
PyQUDA INFO: Time = 0.227 secs, Performance = 9377.568 GFLOPS
GCR: Convergence at 20 iterations, L2 relative residual: iterated = 6.449002e-11, true = 6.449002e-11 (requested = 1.000000e-10)
PyQUDA INFO: Time = 0.228 secs, Performance = 9343.176 GFLOPS
GCR: Convergence at 20 iterations, L2 relative residual: iterated = 4.450052e-11, true = 4.450052e-11 (requested = 1.000000e-10)
PyQUDA INFO: Time = 0.226 secs, Performance = 9397.309 GFLOPS
GCR: Convergence at 20 iterations, L2 relative residual: iterated = 3.744705e-11, true = 3.744705e-11 (requested = 1.000000e-10)
PyQUDA INFO: Time = 0.227 secs, Performance = 9360.871 GFLOPS
GCR: Convergence at 19 iterations, L2 relative residual: iterated = 8.554685e-11, true = 8.554685e-11 (requested = 1.000000e-10)
PyQUDA INFO: Time = 0.216 secs, Performance = 9381.702 GFLOPS
GCR: Convergence at 20 iterations, L2 relative residual: iterated = 7.440115e-11, true = 7.440115e-11 (requested = 1.000000e-10)
PyQUDA INFO: Time = 0.226 secs, Performance = 9407.359 GFLOPS
GCR: Convergence at 20 iterations, L2 relative residual: iterated = 4.913818e-11, true = 4.913818e-11 (requested = 1.000000e-10)
PyQUDA INFO: Time = 0.226 secs, Performance = 9390.629 GFLOPS
GCR: Convergence at 20 iterations, L2 relative residual: iterated = 4.590896e-11, true = 4.590896e-11 (requested = 1.000000e-10)
PyQUDA INFO: Time = 0.226 secs, Performance = 9421.909 GFLOPS
GCR: Convergence at 20 iterations, L2 relative residual: iterated = 4.748545e-11, true = 4.748545e-11 (requested = 1.000000e-10)
PyQUDA INFO: Time = 0.227 secs, Performance = 9370.547 GFLOPS
GCR: Convergence at 20 iterations, L2 relative residual: iterated = 8.116490e-11, true = 8.116490e-11 (requested = 1.000000e-10)
PyQUDA INFO: Time = 0.228 secs, Performance = 9356.609 GFLOPS
GCR: Convergence at 20 iterations, L2 relative residual: iterated = 4.642044e-11, true = 4.642044e-11 (requested = 1.000000e-10)
PyQUDA INFO: Time = 0.228 secs, Performance = 9350.280 GFLOPS
GCR: Convergence at 20 iterations, L2 relative residual: iterated = 5.961417e-11, true = 5.961417e-11 (requested = 1.000000e-10)
PyQUDA INFO: Time = 0.227 secs, Performance = 9377.774 GFLOPS
GCR: Convergence at 19 iterations, L2 relative residual: iterated = 9.137697e-11, true = 9.137697e-11 (requested = 1.000000e-10)
PyQUDA INFO: Time = 0.217 secs, Performance = 9340.185 GFLOPS
GCR: Convergence at 20 iterations, L2 relative residual: iterated = 5.110064e-11, true = 5.110064e-11 (requested = 1.000000e-10)
PyQUDA INFO: Time = 0.229 secs, Performance = 9323.179 GFLOPS
GCR: Convergence at 20 iterations, L2 relative residual: iterated = 5.567132e-11, true = 5.567132e-11 (requested = 1.000000e-10)
PyQUDA INFO: Time = 0.227 secs, Performance = 9379.800 GFLOPS
PyQUDA INFO: INVERT 2 propagagors: 5.419312551000985 secs
PyQUDA INFO: DOING SINK GAUSSIAN SMEARING
PyQUDA INFO: SINK GAUSSIAN SMEAR: 0.7449596930000553 secs
PyQUDA INFO: GPU used 59.7 GB
PyQUDA INFO: CONTRACT ALL: 3.3282597699999315 secs
PyQUDA INFO: UNTIL CONTRACTION: 10.482302708000134 secs
PyQUDA INFO: INNER LOOP STARTS
PyQUDA INFO: SOURCE POSITION = [np.int64(31), np.int64(31), np.int64(15), np.int64(89)]
PyQUDA INFO: DOING SRC GAUSSIAN SMEARING
PyQUDA INFO: SOURCE GAUSSIAN SMEAR: 0.7525949350001611 secs
PyQUDA INFO: RELOADING GAUGE
PyQUDA INFO: RELOADING GAUGE: 0.20264460100042925 secs
PyQUDA INFO: SOLVING DIRAC EQ
GCR: Convergence at 20 iterations, L2 relative residual: iterated = 4.625068e-11, true = 4.625068e-11 (requested = 1.000000e-10)
PyQUDA INFO: Time = 0.225 secs, Performance = 9462.307 GFLOPS
GCR: Convergence at 20 iterations, L2 relative residual: iterated = 5.873855e-11, true = 5.873855e-11 (requested = 1.000000e-10)
PyQUDA INFO: Time = 0.227 secs, Performance = 9380.462 GFLOPS
GCR: Convergence at 20 iterations, L2 relative residual: iterated = 4.154451e-11, true = 4.154451e-11 (requested = 1.000000e-10)
PyQUDA INFO: Time = 0.227 secs, Performance = 9367.164 GFLOPS
GCR: Convergence at 20 iterations, L2 relative residual: iterated = 4.202628e-11, true = 4.202628e-11 (requested = 1.000000e-10)
PyQUDA INFO: Time = 0.227 secs, Performance = 9376.080 GFLOPS
GCR: Convergence at 20 iterations, L2 relative residual: iterated = 3.522109e-11, true = 3.522109e-11 (requested = 1.000000e-10)
PyQUDA INFO: Time = 0.226 secs, Performance = 9390.920 GFLOPS
GCR: Convergence at 20 iterations, L2 relative residual: iterated = 6.441714e-11, true = 6.441714e-11 (requested = 1.000000e-10)
PyQUDA INFO: Time = 0.227 secs, Performance = 9368.154 GFLOPS
GCR: Convergence at 20 iterations, L2 relative residual: iterated = 3.794181e-11, true = 3.794181e-11 (requested = 1.000000e-10)
PyQUDA INFO: Time = 0.227 secs, Performance = 9371.249 GFLOPS
GCR: Convergence at 19 iterations, L2 relative residual: iterated = 8.768836e-11, true = 8.768836e-11 (requested = 1.000000e-10)
PyQUDA INFO: Time = 0.215 secs, Performance = 9392.797 GFLOPS
GCR: Convergence at 20 iterations, L2 relative residual: iterated = 3.927450e-11, true = 3.927450e-11 (requested = 1.000000e-10)
PyQUDA INFO: Time = 0.227 secs, Performance = 9356.938 GFLOPS
GCR: Convergence at 19 iterations, L2 relative residual: iterated = 8.674800e-11, true = 8.674800e-11 (requested = 1.000000e-10)
PyQUDA INFO: Time = 0.216 secs, Performance = 9380.875 GFLOPS
GCR: Convergence at 19 iterations, L2 relative residual: iterated = 9.477332e-11, true = 9.477332e-11 (requested = 1.000000e-10)
PyQUDA INFO: Time = 0.216 secs, Performance = 9374.048 GFLOPS
GCR: Convergence at 20 iterations, L2 relative residual: iterated = 3.991280e-11, true = 3.991280e-11 (requested = 1.000000e-10)
PyQUDA INFO: Time = 0.227 secs, Performance = 9366.944 GFLOPS
GCR: Convergence at 20 iterations, L2 relative residual: iterated = 6.235982e-11, true = 6.235982e-11 (requested = 1.000000e-10)
PyQUDA INFO: Time = 0.227 secs, Performance = 9378.599 GFLOPS
GCR: Convergence at 20 iterations, L2 relative residual: iterated = 6.146621e-11, true = 6.146621e-11 (requested = 1.000000e-10)
PyQUDA INFO: Time = 0.225 secs, Performance = 9451.459 GFLOPS
GCR: Convergence at 20 iterations, L2 relative residual: iterated = 4.098767e-11, true = 4.098767e-11 (requested = 1.000000e-10)
PyQUDA INFO: Time = 0.227 secs, Performance = 9382.695 GFLOPS
GCR: Convergence at 20 iterations, L2 relative residual: iterated = 5.590415e-11, true = 5.590415e-11 (requested = 1.000000e-10)
PyQUDA INFO: Time = 0.227 secs, Performance = 9377.816 GFLOPS
GCR: Convergence at 20 iterations, L2 relative residual: iterated = 6.366171e-11, true = 6.366171e-11 (requested = 1.000000e-10)
PyQUDA INFO: Time = 0.227 secs, Performance = 9378.188 GFLOPS
GCR: Convergence at 20 iterations, L2 relative residual: iterated = 6.073241e-11, true = 6.073241e-11 (requested = 1.000000e-10)
PyQUDA INFO: Time = 0.227 secs, Performance = 9369.392 GFLOPS
GCR: Convergence at 20 iterations, L2 relative residual: iterated = 3.903604e-11, true = 3.903604e-11 (requested = 1.000000e-10)
PyQUDA INFO: Time = 0.227 secs, Performance = 9363.001 GFLOPS
GCR: Convergence at 20 iterations, L2 relative residual: iterated = 4.288120e-11, true = 4.288120e-11 (requested = 1.000000e-10)
PyQUDA INFO: Time = 0.227 secs, Performance = 9376.204 GFLOPS
GCR: Convergence at 19 iterations, L2 relative residual: iterated = 8.959513e-11, true = 8.959513e-11 (requested = 1.000000e-10)
PyQUDA INFO: Time = 0.216 secs, Performance = 9381.833 GFLOPS
GCR: Convergence at 20 iterations, L2 relative residual: iterated = 4.141818e-11, true = 4.141818e-11 (requested = 1.000000e-10)
PyQUDA INFO: Time = 0.227 secs, Performance = 9383.647 GFLOPS
GCR: Convergence at 19 iterations, L2 relative residual: iterated = 9.285656e-11, true = 9.285656e-11 (requested = 1.000000e-10)
PyQUDA INFO: Time = 0.216 secs, Performance = 9358.853 GFLOPS
GCR: Convergence at 20 iterations, L2 relative residual: iterated = 3.631442e-11, true = 3.631442e-11 (requested = 1.000000e-10)
PyQUDA INFO: Time = 0.227 secs, Performance = 9381.206 GFLOPS
PyQUDA INFO: INVERT 2 propagagors: 5.3917205999987345 secs
PyQUDA INFO: DOING SINK GAUSSIAN SMEARING
PyQUDA INFO: SINK GAUSSIAN SMEAR: 0.7465286009992269 secs
PyQUDA INFO: GPU used 59.7 GB
PyQUDA INFO: CONTRACT ALL: 3.328071459000057 secs
PyQUDA INFO: UNTIL CONTRACTION: 10.456781967999632 secs
PyQUDA INFO: INNER LOOP STARTS
PyQUDA INFO: SOURCE POSITION = [np.int64(31), np.int64(31), np.int64(31), np.int64(89)]
PyQUDA INFO: DOING SRC GAUSSIAN SMEARING
PyQUDA INFO: SOURCE GAUSSIAN SMEAR: 0.7539854520000517 secs
PyQUDA INFO: RELOADING GAUGE
PyQUDA INFO: RELOADING GAUGE: 0.20129214600092382 secs
PyQUDA INFO: SOLVING DIRAC EQ
GCR: Convergence at 20 iterations, L2 relative residual: iterated = 5.851623e-11, true = 5.851623e-11 (requested = 1.000000e-10)
PyQUDA INFO: Time = 0.225 secs, Performance = 9462.349 GFLOPS
GCR: Convergence at 20 iterations, L2 relative residual: iterated = 6.132915e-11, true = 6.132915e-11 (requested = 1.000000e-10)
PyQUDA INFO: Time = 0.227 secs, Performance = 9384.020 GFLOPS
GCR: Convergence at 20 iterations, L2 relative residual: iterated = 4.879387e-11, true = 4.879387e-11 (requested = 1.000000e-10)
PyQUDA INFO: Time = 0.227 secs, Performance = 9362.412 GFLOPS
GCR: Convergence at 20 iterations, L2 relative residual: iterated = 4.841624e-11, true = 4.841624e-11 (requested = 1.000000e-10)
PyQUDA INFO: Time = 0.226 secs, Performance = 9421.321 GFLOPS
GCR: Convergence at 20 iterations, L2 relative residual: iterated = 5.776231e-11, true = 5.776231e-11 (requested = 1.000000e-10)
PyQUDA INFO: Time = 0.226 secs, Performance = 9393.906 GFLOPS
GCR: Convergence at 20 iterations, L2 relative residual: iterated = 3.588011e-11, true = 3.588011e-11 (requested = 1.000000e-10)
PyQUDA INFO: Time = 0.226 secs, Performance = 9391.459 GFLOPS
GCR: Convergence at 20 iterations, L2 relative residual: iterated = 3.728985e-11, true = 3.728985e-11 (requested = 1.000000e-10)
PyQUDA INFO: Time = 0.228 secs, Performance = 9338.423 GFLOPS
GCR: Convergence at 20 iterations, L2 relative residual: iterated = 4.587812e-11, true = 4.587812e-11 (requested = 1.000000e-10)
PyQUDA INFO: Time = 0.228 secs, Performance = 9331.876 GFLOPS
GCR: Convergence at 20 iterations, L2 relative residual: iterated = 4.955891e-11, true = 4.955891e-11 (requested = 1.000000e-10)
PyQUDA INFO: Time = 0.228 secs, Performance = 9342.233 GFLOPS
GCR: Convergence at 20 iterations, L2 relative residual: iterated = 6.675732e-11, true = 6.675732e-11 (requested = 1.000000e-10)
PyQUDA INFO: Time = 0.227 secs, Performance = 9382.406 GFLOPS
GCR: Convergence at 20 iterations, L2 relative residual: iterated = 3.346517e-11, true = 3.346517e-11 (requested = 1.000000e-10)
PyQUDA INFO: Time = 0.227 secs, Performance = 9372.033 GFLOPS
GCR: Convergence at 20 iterations, L2 relative residual: iterated = 5.692064e-11, true = 5.692064e-11 (requested = 1.000000e-10)
PyQUDA INFO: Time = 0.227 secs, Performance = 9366.408 GFLOPS
GCR: Convergence at 20 iterations, L2 relative residual: iterated = 4.668511e-11, true = 4.668511e-11 (requested = 1.000000e-10)
PyQUDA INFO: Time = 0.227 secs, Performance = 9363.756 GFLOPS
GCR: Convergence at 20 iterations, L2 relative residual: iterated = 4.372914e-11, true = 4.372914e-11 (requested = 1.000000e-10)
PyQUDA INFO: Time = 0.227 secs, Performance = 9382.323 GFLOPS
GCR: Convergence at 20 iterations, L2 relative residual: iterated = 4.069824e-11, true = 4.069824e-11 (requested = 1.000000e-10)
PyQUDA INFO: Time = 0.228 secs, Performance = 9351.307 GFLOPS
GCR: Convergence at 20 iterations, L2 relative residual: iterated = 5.263960e-11, true = 5.263960e-11 (requested = 1.000000e-10)
PyQUDA INFO: Time = 0.226 secs, Performance = 9405.111 GFLOPS
GCR: Convergence at 20 iterations, L2 relative residual: iterated = 3.915893e-11, true = 3.915893e-11 (requested = 1.000000e-10)
PyQUDA INFO: Time = 0.226 secs, Performance = 9409.857 GFLOPS
GCR: Convergence at 20 iterations, L2 relative residual: iterated = 5.730143e-11, true = 5.730143e-11 (requested = 1.000000e-10)
PyQUDA INFO: Time = 0.228 secs, Performance = 9351.143 GFLOPS
GCR: Convergence at 20 iterations, L2 relative residual: iterated = 5.200641e-11, true = 5.200641e-11 (requested = 1.000000e-10)
PyQUDA INFO: Time = 0.227 secs, Performance = 9368.195 GFLOPS
GCR: Convergence at 20 iterations, L2 relative residual: iterated = 4.583361e-11, true = 4.583361e-11 (requested = 1.000000e-10)
PyQUDA INFO: Time = 0.227 secs, Performance = 9367.041 GFLOPS
GCR: Convergence at 20 iterations, L2 relative residual: iterated = 6.274810e-11, true = 6.274810e-11 (requested = 1.000000e-10)
PyQUDA INFO: Time = 0.226 secs, Performance = 9392.081 GFLOPS
GCR: Convergence at 20 iterations, L2 relative residual: iterated = 3.861593e-11, true = 3.861593e-11 (requested = 1.000000e-10)
PyQUDA INFO: Time = 0.228 secs, Performance = 9343.262 GFLOPS
GCR: Convergence at 19 iterations, L2 relative residual: iterated = 7.857454e-11, true = 7.857454e-11 (requested = 1.000000e-10)
PyQUDA INFO: Time = 0.217 secs, Performance = 9339.970 GFLOPS
GCR: Convergence at 20 iterations, L2 relative residual: iterated = 5.718529e-11, true = 5.718529e-11 (requested = 1.000000e-10)
PyQUDA INFO: Time = 0.227 secs, Performance = 9374.965 GFLOPS
PyQUDA INFO: INVERT 2 propagagors: 5.441599390000192 secs
PyQUDA INFO: DOING SINK GAUSSIAN SMEARING
PyQUDA INFO: SINK GAUSSIAN SMEAR: 0.7473229150000407 secs
PyQUDA INFO: GPU used 59.7 GB
PyQUDA INFO: CONTRACT ALL: 3.32787880000069 secs
PyQUDA INFO: UNTIL CONTRACTION: 10.507882838999649 secs
PyQUDA INFO: SAVING SECTION:0.6891201150010602 secs
PyQUDA INFO: READ GAUGE #264: 3.8094361049988947 secs
PyQUDA INFO: DOING HYP SMEARING
PyQUDA INFO: plaq_hyp_before = [0.5839422431310826, 0.5840341482488014, 0.5838503380133636]
performGaugeSmearQuda: step 000 plaquette (mean 5.8394224313108256e-01, spatial 5.8403414824880140e-01 temporal 5.8385033801336361e-01) Q charge = 4.0686440654839027e+00
PyQUDA INFO: plaq_hyp_after = [0.9461186384543904, 0.9461326470073282, 0.9461046299014525]
PyQUDA INFO: HYP SMEAR: 0.552977308001573 secs
PyQUDA INFO: DOING APE SMEARING
PyQUDA INFO: plaq_ape_before = [0.5839422431310826, 0.5840341482488014, 0.5838503380133636]
performGaugeSmearQuda: step 000 plaquette (mean 5.8394224313108256e-01, spatial 5.8403414824880140e-01 temporal 5.8385033801336361e-01) Q charge = 4.0686440654839027e+00
PyQUDA INFO: plaq_ape_after = [0.8193807852102837, 0.9988429854163217, 0.6399185850042457]
PyQUDA INFO: APE SMEAR: 0.5496280589995877 secs
PyQUDA INFO: INNER LOOP STARTS
PyQUDA INFO: SOURCE POSITION = [np.int64(30), np.int64(30), np.int64(30), np.int64(50)]
PyQUDA INFO: DOING SRC GAUSSIAN SMEARING
PyQUDA INFO: SOURCE GAUSSIAN SMEAR: 0.7604949279993889 secs
PyQUDA INFO: RELOADING GAUGE
PyQUDA INFO: RELOADING GAUGE: 0.2042764919988258 secs
PyQUDA INFO: SOLVING DIRAC EQ
GCR: Convergence at 20 iterations, L2 relative residual: iterated = 4.947696e-11, true = 4.947696e-11 (requested = 1.000000e-10)
PyQUDA INFO: Time = 0.223 secs, Performance = 9536.071 GFLOPS
GCR: Convergence at 20 iterations, L2 relative residual: iterated = 9.767593e-11, true = 9.767593e-11 (requested = 1.000000e-10)
PyQUDA INFO: Time = 0.227 secs, Performance = 9369.346 GFLOPS
GCR: Convergence at 21 iterations, L2 relative residual: iterated = 3.665596e-11, true = 3.665596e-11 (requested = 1.000000e-10)
PyQUDA INFO: Time = 0.235 secs, Performance = 9482.835 GFLOPS
GCR: Convergence at 21 iterations, L2 relative residual: iterated = 5.336870e-11, true = 5.336870e-11 (requested = 1.000000e-10)
PyQUDA INFO: Time = 0.235 secs, Performance = 9478.718 GFLOPS
GCR: Convergence at 20 iterations, L2 relative residual: iterated = 8.365839e-11, true = 8.365839e-11 (requested = 1.000000e-10)
PyQUDA INFO: Time = 0.224 secs, Performance = 9463.686 GFLOPS
GCR: Convergence at 21 iterations, L2 relative residual: iterated = 3.356960e-11, true = 3.356960e-11 (requested = 1.000000e-10)
PyQUDA INFO: Time = 0.236 secs, Performance = 9458.137 GFLOPS
GCR: Convergence at 20 iterations, L2 relative residual: iterated = 8.958424e-11, true = 8.958424e-11 (requested = 1.000000e-10)
PyQUDA INFO: Time = 0.224 secs, Performance = 9473.586 GFLOPS
GCR: Convergence at 20 iterations, L2 relative residual: iterated = 6.069655e-11, true = 6.069655e-11 (requested = 1.000000e-10)
PyQUDA INFO: Time = 0.223 secs, Performance = 9508.245 GFLOPS
GCR: Convergence at 21 iterations, L2 relative residual: iterated = 3.987265e-11, true = 3.987265e-11 (requested = 1.000000e-10)
PyQUDA INFO: Time = 0.235 secs, Performance = 9473.195 GFLOPS
GCR: Convergence at 20 iterations, L2 relative residual: iterated = 9.648760e-11, true = 9.648760e-11 (requested = 1.000000e-10)
PyQUDA INFO: Time = 0.223 secs, Performance = 9497.356 GFLOPS
GCR: Convergence at 20 iterations, L2 relative residual: iterated = 7.615687e-11, true = 7.615687e-11 (requested = 1.000000e-10)
PyQUDA INFO: Time = 0.224 secs, Performance = 9486.374 GFLOPS
GCR: Convergence at 20 iterations, L2 relative residual: iterated = 8.721298e-11, true = 8.721298e-11 (requested = 1.000000e-10)
PyQUDA INFO: Time = 0.224 secs, Performance = 9480.187 GFLOPS
GCR: Convergence at 20 iterations, L2 relative residual: iterated = 9.886260e-11, true = 9.886260e-11 (requested = 1.000000e-10)
PyQUDA INFO: Time = 0.225 secs, Performance = 9448.448 GFLOPS
GCR: Convergence at 21 iterations, L2 relative residual: iterated = 4.677175e-11, true = 4.677175e-11 (requested = 1.000000e-10)
PyQUDA INFO: Time = 0.235 secs, Performance = 9485.501 GFLOPS
GCR: Convergence at 21 iterations, L2 relative residual: iterated = 4.486811e-11, true = 4.486811e-11 (requested = 1.000000e-10)
PyQUDA INFO: Time = 0.235 secs, Performance = 9464.284 GFLOPS
GCR: Convergence at 21 iterations, L2 relative residual: iterated = 4.359495e-11, true = 4.359495e-11 (requested = 1.000000e-10)
PyQUDA INFO: Time = 0.236 secs, Performance = 9444.659 GFLOPS
GCR: Convergence at 20 iterations, L2 relative residual: iterated = 8.165975e-11, true = 8.165975e-11 (requested = 1.000000e-10)
PyQUDA INFO: Time = 0.224 secs, Performance = 9460.144 GFLOPS
GCR: Convergence at 20 iterations, L2 relative residual: iterated = 7.317917e-11, true = 7.317917e-11 (requested = 1.000000e-10)
PyQUDA INFO: Time = 0.225 secs, Performance = 9455.257 GFLOPS
GCR: Convergence at 20 iterations, L2 relative residual: iterated = 6.536060e-11, true = 6.536060e-11 (requested = 1.000000e-10)
PyQUDA INFO: Time = 0.224 secs, Performance = 9475.108 GFLOPS
GCR: Convergence at 20 iterations, L2 relative residual: iterated = 9.425933e-11, true = 9.425933e-11 (requested = 1.000000e-10)
PyQUDA INFO: Time = 0.224 secs, Performance = 9489.369 GFLOPS
GCR: Convergence at 20 iterations, L2 relative residual: iterated = 7.326056e-11, true = 7.326056e-11 (requested = 1.000000e-10)
PyQUDA INFO: Time = 0.224 secs, Performance = 9478.324 GFLOPS
GCR: Convergence at 20 iterations, L2 relative residual: iterated = 8.551619e-11, true = 8.551619e-11 (requested = 1.000000e-10)
PyQUDA INFO: Time = 0.224 secs, Performance = 9468.936 GFLOPS
GCR: Convergence at 21 iterations, L2 relative residual: iterated = 3.856787e-11, true = 3.856787e-11 (requested = 1.000000e-10)
PyQUDA INFO: Time = 0.234 secs, Performance = 9498.191 GFLOPS
GCR: Convergence at 20 iterations, L2 relative residual: iterated = 7.853351e-11, true = 7.853351e-11 (requested = 1.000000e-10)
PyQUDA INFO: Time = 0.223 secs, Performance = 9503.525 GFLOPS
PyQUDA INFO: INVERT 2 propagagors: 5.470607060000475 secs
PyQUDA INFO: DOING SINK GAUSSIAN SMEARING
PyQUDA INFO: SINK GAUSSIAN SMEAR: 0.7480073679998895 secs
PyQUDA INFO: GPU used 64.2 GB
PyQUDA INFO: CONTRACT ALL: 3.327676479000729 secs
PyQUDA INFO: UNTIL CONTRACTION: 10.546764332999373 secs
PyQUDA INFO: INNER LOOP STARTS
PyQUDA INFO: SOURCE POSITION = [np.int64(30), np.int64(30), np.int64(14), np.int64(50)]
PyQUDA INFO: DOING SRC GAUSSIAN SMEARING
PyQUDA INFO: SOURCE GAUSSIAN SMEAR: 0.7628021399996214 secs
PyQUDA INFO: RELOADING GAUGE
PyQUDA INFO: RELOADING GAUGE: 0.2042066710000654 secs
PyQUDA INFO: SOLVING DIRAC EQ
GCR: Convergence at 20 iterations, L2 relative residual: iterated = 5.976264e-11, true = 5.976264e-11 (requested = 1.000000e-10)
PyQUDA INFO: Time = 0.222 secs, Performance = 9556.029 GFLOPS
GCR: Convergence at 21 iterations, L2 relative residual: iterated = 4.590222e-11, true = 4.590222e-11 (requested = 1.000000e-10)
PyQUDA INFO: Time = 0.234 secs, Performance = 9506.506 GFLOPS
GCR: Convergence at 20 iterations, L2 relative residual: iterated = 8.649097e-11, true = 8.649097e-11 (requested = 1.000000e-10)
PyQUDA INFO: Time = 0.224 secs, Performance = 9472.190 GFLOPS
GCR: Convergence at 20 iterations, L2 relative residual: iterated = 9.771518e-11, true = 9.771518e-11 (requested = 1.000000e-10)
PyQUDA INFO: Time = 0.223 secs, Performance = 9495.868 GFLOPS
GCR: Convergence at 20 iterations, L2 relative residual: iterated = 5.547048e-11, true = 5.547048e-11 (requested = 1.000000e-10)
PyQUDA INFO: Time = 0.223 secs, Performance = 9502.461 GFLOPS
GCR: Convergence at 20 iterations, L2 relative residual: iterated = 6.427587e-11, true = 6.427587e-11 (requested = 1.000000e-10)
PyQUDA INFO: Time = 0.225 secs, Performance = 9455.930 GFLOPS
GCR: Convergence at 21 iterations, L2 relative residual: iterated = 3.716167e-11, true = 3.716167e-11 (requested = 1.000000e-10)
PyQUDA INFO: Time = 0.235 secs, Performance = 9490.821 GFLOPS
GCR: Convergence at 20 iterations, L2 relative residual: iterated = 6.655562e-11, true = 6.655562e-11 (requested = 1.000000e-10)
PyQUDA INFO: Time = 0.223 secs, Performance = 9493.828 GFLOPS
GCR: Convergence at 20 iterations, L2 relative residual: iterated = 9.929723e-11, true = 9.929723e-11 (requested = 1.000000e-10)
PyQUDA INFO: Time = 0.224 secs, Performance = 9489.598 GFLOPS
GCR: Convergence at 20 iterations, L2 relative residual: iterated = 8.440812e-11, true = 8.440812e-11 (requested = 1.000000e-10)
PyQUDA INFO: Time = 0.223 secs, Performance = 9516.780 GFLOPS
GCR: Convergence at 20 iterations, L2 relative residual: iterated = 8.056498e-11, true = 8.056498e-11 (requested = 1.000000e-10)
PyQUDA INFO: Time = 0.223 secs, Performance = 9499.610 GFLOPS
GCR: Convergence at 20 iterations, L2 relative residual: iterated = 9.609868e-11, true = 9.609868e-11 (requested = 1.000000e-10)
PyQUDA INFO: Time = 0.223 secs, Performance = 9504.590 GFLOPS
GCR: Convergence at 20 iterations, L2 relative residual: iterated = 5.063557e-11, true = 5.063557e-11 (requested = 1.000000e-10)
PyQUDA INFO: Time = 0.226 secs, Performance = 9398.155 GFLOPS
GCR: Convergence at 20 iterations, L2 relative residual: iterated = 9.874066e-11, true = 9.874066e-11 (requested = 1.000000e-10)
PyQUDA INFO: Time = 0.224 secs, Performance = 9467.922 GFLOPS
GCR: Convergence at 20 iterations, L2 relative residual: iterated = 7.320537e-11, true = 7.320537e-11 (requested = 1.000000e-10)
PyQUDA INFO: Time = 0.224 secs, Performance = 9488.792 GFLOPS
GCR: Convergence at 20 iterations, L2 relative residual: iterated = 6.264708e-11, true = 6.264708e-11 (requested = 1.000000e-10)
PyQUDA INFO: Time = 0.224 secs, Performance = 9476.547 GFLOPS
GCR: Convergence at 21 iterations, L2 relative residual: iterated = 3.812598e-11, true = 3.812598e-11 (requested = 1.000000e-10)
PyQUDA INFO: Time = 0.236 secs, Performance = 9446.995 GFLOPS
GCR: Convergence at 20 iterations, L2 relative residual: iterated = 5.740896e-11, true = 5.740896e-11 (requested = 1.000000e-10)
PyQUDA INFO: Time = 0.224 secs, Performance = 9461.071 GFLOPS
GCR: Convergence at 21 iterations, L2 relative residual: iterated = 3.654585e-11, true = 3.654585e-11 (requested = 1.000000e-10)
PyQUDA INFO: Time = 0.235 secs, Performance = 9490.943 GFLOPS
GCR: Convergence at 20 iterations, L2 relative residual: iterated = 8.284943e-11, true = 8.284943e-11 (requested = 1.000000e-10)
PyQUDA INFO: Time = 0.223 secs, Performance = 9494.763 GFLOPS
GCR: Convergence at 20 iterations, L2 relative residual: iterated = 6.271376e-11, true = 6.271376e-11 (requested = 1.000000e-10)
PyQUDA INFO: Time = 0.223 secs, Performance = 9493.743 GFLOPS
GCR: Convergence at 20 iterations, L2 relative residual: iterated = 9.030757e-11, true = 9.030757e-11 (requested = 1.000000e-10)
PyQUDA INFO: Time = 0.224 secs, Performance = 9481.034 GFLOPS
GCR: Convergence at 21 iterations, L2 relative residual: iterated = 4.006430e-11, true = 4.006430e-11 (requested = 1.000000e-10)
PyQUDA INFO: Time = 0.234 secs, Performance = 9501.556 GFLOPS
GCR: Convergence at 20 iterations, L2 relative residual: iterated = 6.806303e-11, true = 6.806303e-11 (requested = 1.000000e-10)
PyQUDA INFO: Time = 0.224 secs, Performance = 9484.127 GFLOPS
PyQUDA INFO: INVERT 2 propagagors: 5.429370072999518 secs
PyQUDA INFO: DOING SINK GAUSSIAN SMEARING
PyQUDA INFO: SINK GAUSSIAN SMEAR: 0.7481335299999046 secs
PyQUDA INFO: GPU used 64.8 GB
PyQUDA INFO: CONTRACT ALL: 3.3287329349986976 secs
PyQUDA INFO: UNTIL CONTRACTION: 10.508936655998696 secs
PyQUDA INFO: INNER LOOP STARTS
PyQUDA INFO: SOURCE POSITION = [np.int64(30), np.int64(14), np.int64(30), np.int64(50)]
PyQUDA INFO: DOING SRC GAUSSIAN SMEARING
PyQUDA INFO: SOURCE GAUSSIAN SMEAR: 0.7600962449996587 secs
PyQUDA INFO: RELOADING GAUGE
PyQUDA INFO: RELOADING GAUGE: 0.20153689699873212 secs
PyQUDA INFO: SOLVING DIRAC EQ
GCR: Convergence at 20 iterations, L2 relative residual: iterated = 4.846455e-11, true = 4.846455e-11 (requested = 1.000000e-10)
PyQUDA INFO: Time = 0.222 secs, Performance = 9562.916 GFLOPS
GCR: Convergence at 20 iterations, L2 relative residual: iterated = 7.137272e-11, true = 7.137272e-11 (requested = 1.000000e-10)
PyQUDA INFO: Time = 0.223 secs, Performance = 9501.269 GFLOPS
GCR: Convergence at 20 iterations, L2 relative residual: iterated = 5.687597e-11, true = 5.687597e-11 (requested = 1.000000e-10)
PyQUDA INFO: Time = 0.224 secs, Performance = 9481.881 GFLOPS
GCR: Convergence at 20 iterations, L2 relative residual: iterated = 4.284857e-11, true = 4.284857e-11 (requested = 1.000000e-10)
PyQUDA INFO: Time = 0.224 secs, Performance = 9459.132 GFLOPS
GCR: Convergence at 20 iterations, L2 relative residual: iterated = 5.495111e-11, true = 5.495111e-11 (requested = 1.000000e-10)
PyQUDA INFO: Time = 0.224 secs, Performance = 9483.237 GFLOPS
GCR: Convergence at 20 iterations, L2 relative residual: iterated = 7.754749e-11, true = 7.754749e-11 (requested = 1.000000e-10)
PyQUDA INFO: Time = 0.223 secs, Performance = 9491.959 GFLOPS
GCR: Convergence at 20 iterations, L2 relative residual: iterated = 6.814109e-11, true = 6.814109e-11 (requested = 1.000000e-10)
PyQUDA INFO: Time = 0.223 secs, Performance = 9521.523 GFLOPS
GCR: Convergence at 21 iterations, L2 relative residual: iterated = 5.116956e-11, true = 5.116956e-11 (requested = 1.000000e-10)
PyQUDA INFO: Time = 0.236 secs, Performance = 9458.418 GFLOPS
GCR: Convergence at 20 iterations, L2 relative residual: iterated = 9.762696e-11, true = 9.762696e-11 (requested = 1.000000e-10)
PyQUDA INFO: Time = 0.224 secs, Performance = 9476.716 GFLOPS
GCR: Convergence at 20 iterations, L2 relative residual: iterated = 8.621117e-11, true = 8.621117e-11 (requested = 1.000000e-10)
PyQUDA INFO: Time = 0.224 secs, Performance = 9461.661 GFLOPS
GCR: Convergence at 20 iterations, L2 relative residual: iterated = 6.279225e-11, true = 6.279225e-11 (requested = 1.000000e-10)
PyQUDA INFO: Time = 0.224 secs, Performance = 9461.956 GFLOPS
GCR: Convergence at 21 iterations, L2 relative residual: iterated = 3.748621e-11, true = 3.748621e-11 (requested = 1.000000e-10)
PyQUDA INFO: Time = 0.235 secs, Performance = 9467.260 GFLOPS
GCR: Convergence at 20 iterations, L2 relative residual: iterated = 5.957661e-11, true = 5.957661e-11 (requested = 1.000000e-10)
PyQUDA INFO: Time = 0.224 secs, Performance = 9459.917 GFLOPS
GCR: Convergence at 20 iterations, L2 relative residual: iterated = 6.668163e-11, true = 6.668163e-11 (requested = 1.000000e-10)
PyQUDA INFO: Time = 0.224 secs, Performance = 9484.424 GFLOPS
GCR: Convergence at 20 iterations, L2 relative residual: iterated = 5.371628e-11, true = 5.371628e-11 (requested = 1.000000e-10)
PyQUDA INFO: Time = 0.225 secs, Performance = 9427.005 GFLOPS
GCR: Convergence at 20 iterations, L2 relative residual: iterated = 6.336071e-11, true = 6.336071e-11 (requested = 1.000000e-10)
PyQUDA INFO: Time = 0.223 secs, Performance = 9497.994 GFLOPS
GCR: Convergence at 20 iterations, L2 relative residual: iterated = 7.307613e-11, true = 7.307613e-11 (requested = 1.000000e-10)
PyQUDA INFO: Time = 0.224 secs, Performance = 9481.034 GFLOPS
GCR: Convergence at 20 iterations, L2 relative residual: iterated = 6.831109e-11, true = 6.831109e-11 (requested = 1.000000e-10)
PyQUDA INFO: Time = 0.225 secs, Performance = 9444.076 GFLOPS
GCR: Convergence at 20 iterations, L2 relative residual: iterated = 6.126309e-11, true = 6.126309e-11 (requested = 1.000000e-10)
PyQUDA INFO: Time = 0.224 secs, Performance = 9469.697 GFLOPS
GCR: Convergence at 21 iterations, L2 relative residual: iterated = 3.904248e-11, true = 3.904248e-11 (requested = 1.000000e-10)
PyQUDA INFO: Time = 0.237 secs, Performance = 9401.386 GFLOPS
GCR: Convergence at 20 iterations, L2 relative residual: iterated = 6.887006e-11, true = 6.887006e-11 (requested = 1.000000e-10)
PyQUDA INFO: Time = 0.224 secs, Performance = 9481.161 GFLOPS
GCR: Convergence at 21 iterations, L2 relative residual: iterated = 5.494706e-11, true = 5.494706e-11 (requested = 1.000000e-10)
PyQUDA INFO: Time = 0.235 secs, Performance = 9481.462 GFLOPS
GCR: Convergence at 20 iterations, L2 relative residual: iterated = 4.905790e-11, true = 4.905790e-11 (requested = 1.000000e-10)
PyQUDA INFO: Time = 0.223 secs, Performance = 9515.200 GFLOPS
GCR: Convergence at 20 iterations, L2 relative residual: iterated = 7.083574e-11, true = 7.083574e-11 (requested = 1.000000e-10)
PyQUDA INFO: Time = 0.225 secs, Performance = 9445.365 GFLOPS
PyQUDA INFO: INVERT 2 propagagors: 5.425559481998789 secs
PyQUDA INFO: DOING SINK GAUSSIAN SMEARING
PyQUDA INFO: SINK GAUSSIAN SMEAR: 0.7502970709992951 secs
PyQUDA INFO: GPU used 64.8 GB
PyQUDA INFO: CONTRACT ALL: 3.328706204998525 secs
PyQUDA INFO: UNTIL CONTRACTION: 10.501564174999658 secs
PyQUDA INFO: INNER LOOP STARTS
PyQUDA INFO: SOURCE POSITION = [np.int64(30), np.int64(14), np.int64(14), np.int64(50)]
PyQUDA INFO: DOING SRC GAUSSIAN SMEARING
PyQUDA INFO: SOURCE GAUSSIAN SMEAR: 0.7603656860010233 secs
PyQUDA INFO: RELOADING GAUGE
PyQUDA INFO: RELOADING GAUGE: 0.20211061000009067 secs
PyQUDA INFO: SOLVING DIRAC EQ
GCR: Convergence at 20 iterations, L2 relative residual: iterated = 8.362129e-11, true = 8.362129e-11 (requested = 1.000000e-10)
PyQUDA INFO: Time = 0.221 secs, Performance = 9579.356 GFLOPS
GCR: Convergence at 20 iterations, L2 relative residual: iterated = 6.286337e-11, true = 6.286337e-11 (requested = 1.000000e-10)
PyQUDA INFO: Time = 0.223 secs, Performance = 9501.823 GFLOPS
GCR: Convergence at 20 iterations, L2 relative residual: iterated = 9.004255e-11, true = 9.004255e-11 (requested = 1.000000e-10)
PyQUDA INFO: Time = 0.223 secs, Performance = 9500.248 GFLOPS
GCR: Convergence at 20 iterations, L2 relative residual: iterated = 7.003242e-11, true = 7.003242e-11 (requested = 1.000000e-10)
PyQUDA INFO: Time = 0.223 secs, Performance = 9511.529 GFLOPS
GCR: Convergence at 21 iterations, L2 relative residual: iterated = 4.208681e-11, true = 4.208681e-11 (requested = 1.000000e-10)
PyQUDA INFO: Time = 0.234 secs, Performance = 9500.582 GFLOPS
GCR: Convergence at 20 iterations, L2 relative residual: iterated = 5.445176e-11, true = 5.445176e-11 (requested = 1.000000e-10)
PyQUDA INFO: Time = 0.223 secs, Performance = 9493.743 GFLOPS
GCR: Convergence at 20 iterations, L2 relative residual: iterated = 8.464808e-11, true = 8.464808e-11 (requested = 1.000000e-10)
PyQUDA INFO: Time = 0.224 secs, Performance = 9477.647 GFLOPS
GCR: Convergence at 21 iterations, L2 relative residual: iterated = 4.412484e-11, true = 4.412484e-11 (requested = 1.000000e-10)
PyQUDA INFO: Time = 0.235 secs, Performance = 9492.845 GFLOPS
GCR: Convergence at 20 iterations, L2 relative residual: iterated = 9.275825e-11, true = 9.275825e-11 (requested = 1.000000e-10)
PyQUDA INFO: Time = 0.224 secs, Performance = 9464.614 GFLOPS
GCR: Convergence at 20 iterations, L2 relative residual: iterated = 9.697497e-11, true = 9.697497e-11 (requested = 1.000000e-10)
PyQUDA INFO: Time = 0.224 secs, Performance = 9486.544 GFLOPS
GCR: Convergence at 20 iterations, L2 relative residual: iterated = 8.815295e-11, true = 8.815295e-11 (requested = 1.000000e-10)
PyQUDA INFO: Time = 0.224 secs, Performance = 9480.230 GFLOPS
GCR: Convergence at 20 iterations, L2 relative residual: iterated = 8.777804e-11, true = 8.777804e-11 (requested = 1.000000e-10)
PyQUDA INFO: Time = 0.224 secs, Performance = 9487.434 GFLOPS
GCR: Convergence at 20 iterations, L2 relative residual: iterated = 7.128269e-11, true = 7.128269e-11 (requested = 1.000000e-10)
PyQUDA INFO: Time = 0.226 secs, Performance = 9410.424 GFLOPS
GCR: Convergence at 20 iterations, L2 relative residual: iterated = 6.370563e-11, true = 6.370563e-11 (requested = 1.000000e-10)
PyQUDA INFO: Time = 0.224 secs, Performance = 9465.964 GFLOPS
GCR: Convergence at 21 iterations, L2 relative residual: iterated = 3.614892e-11, true = 3.614892e-11 (requested = 1.000000e-10)
PyQUDA INFO: Time = 0.235 secs, Performance = 9485.864 GFLOPS
GCR: Convergence at 20 iterations, L2 relative residual: iterated = 7.810659e-11, true = 7.810659e-11 (requested = 1.000000e-10)
PyQUDA INFO: Time = 0.223 secs, Performance = 9514.175 GFLOPS
GCR: Convergence at 20 iterations, L2 relative residual: iterated = 6.859841e-11, true = 6.859841e-11 (requested = 1.000000e-10)
PyQUDA INFO: Time = 0.223 secs, Performance = 9497.186 GFLOPS
GCR: Convergence at 20 iterations, L2 relative residual: iterated = 7.434629e-11, true = 7.434629e-11 (requested = 1.000000e-10)
PyQUDA INFO: Time = 0.224 secs, Performance = 9482.178 GFLOPS
GCR: Convergence at 20 iterations, L2 relative residual: iterated = 7.154250e-11, true = 7.154250e-11 (requested = 1.000000e-10)
PyQUDA INFO: Time = 0.225 secs, Performance = 9426.708 GFLOPS
GCR: Convergence at 20 iterations, L2 relative residual: iterated = 6.968927e-11, true = 6.968927e-11 (requested = 1.000000e-10)
PyQUDA INFO: Time = 0.224 secs, Performance = 9477.139 GFLOPS
GCR: Convergence at 21 iterations, L2 relative residual: iterated = 4.296128e-11, true = 4.296128e-11 (requested = 1.000000e-10)
PyQUDA INFO: Time = 0.235 secs, Performance = 9466.375 GFLOPS
GCR: Convergence at 21 iterations, L2 relative residual: iterated = 4.084672e-11, true = 4.084672e-11 (requested = 1.000000e-10)
PyQUDA INFO: Time = 0.236 secs, Performance = 9448.463 GFLOPS
GCR: Convergence at 20 iterations, L2 relative residual: iterated = 9.495976e-11, true = 9.495976e-11 (requested = 1.000000e-10)
PyQUDA INFO: Time = 0.223 secs, Performance = 9504.878 GFLOPS
GCR: Convergence at 21 iterations, L2 relative residual: iterated = 4.296518e-11, true = 4.296518e-11 (requested = 1.000000e-10)
PyQUDA INFO: Time = 0.234 secs, Performance = 9507.602 GFLOPS
PyQUDA INFO: INVERT 2 propagagors: 5.440575444999922 secs
PyQUDA INFO: DOING SINK GAUSSIAN SMEARING
PyQUDA INFO: SINK GAUSSIAN SMEAR: 0.7483728500010329 secs
PyQUDA INFO: GPU used 64.8 GB
PyQUDA INFO: CONTRACT ALL: 3.328456223000103 secs
PyQUDA INFO: UNTIL CONTRACTION: 10.515891942999588 secs
PyQUDA INFO: INNER LOOP STARTS
PyQUDA INFO: SOURCE POSITION = [np.int64(14), np.int64(30), np.int64(30), np.int64(50)]
PyQUDA INFO: DOING SRC GAUSSIAN SMEARING
PyQUDA INFO: SOURCE GAUSSIAN SMEAR: 0.762281167000765 secs
PyQUDA INFO: RELOADING GAUGE
PyQUDA INFO: RELOADING GAUGE: 0.2010347039995395 secs
PyQUDA INFO: SOLVING DIRAC EQ
GCR: Convergence at 21 iterations, L2 relative residual: iterated = 3.958323e-11, true = 3.958323e-11 (requested = 1.000000e-10)
PyQUDA INFO: Time = 0.233 secs, Performance = 9578.431 GFLOPS
GCR: Convergence at 21 iterations, L2 relative residual: iterated = 3.666087e-11, true = 3.666087e-11 (requested = 1.000000e-10)
PyQUDA INFO: Time = 0.235 secs, Performance = 9483.077 GFLOPS
GCR: Convergence at 20 iterations, L2 relative residual: iterated = 6.601472e-11, true = 6.601472e-11 (requested = 1.000000e-10)
PyQUDA INFO: Time = 0.224 secs, Performance = 9483.831 GFLOPS
GCR: Convergence at 21 iterations, L2 relative residual: iterated = 4.143882e-11, true = 4.143882e-11 (requested = 1.000000e-10)
PyQUDA INFO: Time = 0.236 secs, Performance = 9443.019 GFLOPS
GCR: Convergence at 20 iterations, L2 relative residual: iterated = 9.712318e-11, true = 9.712318e-11 (requested = 1.000000e-10)
PyQUDA INFO: Time = 0.225 secs, Performance = 9444.903 GFLOPS
GCR: Convergence at 20 iterations, L2 relative residual: iterated = 8.687155e-11, true = 8.687155e-11 (requested = 1.000000e-10)
PyQUDA INFO: Time = 0.225 secs, Performance = 9439.614 GFLOPS
GCR: Convergence at 20 iterations, L2 relative residual: iterated = 8.412454e-11, true = 8.412454e-11 (requested = 1.000000e-10)
PyQUDA INFO: Time = 0.225 secs, Performance = 9454.625 GFLOPS
GCR: Convergence at 20 iterations, L2 relative residual: iterated = 7.037563e-11, true = 7.037563e-11 (requested = 1.000000e-10)
PyQUDA INFO: Time = 0.223 secs, Performance = 9492.341 GFLOPS
GCR: Convergence at 20 iterations, L2 relative residual: iterated = 4.714362e-11, true = 4.714362e-11 (requested = 1.000000e-10)
PyQUDA INFO: Time = 0.222 secs, Performance = 9527.684 GFLOPS
GCR: Convergence at 20 iterations, L2 relative residual: iterated = 6.498749e-11, true = 6.498749e-11 (requested = 1.000000e-10)
PyQUDA INFO: Time = 0.223 secs, Performance = 9495.231 GFLOPS
GCR: Convergence at 20 iterations, L2 relative residual: iterated = 6.096536e-11, true = 6.096536e-11 (requested = 1.000000e-10)
PyQUDA INFO: Time = 0.223 secs, Performance = 9500.705 GFLOPS
GCR: Convergence at 20 iterations, L2 relative residual: iterated = 6.600943e-11, true = 6.600943e-11 (requested = 1.000000e-10)
PyQUDA INFO: Time = 0.223 secs, Performance = 9517.164 GFLOPS
GCR: Convergence at 20 iterations, L2 relative residual: iterated = 9.919667e-11, true = 9.919667e-11 (requested = 1.000000e-10)
PyQUDA INFO: Time = 0.225 secs, Performance = 9428.343 GFLOPS
GCR: Convergence at 20 iterations, L2 relative residual: iterated = 8.664171e-11, true = 8.664171e-11 (requested = 1.000000e-10)
PyQUDA INFO: Time = 0.224 secs, Performance = 9463.559 GFLOPS
GCR: Convergence at 21 iterations, L2 relative residual: iterated = 4.376856e-11, true = 4.376856e-11 (requested = 1.000000e-10)
PyQUDA INFO: Time = 0.235 secs, Performance = 9463.681 GFLOPS
GCR: Convergence at 20 iterations, L2 relative residual: iterated = 6.992374e-11, true = 6.992374e-11 (requested = 1.000000e-10)
PyQUDA INFO: Time = 0.224 secs, Performance = 9474.305 GFLOPS
GCR: Convergence at 21 iterations, L2 relative residual: iterated = 3.807430e-11, true = 3.807430e-11 (requested = 1.000000e-10)
PyQUDA INFO: Time = 0.235 secs, Performance = 9476.016 GFLOPS
GCR: Convergence at 20 iterations, L2 relative residual: iterated = 8.717516e-11, true = 8.717516e-11 (requested = 1.000000e-10)
PyQUDA INFO: Time = 0.225 secs, Performance = 9444.321 GFLOPS
GCR: Convergence at 20 iterations, L2 relative residual: iterated = 4.943451e-11, true = 4.943451e-11 (requested = 1.000000e-10)
PyQUDA INFO: Time = 0.223 secs, Performance = 9504.282 GFLOPS
GCR: Convergence at 20 iterations, L2 relative residual: iterated = 6.275495e-11, true = 6.275495e-11 (requested = 1.000000e-10)
PyQUDA INFO: Time = 0.224 secs, Performance = 9461.042 GFLOPS
GCR: Convergence at 20 iterations, L2 relative residual: iterated = 5.335147e-11, true = 5.335147e-11 (requested = 1.000000e-10)
PyQUDA INFO: Time = 0.224 secs, Performance = 9475.827 GFLOPS
GCR: Convergence at 20 iterations, L2 relative residual: iterated = 6.558368e-11, true = 6.558368e-11 (requested = 1.000000e-10)
PyQUDA INFO: Time = 0.225 secs, Performance = 9430.270 GFLOPS
GCR: Convergence at 20 iterations, L2 relative residual: iterated = 6.531782e-11, true = 6.531782e-11 (requested = 1.000000e-10)
PyQUDA INFO: Time = 0.223 secs, Performance = 9510.121 GFLOPS
GCR: Convergence at 21 iterations, L2 relative residual: iterated = 4.449373e-11, true = 4.449373e-11 (requested = 1.000000e-10)
PyQUDA INFO: Time = 0.235 secs, Performance = 9479.606 GFLOPS
PyQUDA INFO: INVERT 2 propagagors: 5.445782133001558 secs
PyQUDA INFO: DOING SINK GAUSSIAN SMEARING
PyQUDA INFO: SINK GAUSSIAN SMEAR: 0.7483722710003349 secs
PyQUDA INFO: GPU used 64.8 GB
PyQUDA INFO: CONTRACT ALL: 3.328124960999048 secs
PyQUDA INFO: UNTIL CONTRACTION: 10.520886141001029 secs
PyQUDA INFO: INNER LOOP STARTS
PyQUDA INFO: SOURCE POSITION = [np.int64(14), np.int64(30), np.int64(14), np.int64(50)]
PyQUDA INFO: DOING SRC GAUSSIAN SMEARING
PyQUDA INFO: SOURCE GAUSSIAN SMEAR: 0.7606596679997892 secs
PyQUDA INFO: RELOADING GAUGE
PyQUDA INFO: RELOADING GAUGE: 0.19603706700036128 secs
PyQUDA INFO: SOLVING DIRAC EQ
GCR: Convergence at 20 iterations, L2 relative residual: iterated = 4.146896e-11, true = 4.146896e-11 (requested = 1.000000e-10)
PyQUDA INFO: Time = 0.221 secs, Performance = 9582.491 GFLOPS
GCR: Convergence at 20 iterations, L2 relative residual: iterated = 5.186466e-11, true = 5.186466e-11 (requested = 1.000000e-10)
PyQUDA INFO: Time = 0.223 secs, Performance = 9496.973 GFLOPS
GCR: Convergence at 20 iterations, L2 relative residual: iterated = 5.618721e-11, true = 5.618721e-11 (requested = 1.000000e-10)
PyQUDA INFO: Time = 0.225 secs, Performance = 9451.941 GFLOPS
GCR: Convergence at 20 iterations, L2 relative residual: iterated = 8.466055e-11, true = 8.466055e-11 (requested = 1.000000e-10)
PyQUDA INFO: Time = 0.224 secs, Performance = 9459.469 GFLOPS
GCR: Convergence at 20 iterations, L2 relative residual: iterated = 4.266633e-11, true = 4.266633e-11 (requested = 1.000000e-10)
PyQUDA INFO: Time = 0.224 secs, Performance = 9470.313 GFLOPS
GCR: Convergence at 20 iterations, L2 relative residual: iterated = 4.983993e-11, true = 4.983993e-11 (requested = 1.000000e-10)
PyQUDA INFO: Time = 0.224 secs, Performance = 9472.148 GFLOPS
GCR: Convergence at 21 iterations, L2 relative residual: iterated = 3.879446e-11, true = 3.879446e-11 (requested = 1.000000e-10)
PyQUDA INFO: Time = 0.235 secs, Performance = 9488.030 GFLOPS
GCR: Convergence at 20 iterations, L2 relative residual: iterated = 8.715267e-11, true = 8.715267e-11 (requested = 1.000000e-10)
PyQUDA INFO: Time = 0.224 secs, Performance = 9471.894 GFLOPS
GCR: Convergence at 20 iterations, L2 relative residual: iterated = 7.510543e-11, true = 7.510543e-11 (requested = 1.000000e-10)
PyQUDA INFO: Time = 0.224 secs, Performance = 9461.956 GFLOPS
GCR: Convergence at 20 iterations, L2 relative residual: iterated = 8.984131e-11, true = 8.984131e-11 (requested = 1.000000e-10)
PyQUDA INFO: Time = 0.224 secs, Performance = 9477.520 GFLOPS
GCR: Convergence at 21 iterations, L2 relative residual: iterated = 4.761638e-11, true = 4.761638e-11 (requested = 1.000000e-10)
PyQUDA INFO: Time = 0.234 secs, Performance = 9497.867 GFLOPS
GCR: Convergence at 21 iterations, L2 relative residual: iterated = 3.770688e-11, true = 3.770688e-11 (requested = 1.000000e-10)
PyQUDA INFO: Time = 0.235 secs, Performance = 9469.288 GFLOPS
GCR: Convergence at 20 iterations, L2 relative residual: iterated = 4.520883e-11, true = 4.520883e-11 (requested = 1.000000e-10)
PyQUDA INFO: Time = 0.225 secs, Performance = 9423.363 GFLOPS
GCR: Convergence at 20 iterations, L2 relative residual: iterated = 6.120903e-11, true = 6.120903e-11 (requested = 1.000000e-10)
PyQUDA INFO: Time = 0.223 secs, Performance = 9499.908 GFLOPS
GCR: Convergence at 20 iterations, L2 relative residual: iterated = 6.801226e-11, true = 6.801226e-11 (requested = 1.000000e-10)
PyQUDA INFO: Time = 0.224 secs, Performance = 9462.252 GFLOPS
GCR: Convergence at 20 iterations, L2 relative residual: iterated = 5.512444e-11, true = 5.512444e-11 (requested = 1.000000e-10)
PyQUDA INFO: Time = 0.224 secs, Performance = 9483.939 GFLOPS
GCR: Convergence at 20 iterations, L2 relative residual: iterated = 5.889597e-11, true = 5.889597e-11 (requested = 1.000000e-10)
PyQUDA INFO: Time = 0.223 secs, Performance = 9496.378 GFLOPS
GCR: Convergence at 20 iterations, L2 relative residual: iterated = 5.693810e-11, true = 5.693810e-11 (requested = 1.000000e-10)
PyQUDA INFO: Time = 0.224 secs, Performance = 9471.429 GFLOPS
GCR: Convergence at 21 iterations, L2 relative residual: iterated = 3.901847e-11, true = 3.901847e-11 (requested = 1.000000e-10)
PyQUDA INFO: Time = 0.235 secs, Performance = 9472.389 GFLOPS
GCR: Convergence at 21 iterations, L2 relative residual: iterated = 4.529977e-11, true = 4.529977e-11 (requested = 1.000000e-10)
PyQUDA INFO: Time = 0.236 secs, Performance = 9454.445 GFLOPS
GCR: Convergence at 20 iterations, L2 relative residual: iterated = 9.351680e-11, true = 9.351680e-11 (requested = 1.000000e-10)
PyQUDA INFO: Time = 0.225 secs, Performance = 9448.036 GFLOPS
GCR: Convergence at 20 iterations, L2 relative residual: iterated = 7.935245e-11, true = 7.935245e-11 (requested = 1.000000e-10)
PyQUDA INFO: Time = 0.224 secs, Performance = 9480.611 GFLOPS
GCR: Convergence at 21 iterations, L2 relative residual: iterated = 4.076016e-11, true = 4.076016e-11 (requested = 1.000000e-10)
PyQUDA INFO: Time = 0.235 secs, Performance = 9492.440 GFLOPS
GCR: Convergence at 21 iterations, L2 relative residual: iterated = 4.632887e-11, true = 4.632887e-11 (requested = 1.000000e-10)
PyQUDA INFO: Time = 0.235 secs, Performance = 9463.359 GFLOPS
PyQUDA INFO: INVERT 2 propagagors: 5.457359246998749 secs
PyQUDA INFO: DOING SINK GAUSSIAN SMEARING
PyQUDA INFO: SINK GAUSSIAN SMEAR: 0.7473381150011846 secs
PyQUDA INFO: GPU used 64.8 GB
PyQUDA INFO: CONTRACT ALL: 3.328755574999377 secs
PyQUDA INFO: UNTIL CONTRACTION: 10.525704256999234 secs
PyQUDA INFO: INNER LOOP STARTS
PyQUDA INFO: SOURCE POSITION = [np.int64(14), np.int64(14), np.int64(30), np.int64(50)]
PyQUDA INFO: DOING SRC GAUSSIAN SMEARING
PyQUDA INFO: SOURCE GAUSSIAN SMEAR: 0.761291850998532 secs
PyQUDA INFO: RELOADING GAUGE
PyQUDA INFO: RELOADING GAUGE: 0.19663955999931204 secs
PyQUDA INFO: SOLVING DIRAC EQ
GCR: Convergence at 21 iterations, L2 relative residual: iterated = 4.784603e-11, true = 4.784603e-11 (requested = 1.000000e-10)
PyQUDA INFO: Time = 0.235 secs, Performance = 9491.822 GFLOPS
GCR: Convergence at 20 iterations, L2 relative residual: iterated = 9.732175e-11, true = 9.732175e-11 (requested = 1.000000e-10)
PyQUDA INFO: Time = 0.224 secs, Performance = 9480.441 GFLOPS
GCR: Convergence at 20 iterations, L2 relative residual: iterated = 8.722041e-11, true = 8.722041e-11 (requested = 1.000000e-10)
PyQUDA INFO: Time = 0.223 secs, Performance = 9498.164 GFLOPS
GCR: Convergence at 20 iterations, L2 relative residual: iterated = 6.371252e-11, true = 6.371252e-11 (requested = 1.000000e-10)
PyQUDA INFO: Time = 0.224 secs, Performance = 9461.071 GFLOPS
GCR: Convergence at 21 iterations, L2 relative residual: iterated = 4.117575e-11, true = 4.117575e-11 (requested = 1.000000e-10)
PyQUDA INFO: Time = 0.235 secs, Performance = 9478.799 GFLOPS
GCR: Convergence at 21 iterations, L2 relative residual: iterated = 4.009435e-11, true = 4.009435e-11 (requested = 1.000000e-10)
PyQUDA INFO: Time = 0.235 secs, Performance = 9468.885 GFLOPS
GCR: Convergence at 20 iterations, L2 relative residual: iterated = 8.663131e-11, true = 8.663131e-11 (requested = 1.000000e-10)
PyQUDA INFO: Time = 0.224 secs, Performance = 9471.852 GFLOPS
GCR: Convergence at 20 iterations, L2 relative residual: iterated = 5.941070e-11, true = 5.941070e-11 (requested = 1.000000e-10)
PyQUDA INFO: Time = 0.224 secs, Performance = 9470.964 GFLOPS
GCR: Convergence at 21 iterations, L2 relative residual: iterated = 6.020554e-11, true = 6.020554e-11 (requested = 1.000000e-10)
PyQUDA INFO: Time = 0.236 secs, Performance = 9436.463 GFLOPS
GCR: Convergence at 21 iterations, L2 relative residual: iterated = 3.806165e-11, true = 3.806165e-11 (requested = 1.000000e-10)
PyQUDA INFO: Time = 0.235 secs, Performance = 9463.413 GFLOPS
GCR: Convergence at 20 iterations, L2 relative residual: iterated = 5.739493e-11, true = 5.739493e-11 (requested = 1.000000e-10)
PyQUDA INFO: Time = 0.223 secs, Performance = 9497.058 GFLOPS
GCR: Convergence at 21 iterations, L2 relative residual: iterated = 3.940372e-11, true = 3.940372e-11 (requested = 1.000000e-10)
PyQUDA INFO: Time = 0.235 secs, Performance = 9485.218 GFLOPS
GCR: Convergence at 21 iterations, L2 relative residual: iterated = 5.097146e-11, true = 5.097146e-11 (requested = 1.000000e-10)
PyQUDA INFO: Time = 0.236 secs, Performance = 9431.033 GFLOPS
GCR: Convergence at 20 iterations, L2 relative residual: iterated = 6.305496e-11, true = 6.305496e-11 (requested = 1.000000e-10)
PyQUDA INFO: Time = 0.224 secs, Performance = 9483.068 GFLOPS
GCR: Convergence at 20 iterations, L2 relative residual: iterated = 8.911179e-11, true = 8.911179e-11 (requested = 1.000000e-10)
PyQUDA INFO: Time = 0.224 secs, Performance = 9477.774 GFLOPS
GCR: Convergence at 21 iterations, L2 relative residual: iterated = 3.716842e-11, true = 3.716842e-11 (requested = 1.000000e-10)
PyQUDA INFO: Time = 0.235 secs, Performance = 9463.480 GFLOPS
GCR: Convergence at 21 iterations, L2 relative residual: iterated = 5.311125e-11, true = 5.311125e-11 (requested = 1.000000e-10)
PyQUDA INFO: Time = 0.236 secs, Performance = 9452.038 GFLOPS
GCR: Convergence at 21 iterations, L2 relative residual: iterated = 3.932738e-11, true = 3.932738e-11 (requested = 1.000000e-10)
PyQUDA INFO: Time = 0.236 secs, Performance = 9453.442 GFLOPS
GCR: Convergence at 20 iterations, L2 relative residual: iterated = 8.002061e-11, true = 8.002061e-11 (requested = 1.000000e-10)
PyQUDA INFO: Time = 0.224 secs, Performance = 9488.138 GFLOPS
GCR: Convergence at 21 iterations, L2 relative residual: iterated = 4.719012e-11, true = 4.719012e-11 (requested = 1.000000e-10)
PyQUDA INFO: Time = 0.236 secs, Performance = 9455.809 GFLOPS
GCR: Convergence at 20 iterations, L2 relative residual: iterated = 9.073536e-11, true = 9.073536e-11 (requested = 1.000000e-10)
PyQUDA INFO: Time = 0.224 secs, Performance = 9489.242 GFLOPS
GCR: Convergence at 21 iterations, L2 relative residual: iterated = 4.699092e-11, true = 4.699092e-11 (requested = 1.000000e-10)
PyQUDA INFO: Time = 0.235 secs, Performance = 9468.064 GFLOPS
GCR: Convergence at 21 iterations, L2 relative residual: iterated = 4.575656e-11, true = 4.575656e-11 (requested = 1.000000e-10)
PyQUDA INFO: Time = 0.235 secs, Performance = 9493.290 GFLOPS
GCR: Convergence at 20 iterations, L2 relative residual: iterated = 6.947865e-11, true = 6.947865e-11 (requested = 1.000000e-10)
PyQUDA INFO: Time = 0.225 secs, Performance = 9417.130 GFLOPS
PyQUDA INFO: INVERT 2 propagagors: 5.528491737000877 secs
PyQUDA INFO: DOING SINK GAUSSIAN SMEARING
PyQUDA INFO: SINK GAUSSIAN SMEAR: 0.7482115889997658 secs
PyQUDA INFO: GPU used 64.8 GB
PyQUDA INFO: CONTRACT ALL: 3.329161887000737 secs
PyQUDA INFO: UNTIL CONTRACTION: 10.599185700999442 secs
PyQUDA INFO: INNER LOOP STARTS
PyQUDA INFO: SOURCE POSITION = [np.int64(14), np.int64(14), np.int64(14), np.int64(50)]
PyQUDA INFO: DOING SRC GAUSSIAN SMEARING
PyQUDA INFO: SOURCE GAUSSIAN SMEAR: 0.7616097640002408 secs
PyQUDA INFO: RELOADING GAUGE
PyQUDA INFO: RELOADING GAUGE: 0.2047670449992438 secs
PyQUDA INFO: SOLVING DIRAC EQ
GCR: Convergence at 20 iterations, L2 relative residual: iterated = 9.401674e-11, true = 9.401674e-11 (requested = 1.000000e-10)
PyQUDA INFO: Time = 0.222 secs, Performance = 9560.088 GFLOPS
GCR: Convergence at 20 iterations, L2 relative residual: iterated = 8.735462e-11, true = 8.735462e-11 (requested = 1.000000e-10)
PyQUDA INFO: Time = 0.224 secs, Performance = 9486.798 GFLOPS
GCR: Convergence at 20 iterations, L2 relative residual: iterated = 9.435304e-11, true = 9.435304e-11 (requested = 1.000000e-10)
PyQUDA INFO: Time = 0.223 secs, Performance = 9501.865 GFLOPS
GCR: Convergence at 21 iterations, L2 relative residual: iterated = 4.585625e-11, true = 4.585625e-11 (requested = 1.000000e-10)
PyQUDA INFO: Time = 0.235 secs, Performance = 9478.880 GFLOPS
GCR: Convergence at 20 iterations, L2 relative residual: iterated = 7.101600e-11, true = 7.101600e-11 (requested = 1.000000e-10)
PyQUDA INFO: Time = 0.224 secs, Performance = 9482.898 GFLOPS
GCR: Convergence at 20 iterations, L2 relative residual: iterated = 5.448951e-11, true = 5.448951e-11 (requested = 1.000000e-10)
PyQUDA INFO: Time = 0.223 secs, Performance = 9504.196 GFLOPS
GCR: Convergence at 20 iterations, L2 relative residual: iterated = 7.687634e-11, true = 7.687634e-11 (requested = 1.000000e-10)
PyQUDA INFO: Time = 0.224 secs, Performance = 9463.489 GFLOPS
GCR: Convergence at 20 iterations, L2 relative residual: iterated = 6.362495e-11, true = 6.362495e-11 (requested = 1.000000e-10)
PyQUDA INFO: Time = 0.224 secs, Performance = 9474.008 GFLOPS
GCR: Convergence at 20 iterations, L2 relative residual: iterated = 9.195582e-11, true = 9.195582e-11 (requested = 1.000000e-10)
PyQUDA INFO: Time = 0.223 secs, Performance = 9497.356 GFLOPS
GCR: Convergence at 20 iterations, L2 relative residual: iterated = 6.174525e-11, true = 6.174525e-11 (requested = 1.000000e-10)
PyQUDA INFO: Time = 0.225 secs, Performance = 9445.827 GFLOPS
GCR: Convergence at 20 iterations, L2 relative residual: iterated = 6.533539e-11, true = 6.533539e-11 (requested = 1.000000e-10)
PyQUDA INFO: Time = 0.223 secs, Performance = 9513.364 GFLOPS
GCR: Convergence at 20 iterations, L2 relative residual: iterated = 6.587658e-11, true = 6.587658e-11 (requested = 1.000000e-10)
PyQUDA INFO: Time = 0.224 secs, Performance = 9484.000 GFLOPS
GCR: Convergence at 20 iterations, L2 relative residual: iterated = 4.799498e-11, true = 4.799498e-11 (requested = 1.000000e-10)
PyQUDA INFO: Time = 0.224 secs, Performance = 9478.833 GFLOPS
GCR: Convergence at 20 iterations, L2 relative residual: iterated = 6.080885e-11, true = 6.080885e-11 (requested = 1.000000e-10)
PyQUDA INFO: Time = 0.224 secs, Performance = 9485.356 GFLOPS
GCR: Convergence at 20 iterations, L2 relative residual: iterated = 8.710990e-11, true = 8.710990e-11 (requested = 1.000000e-10)
PyQUDA INFO: Time = 0.224 secs, Performance = 9472.740 GFLOPS
GCR: Convergence at 20 iterations, L2 relative residual: iterated = 8.011217e-11, true = 8.011217e-11 (requested = 1.000000e-10)
PyQUDA INFO: Time = 0.224 secs, Performance = 9477.901 GFLOPS
GCR: Convergence at 20 iterations, L2 relative residual: iterated = 6.714741e-11, true = 6.714741e-11 (requested = 1.000000e-10)
PyQUDA INFO: Time = 0.223 secs, Performance = 9498.547 GFLOPS
GCR: Convergence at 20 iterations, L2 relative residual: iterated = 8.154584e-11, true = 8.154584e-11 (requested = 1.000000e-10)
PyQUDA INFO: Time = 0.224 secs, Performance = 9475.616 GFLOPS
GCR: Convergence at 20 iterations, L2 relative residual: iterated = 6.603095e-11, true = 6.603095e-11 (requested = 1.000000e-10)
PyQUDA INFO: Time = 0.225 secs, Performance = 9454.204 GFLOPS
GCR: Convergence at 20 iterations, L2 relative residual: iterated = 8.993070e-11, true = 8.993070e-11 (requested = 1.000000e-10)
PyQUDA INFO: Time = 0.224 secs, Performance = 9486.399 GFLOPS
GCR: Convergence at 20 iterations, L2 relative residual: iterated = 7.250495e-11, true = 7.250495e-11 (requested = 1.000000e-10)
PyQUDA INFO: Time = 0.223 secs, Performance = 9494.041 GFLOPS
GCR: Convergence at 20 iterations, L2 relative residual: iterated = 6.058114e-11, true = 6.058114e-11 (requested = 1.000000e-10)
PyQUDA INFO: Time = 0.224 secs, Performance = 9483.407 GFLOPS
GCR: Convergence at 20 iterations, L2 relative residual: iterated = 6.205185e-11, true = 6.205185e-11 (requested = 1.000000e-10)
PyQUDA INFO: Time = 0.226 secs, Performance = 9395.965 GFLOPS
GCR: Convergence at 20 iterations, L2 relative residual: iterated = 7.328799e-11, true = 7.328799e-11 (requested = 1.000000e-10)
PyQUDA INFO: Time = 0.224 secs, Performance = 9484.890 GFLOPS
PyQUDA INFO: INVERT 2 propagagors: 5.3871145410012105 secs
PyQUDA INFO: DOING SINK GAUSSIAN SMEARING
PyQUDA INFO: SINK GAUSSIAN SMEAR: 0.74732329499966 secs
PyQUDA INFO: GPU used 64.8 GB
PyQUDA INFO: CONTRACT ALL: 3.328300651999598 secs
PyQUDA INFO: UNTIL CONTRACTION: 10.46493786300016 secs
PyQUDA INFO: INNER LOOP STARTS
PyQUDA INFO: SOURCE POSITION = [np.int64(30), np.int64(30), np.int64(30), np.int64(82)]
PyQUDA INFO: DOING SRC GAUSSIAN SMEARING
PyQUDA INFO: SOURCE GAUSSIAN SMEAR: 0.7615027529991494 secs
PyQUDA INFO: RELOADING GAUGE
PyQUDA INFO: RELOADING GAUGE: 0.19833818999904906 secs
PyQUDA INFO: SOLVING DIRAC EQ
GCR: Convergence at 21 iterations, L2 relative residual: iterated = 3.498518e-11, true = 3.498518e-11 (requested = 1.000000e-10)
PyQUDA INFO: Time = 0.235 secs, Performance = 9472.618 GFLOPS
GCR: Convergence at 20 iterations, L2 relative residual: iterated = 8.905461e-11, true = 8.905461e-11 (requested = 1.000000e-10)
PyQUDA INFO: Time = 0.225 secs, Performance = 9429.683 GFLOPS
GCR: Convergence at 20 iterations, L2 relative residual: iterated = 9.980558e-11, true = 9.980558e-11 (requested = 1.000000e-10)
PyQUDA INFO: Time = 0.225 secs, Performance = 9427.256 GFLOPS
GCR: Convergence at 21 iterations, L2 relative residual: iterated = 3.816161e-11, true = 3.816161e-11 (requested = 1.000000e-10)
PyQUDA INFO: Time = 0.237 secs, Performance = 9427.762 GFLOPS
GCR: Convergence at 21 iterations, L2 relative residual: iterated = 4.141600e-11, true = 4.141600e-11 (requested = 1.000000e-10)
PyQUDA INFO: Time = 0.236 secs, Performance = 9447.702 GFLOPS
GCR: Convergence at 21 iterations, L2 relative residual: iterated = 3.637486e-11, true = 3.637486e-11 (requested = 1.000000e-10)
PyQUDA INFO: Time = 0.238 secs, Performance = 9373.515 GFLOPS
GCR: Convergence at 20 iterations, L2 relative residual: iterated = 5.169470e-11, true = 5.169470e-11 (requested = 1.000000e-10)
PyQUDA INFO: Time = 0.225 secs, Performance = 9452.142 GFLOPS
GCR: Convergence at 20 iterations, L2 relative residual: iterated = 5.643325e-11, true = 5.643325e-11 (requested = 1.000000e-10)
PyQUDA INFO: Time = 0.226 secs, Performance = 9420.695 GFLOPS
GCR: Convergence at 20 iterations, L2 relative residual: iterated = 9.206212e-11, true = 9.206212e-11 (requested = 1.000000e-10)
PyQUDA INFO: Time = 0.224 secs, Performance = 9482.220 GFLOPS
GCR: Convergence at 20 iterations, L2 relative residual: iterated = 7.981933e-11, true = 7.981933e-11 (requested = 1.000000e-10)
PyQUDA INFO: Time = 0.224 secs, Performance = 9459.343 GFLOPS
GCR: Convergence at 20 iterations, L2 relative residual: iterated = 8.232653e-11, true = 8.232653e-11 (requested = 1.000000e-10)
PyQUDA INFO: Time = 0.224 secs, Performance = 9475.954 GFLOPS
GCR: Convergence at 20 iterations, L2 relative residual: iterated = 7.355163e-11, true = 7.355163e-11 (requested = 1.000000e-10)
PyQUDA INFO: Time = 0.226 secs, Performance = 9407.900 GFLOPS
GCR: Convergence at 21 iterations, L2 relative residual: iterated = 5.012335e-11, true = 5.012335e-11 (requested = 1.000000e-10)
PyQUDA INFO: Time = 0.236 secs, Performance = 9427.801 GFLOPS
GCR: Convergence at 21 iterations, L2 relative residual: iterated = 4.837975e-11, true = 4.837975e-11 (requested = 1.000000e-10)
PyQUDA INFO: Time = 0.235 secs, Performance = 9468.145 GFLOPS
GCR: Convergence at 20 iterations, L2 relative residual: iterated = 9.638742e-11, true = 9.638742e-11 (requested = 1.000000e-10)
PyQUDA INFO: Time = 0.225 secs, Performance = 9443.391 GFLOPS
GCR: Convergence at 20 iterations, L2 relative residual: iterated = 8.728985e-11, true = 8.728985e-11 (requested = 1.000000e-10)
PyQUDA INFO: Time = 0.225 secs, Performance = 9434.497 GFLOPS
GCR: Convergence at 21 iterations, L2 relative residual: iterated = 4.368983e-11, true = 4.368983e-11 (requested = 1.000000e-10)
PyQUDA INFO: Time = 0.235 secs, Performance = 9464.083 GFLOPS
GCR: Convergence at 21 iterations, L2 relative residual: iterated = 3.938746e-11, true = 3.938746e-11 (requested = 1.000000e-10)
PyQUDA INFO: Time = 0.237 secs, Performance = 9407.169 GFLOPS
GCR: Convergence at 20 iterations, L2 relative residual: iterated = 8.035629e-11, true = 8.035629e-11 (requested = 1.000000e-10)
PyQUDA INFO: Time = 0.225 secs, Performance = 9431.692 GFLOPS
GCR: Convergence at 20 iterations, L2 relative residual: iterated = 9.341471e-11, true = 9.341471e-11 (requested = 1.000000e-10)
PyQUDA INFO: Time = 0.224 secs, Performance = 9458.247 GFLOPS
GCR: Convergence at 20 iterations, L2 relative residual: iterated = 7.840527e-11, true = 7.840527e-11 (requested = 1.000000e-10)
PyQUDA INFO: Time = 0.225 secs, Performance = 9440.747 GFLOPS
GCR: Convergence at 21 iterations, L2 relative residual: iterated = 3.637173e-11, true = 3.637173e-11 (requested = 1.000000e-10)
PyQUDA INFO: Time = 0.235 secs, Performance = 9463.319 GFLOPS
GCR: Convergence at 20 iterations, L2 relative residual: iterated = 6.947364e-11, true = 6.947364e-11 (requested = 1.000000e-10)
PyQUDA INFO: Time = 0.225 secs, Performance = 9443.691 GFLOPS
GCR: Convergence at 20 iterations, L2 relative residual: iterated = 7.100783e-11, true = 7.100783e-11 (requested = 1.000000e-10)
PyQUDA INFO: Time = 0.224 secs, Performance = 9486.459 GFLOPS
PyQUDA INFO: INVERT 2 propagagors: 5.503482391000944 secs
PyQUDA INFO: DOING SINK GAUSSIAN SMEARING
PyQUDA INFO: SINK GAUSSIAN SMEAR: 0.7483286599999701 secs
PyQUDA INFO: GPU used 64.8 GB
PyQUDA INFO: CONTRACT ALL: 3.3283428520007874 secs
PyQUDA INFO: UNTIL CONTRACTION: 10.575724371999968 secs
PyQUDA INFO: INNER LOOP STARTS
PyQUDA INFO: SOURCE POSITION = [np.int64(30), np.int64(30), np.int64(14), np.int64(82)]
PyQUDA INFO: DOING SRC GAUSSIAN SMEARING
PyQUDA INFO: SOURCE GAUSSIAN SMEAR: 0.7638887960001739 secs
PyQUDA INFO: RELOADING GAUGE
PyQUDA INFO: RELOADING GAUGE: 0.2010555540000496 secs
PyQUDA INFO: SOLVING DIRAC EQ
GCR: Convergence at 20 iterations, L2 relative residual: iterated = 5.369846e-11, true = 5.369846e-11 (requested = 1.000000e-10)
PyQUDA INFO: Time = 0.222 secs, Performance = 9554.837 GFLOPS
GCR: Convergence at 20 iterations, L2 relative residual: iterated = 6.315687e-11, true = 6.315687e-11 (requested = 1.000000e-10)
PyQUDA INFO: Time = 0.223 secs, Performance = 9507.529 GFLOPS
GCR: Convergence at 20 iterations, L2 relative residual: iterated = 8.938990e-11, true = 8.938990e-11 (requested = 1.000000e-10)
PyQUDA INFO: Time = 0.225 secs, Performance = 9447.978 GFLOPS
GCR: Convergence at 20 iterations, L2 relative residual: iterated = 9.426484e-11, true = 9.426484e-11 (requested = 1.000000e-10)
PyQUDA INFO: Time = 0.224 secs, Performance = 9479.213 GFLOPS
GCR: Convergence at 20 iterations, L2 relative residual: iterated = 7.111529e-11, true = 7.111529e-11 (requested = 1.000000e-10)
PyQUDA INFO: Time = 0.224 secs, Performance = 9478.070 GFLOPS
GCR: Convergence at 20 iterations, L2 relative residual: iterated = 7.968746e-11, true = 7.968746e-11 (requested = 1.000000e-10)
PyQUDA INFO: Time = 0.225 secs, Performance = 9449.407 GFLOPS
GCR: Convergence at 20 iterations, L2 relative residual: iterated = 8.529836e-11, true = 8.529836e-11 (requested = 1.000000e-10)
PyQUDA INFO: Time = 0.224 secs, Performance = 9475.574 GFLOPS
GCR: Convergence at 20 iterations, L2 relative residual: iterated = 7.312870e-11, true = 7.312870e-11 (requested = 1.000000e-10)
PyQUDA INFO: Time = 0.225 secs, Performance = 9438.230 GFLOPS
GCR: Convergence at 21 iterations, L2 relative residual: iterated = 3.894756e-11, true = 3.894756e-11 (requested = 1.000000e-10)
PyQUDA INFO: Time = 0.236 secs, Performance = 9445.180 GFLOPS
GCR: Convergence at 20 iterations, L2 relative residual: iterated = 7.494690e-11, true = 7.494690e-11 (requested = 1.000000e-10)
PyQUDA INFO: Time = 0.226 secs, Performance = 9411.815 GFLOPS
GCR: Convergence at 20 iterations, L2 relative residual: iterated = 9.248965e-11, true = 9.248965e-11 (requested = 1.000000e-10)
PyQUDA INFO: Time = 0.225 secs, Performance = 9424.873 GFLOPS
GCR: Convergence at 20 iterations, L2 relative residual: iterated = 8.511584e-11, true = 8.511584e-11 (requested = 1.000000e-10)
PyQUDA INFO: Time = 0.224 secs, Performance = 9485.144 GFLOPS
GCR: Convergence at 20 iterations, L2 relative residual: iterated = 5.860204e-11, true = 5.860204e-11 (requested = 1.000000e-10)
PyQUDA INFO: Time = 0.225 secs, Performance = 9443.697 GFLOPS
GCR: Convergence at 20 iterations, L2 relative residual: iterated = 9.324613e-11, true = 9.324613e-11 (requested = 1.000000e-10)
PyQUDA INFO: Time = 0.225 secs, Performance = 9450.038 GFLOPS
GCR: Convergence at 20 iterations, L2 relative residual: iterated = 8.898067e-11, true = 8.898067e-11 (requested = 1.000000e-10)
PyQUDA INFO: Time = 0.224 secs, Performance = 9458.331 GFLOPS
GCR: Convergence at 20 iterations, L2 relative residual: iterated = 7.245494e-11, true = 7.245494e-11 (requested = 1.000000e-10)
PyQUDA INFO: Time = 0.225 secs, Performance = 9440.999 GFLOPS
GCR: Convergence at 20 iterations, L2 relative residual: iterated = 5.465339e-11, true = 5.465339e-11 (requested = 1.000000e-10)
PyQUDA INFO: Time = 0.224 secs, Performance = 9479.171 GFLOPS
GCR: Convergence at 20 iterations, L2 relative residual: iterated = 8.339119e-11, true = 8.339119e-11 (requested = 1.000000e-10)
PyQUDA INFO: Time = 0.225 secs, Performance = 9453.025 GFLOPS
GCR: Convergence at 21 iterations, L2 relative residual: iterated = 3.582093e-11, true = 3.582093e-11 (requested = 1.000000e-10)
PyQUDA INFO: Time = 0.236 secs, Performance = 9438.780 GFLOPS
GCR: Convergence at 20 iterations, L2 relative residual: iterated = 8.897109e-11, true = 8.897109e-11 (requested = 1.000000e-10)
PyQUDA INFO: Time = 0.225 secs, Performance = 9455.214 GFLOPS
GCR: Convergence at 20 iterations, L2 relative residual: iterated = 5.807351e-11, true = 5.807351e-11 (requested = 1.000000e-10)
PyQUDA INFO: Time = 0.226 secs, Performance = 9420.778 GFLOPS
GCR: Convergence at 21 iterations, L2 relative residual: iterated = 4.183260e-11, true = 4.183260e-11 (requested = 1.000000e-10)
PyQUDA INFO: Time = 0.236 secs, Performance = 9445.300 GFLOPS
GCR: Convergence at 20 iterations, L2 relative residual: iterated = 8.148385e-11, true = 8.148385e-11 (requested = 1.000000e-10)
PyQUDA INFO: Time = 0.225 secs, Performance = 9427.799 GFLOPS
GCR: Convergence at 20 iterations, L2 relative residual: iterated = 6.049415e-11, true = 6.049415e-11 (requested = 1.000000e-10)
PyQUDA INFO: Time = 0.224 secs, Performance = 9481.712 GFLOPS
PyQUDA INFO: INVERT 2 propagagors: 5.426490537000063 secs
PyQUDA INFO: DOING SINK GAUSSIAN SMEARING
PyQUDA INFO: SINK GAUSSIAN SMEAR: 0.7471142240010522 secs
PyQUDA INFO: GPU used 64.8 GB
PyQUDA INFO: CONTRACT ALL: 3.32830740099962 secs
PyQUDA INFO: UNTIL CONTRACTION: 10.50352130399915 secs
PyQUDA INFO: INNER LOOP STARTS
PyQUDA INFO: SOURCE POSITION = [np.int64(30), np.int64(14), np.int64(30), np.int64(82)]
PyQUDA INFO: DOING SRC GAUSSIAN SMEARING
PyQUDA INFO: SOURCE GAUSSIAN SMEAR: 0.7626743790006003 secs
PyQUDA INFO: RELOADING GAUGE
PyQUDA INFO: RELOADING GAUGE: 0.19821879899973283 secs
PyQUDA INFO: SOLVING DIRAC EQ
GCR: Convergence at 21 iterations, L2 relative residual: iterated = 5.829777e-11, true = 5.829777e-11 (requested = 1.000000e-10)
PyQUDA INFO: Time = 0.233 secs, Performance = 9546.760 GFLOPS
GCR: Convergence at 20 iterations, L2 relative residual: iterated = 5.210662e-11, true = 5.210662e-11 (requested = 1.000000e-10)
PyQUDA INFO: Time = 0.224 secs, Performance = 9462.785 GFLOPS
GCR: Convergence at 21 iterations, L2 relative residual: iterated = 3.596474e-11, true = 3.596474e-11 (requested = 1.000000e-10)
PyQUDA INFO: Time = 0.236 secs, Performance = 9431.752 GFLOPS
GCR: Convergence at 20 iterations, L2 relative residual: iterated = 8.387604e-11, true = 8.387604e-11 (requested = 1.000000e-10)
PyQUDA INFO: Time = 0.225 secs, Performance = 9436.969 GFLOPS
GCR: Convergence at 20 iterations, L2 relative residual: iterated = 9.289900e-11, true = 9.289900e-11 (requested = 1.000000e-10)
PyQUDA INFO: Time = 0.225 secs, Performance = 9430.561 GFLOPS
GCR: Convergence at 20 iterations, L2 relative residual: iterated = 7.122640e-11, true = 7.122640e-11 (requested = 1.000000e-10)
PyQUDA INFO: Time = 0.224 secs, Performance = 9478.070 GFLOPS
GCR: Convergence at 20 iterations, L2 relative residual: iterated = 7.232673e-11, true = 7.232673e-11 (requested = 1.000000e-10)
PyQUDA INFO: Time = 0.225 secs, Performance = 9440.197 GFLOPS
GCR: Convergence at 20 iterations, L2 relative residual: iterated = 7.687721e-11, true = 7.687721e-11 (requested = 1.000000e-10)
PyQUDA INFO: Time = 0.224 secs, Performance = 9474.285 GFLOPS
GCR: Convergence at 20 iterations, L2 relative residual: iterated = 9.690518e-11, true = 9.690518e-11 (requested = 1.000000e-10)
PyQUDA INFO: Time = 0.225 secs, Performance = 9461.310 GFLOPS
GCR: Convergence at 20 iterations, L2 relative residual: iterated = 9.012445e-11, true = 9.012445e-11 (requested = 1.000000e-10)
PyQUDA INFO: Time = 0.224 secs, Performance = 9462.420 GFLOPS
GCR: Convergence at 20 iterations, L2 relative residual: iterated = 8.274009e-11, true = 8.274009e-11 (requested = 1.000000e-10)
PyQUDA INFO: Time = 0.224 secs, Performance = 9481.520 GFLOPS
GCR: Convergence at 20 iterations, L2 relative residual: iterated = 6.268426e-11, true = 6.268426e-11 (requested = 1.000000e-10)
PyQUDA INFO: Time = 0.224 secs, Performance = 9470.820 GFLOPS
GCR: Convergence at 20 iterations, L2 relative residual: iterated = 8.856171e-11, true = 8.856171e-11 (requested = 1.000000e-10)
PyQUDA INFO: Time = 0.226 secs, Performance = 9411.383 GFLOPS
GCR: Convergence at 20 iterations, L2 relative residual: iterated = 9.458231e-11, true = 9.458231e-11 (requested = 1.000000e-10)
PyQUDA INFO: Time = 0.225 secs, Performance = 9447.802 GFLOPS
GCR: Convergence at 20 iterations, L2 relative residual: iterated = 5.625180e-11, true = 5.625180e-11 (requested = 1.000000e-10)
PyQUDA INFO: Time = 0.223 secs, Performance = 9518.365 GFLOPS
GCR: Convergence at 20 iterations, L2 relative residual: iterated = 7.674655e-11, true = 7.674655e-11 (requested = 1.000000e-10)
PyQUDA INFO: Time = 0.224 secs, Performance = 9464.556 GFLOPS
GCR: Convergence at 20 iterations, L2 relative residual: iterated = 9.328913e-11, true = 9.328913e-11 (requested = 1.000000e-10)
PyQUDA INFO: Time = 0.225 secs, Performance = 9431.985 GFLOPS
GCR: Convergence at 20 iterations, L2 relative residual: iterated = 9.166204e-11, true = 9.166204e-11 (requested = 1.000000e-10)
PyQUDA INFO: Time = 0.226 secs, Performance = 9399.331 GFLOPS
GCR: Convergence at 20 iterations, L2 relative residual: iterated = 6.396675e-11, true = 6.396675e-11 (requested = 1.000000e-10)
PyQUDA INFO: Time = 0.224 secs, Performance = 9486.314 GFLOPS
GCR: Convergence at 20 iterations, L2 relative residual: iterated = 8.487729e-11, true = 8.487729e-11 (requested = 1.000000e-10)
PyQUDA INFO: Time = 0.225 secs, Performance = 9452.647 GFLOPS
GCR: Convergence at 20 iterations, L2 relative residual: iterated = 8.981797e-11, true = 8.981797e-11 (requested = 1.000000e-10)
PyQUDA INFO: Time = 0.224 secs, Performance = 9467.948 GFLOPS
GCR: Convergence at 20 iterations, L2 relative residual: iterated = 8.968588e-11, true = 8.968588e-11 (requested = 1.000000e-10)
PyQUDA INFO: Time = 0.224 secs, Performance = 9475.723 GFLOPS
GCR: Convergence at 21 iterations, L2 relative residual: iterated = 4.522752e-11, true = 4.522752e-11 (requested = 1.000000e-10)
PyQUDA INFO: Time = 0.236 secs, Performance = 9439.984 GFLOPS
GCR: Convergence at 20 iterations, L2 relative residual: iterated = 7.765346e-11, true = 7.765346e-11 (requested = 1.000000e-10)
PyQUDA INFO: Time = 0.224 secs, Performance = 9473.355 GFLOPS
PyQUDA INFO: INVERT 2 propagagors: 5.426122351998856 secs
PyQUDA INFO: DOING SINK GAUSSIAN SMEARING
PyQUDA INFO: SINK GAUSSIAN SMEAR: 0.7481490460013447 secs
PyQUDA INFO: GPU used 64.8 GB
PyQUDA INFO: CONTRACT ALL: 3.327723006999804 secs
PyQUDA INFO: UNTIL CONTRACTION: 10.498567526999977 secs
PyQUDA INFO: INNER LOOP STARTS
PyQUDA INFO: SOURCE POSITION = [np.int64(30), np.int64(14), np.int64(14), np.int64(82)]
PyQUDA INFO: DOING SRC GAUSSIAN SMEARING
PyQUDA INFO: SOURCE GAUSSIAN SMEAR: 0.765722829999504 secs
PyQUDA INFO: RELOADING GAUGE
PyQUDA INFO: RELOADING GAUGE: 0.2012356799987174 secs
PyQUDA INFO: SOLVING DIRAC EQ
GCR: Convergence at 20 iterations, L2 relative residual: iterated = 8.689689e-11, true = 8.689689e-11 (requested = 1.000000e-10)
PyQUDA INFO: Time = 0.221 secs, Performance = 9592.031 GFLOPS
GCR: Convergence at 21 iterations, L2 relative residual: iterated = 3.691001e-11, true = 3.691001e-11 (requested = 1.000000e-10)
PyQUDA INFO: Time = 0.236 secs, Performance = 9437.219 GFLOPS
GCR: Convergence at 20 iterations, L2 relative residual: iterated = 8.103004e-11, true = 8.103004e-11 (requested = 1.000000e-10)
PyQUDA INFO: Time = 0.225 secs, Performance = 9425.915 GFLOPS
GCR: Convergence at 21 iterations, L2 relative residual: iterated = 3.756931e-11, true = 3.756931e-11 (requested = 1.000000e-10)
PyQUDA INFO: Time = 0.236 secs, Performance = 9418.789 GFLOPS
GCR: Convergence at 20 iterations, L2 relative residual: iterated = 7.118628e-11, true = 7.118628e-11 (requested = 1.000000e-10)
PyQUDA INFO: Time = 0.224 secs, Performance = 9459.764 GFLOPS
GCR: Convergence at 20 iterations, L2 relative residual: iterated = 8.925524e-11, true = 8.925524e-11 (requested = 1.000000e-10)
PyQUDA INFO: Time = 0.224 secs, Performance = 9481.607 GFLOPS
GCR: Convergence at 20 iterations, L2 relative residual: iterated = 7.238780e-11, true = 7.238780e-11 (requested = 1.000000e-10)
PyQUDA INFO: Time = 0.224 secs, Performance = 9482.709 GFLOPS
GCR: Convergence at 20 iterations, L2 relative residual: iterated = 7.488866e-11, true = 7.488866e-11 (requested = 1.000000e-10)
PyQUDA INFO: Time = 0.224 secs, Performance = 9472.740 GFLOPS
GCR: Convergence at 21 iterations, L2 relative residual: iterated = 3.940644e-11, true = 3.940644e-11 (requested = 1.000000e-10)
PyQUDA INFO: Time = 0.237 secs, Performance = 9424.654 GFLOPS
GCR: Convergence at 21 iterations, L2 relative residual: iterated = 3.298745e-11, true = 3.298745e-11 (requested = 1.000000e-10)
PyQUDA INFO: Time = 0.237 secs, Performance = 9408.819 GFLOPS
GCR: Convergence at 21 iterations, L2 relative residual: iterated = 4.336303e-11, true = 4.336303e-11 (requested = 1.000000e-10)
PyQUDA INFO: Time = 0.235 secs, Performance = 9477.145 GFLOPS
GCR: Convergence at 20 iterations, L2 relative residual: iterated = 6.370520e-11, true = 6.370520e-11 (requested = 1.000000e-10)
PyQUDA INFO: Time = 0.223 secs, Performance = 9518.873 GFLOPS
GCR: Convergence at 21 iterations, L2 relative residual: iterated = 3.786130e-11, true = 3.786130e-11 (requested = 1.000000e-10)
PyQUDA INFO: Time = 0.235 secs, Performance = 9458.884 GFLOPS
GCR: Convergence at 20 iterations, L2 relative residual: iterated = 8.574623e-11, true = 8.574623e-11 (requested = 1.000000e-10)
PyQUDA INFO: Time = 0.224 secs, Performance = 9466.006 GFLOPS
GCR: Convergence at 20 iterations, L2 relative residual: iterated = 9.007598e-11, true = 9.007598e-11 (requested = 1.000000e-10)
PyQUDA INFO: Time = 0.225 secs, Performance = 9439.908 GFLOPS
GCR: Convergence at 20 iterations, L2 relative residual: iterated = 8.999214e-11, true = 8.999214e-11 (requested = 1.000000e-10)
PyQUDA INFO: Time = 0.225 secs, Performance = 9456.731 GFLOPS
GCR: Convergence at 20 iterations, L2 relative residual: iterated = 7.454002e-11, true = 7.454002e-11 (requested = 1.000000e-10)
PyQUDA INFO: Time = 0.224 secs, Performance = 9476.335 GFLOPS
GCR: Convergence at 20 iterations, L2 relative residual: iterated = 7.506798e-11, true = 7.506798e-11 (requested = 1.000000e-10)
PyQUDA INFO: Time = 0.224 secs, Performance = 9488.223 GFLOPS
GCR: Convergence at 20 iterations, L2 relative residual: iterated = 9.322202e-11, true = 9.322202e-11 (requested = 1.000000e-10)
PyQUDA INFO: Time = 0.224 secs, Performance = 9484.829 GFLOPS
GCR: Convergence at 20 iterations, L2 relative residual: iterated = 6.143715e-11, true = 6.143715e-11 (requested = 1.000000e-10)
PyQUDA INFO: Time = 0.226 secs, Performance = 9414.476 GFLOPS
GCR: Convergence at 20 iterations, L2 relative residual: iterated = 7.781401e-11, true = 7.781401e-11 (requested = 1.000000e-10)
PyQUDA INFO: Time = 0.225 secs, Performance = 9437.727 GFLOPS
GCR: Convergence at 20 iterations, L2 relative residual: iterated = 8.080620e-11, true = 8.080620e-11 (requested = 1.000000e-10)
PyQUDA INFO: Time = 0.225 secs, Performance = 9436.343 GFLOPS
GCR: Convergence at 21 iterations, L2 relative residual: iterated = 3.534650e-11, true = 3.534650e-11 (requested = 1.000000e-10)
PyQUDA INFO: Time = 0.236 secs, Performance = 9454.164 GFLOPS
GCR: Convergence at 20 iterations, L2 relative residual: iterated = 7.112791e-11, true = 7.112791e-11 (requested = 1.000000e-10)
PyQUDA INFO: Time = 0.224 secs, Performance = 9453.962 GFLOPS
PyQUDA INFO: INVERT 2 propagagors: 5.467916880001212 secs
PyQUDA INFO: DOING SINK GAUSSIAN SMEARING
PyQUDA INFO: SINK GAUSSIAN SMEAR: 0.749000050000177 secs
PyQUDA INFO: GPU used 64.8 GB
PyQUDA INFO: CONTRACT ALL: 3.329877887999828 secs
PyQUDA INFO: UNTIL CONTRACTION: 10.549060807001297 secs
PyQUDA INFO: INNER LOOP STARTS
PyQUDA INFO: SOURCE POSITION = [np.int64(14), np.int64(30), np.int64(30), np.int64(82)]
PyQUDA INFO: DOING SRC GAUSSIAN SMEARING
PyQUDA INFO: SOURCE GAUSSIAN SMEAR: 0.7600161229984224 secs
PyQUDA INFO: RELOADING GAUGE
PyQUDA INFO: RELOADING GAUGE: 0.2026360370000475 secs
PyQUDA INFO: SOLVING DIRAC EQ
GCR: Convergence at 20 iterations, L2 relative residual: iterated = 8.973329e-11, true = 8.973329e-11 (requested = 1.000000e-10)
PyQUDA INFO: Time = 0.221 secs, Performance = 9592.524 GFLOPS
GCR: Convergence at 20 iterations, L2 relative residual: iterated = 9.209050e-11, true = 9.209050e-11 (requested = 1.000000e-10)
PyQUDA INFO: Time = 0.224 secs, Performance = 9489.529 GFLOPS
GCR: Convergence at 20 iterations, L2 relative residual: iterated = 4.928502e-11, true = 4.928502e-11 (requested = 1.000000e-10)
PyQUDA INFO: Time = 0.223 secs, Performance = 9510.641 GFLOPS
GCR: Convergence at 20 iterations, L2 relative residual: iterated = 4.974024e-11, true = 4.974024e-11 (requested = 1.000000e-10)
PyQUDA INFO: Time = 0.224 secs, Performance = 9481.500 GFLOPS
GCR: Convergence at 20 iterations, L2 relative residual: iterated = 7.916518e-11, true = 7.916518e-11 (requested = 1.000000e-10)
PyQUDA INFO: Time = 0.225 secs, Performance = 9446.942 GFLOPS
GCR: Convergence at 20 iterations, L2 relative residual: iterated = 6.309140e-11, true = 6.309140e-11 (requested = 1.000000e-10)
PyQUDA INFO: Time = 0.225 secs, Performance = 9452.478 GFLOPS
GCR: Convergence at 21 iterations, L2 relative residual: iterated = 3.586018e-11, true = 3.586018e-11 (requested = 1.000000e-10)
PyQUDA INFO: Time = 0.235 secs, Performance = 9464.806 GFLOPS
GCR: Convergence at 21 iterations, L2 relative residual: iterated = 5.151436e-11, true = 5.151436e-11 (requested = 1.000000e-10)
PyQUDA INFO: Time = 0.237 secs, Performance = 9415.110 GFLOPS
GCR: Convergence at 21 iterations, L2 relative residual: iterated = 5.376137e-11, true = 5.376137e-11 (requested = 1.000000e-10)
PyQUDA INFO: Time = 0.235 secs, Performance = 9463.038 GFLOPS
GCR: Convergence at 20 iterations, L2 relative residual: iterated = 9.784649e-11, true = 9.784649e-11 (requested = 1.000000e-10)
PyQUDA INFO: Time = 0.225 secs, Performance = 9457.393 GFLOPS
GCR: Convergence at 21 iterations, L2 relative residual: iterated = 4.056963e-11, true = 4.056963e-11 (requested = 1.000000e-10)
PyQUDA INFO: Time = 0.234 secs, Performance = 9516.218 GFLOPS
GCR: Convergence at 21 iterations, L2 relative residual: iterated = 3.884311e-11, true = 3.884311e-11 (requested = 1.000000e-10)
PyQUDA INFO: Time = 0.236 secs, Performance = 9448.223 GFLOPS
GCR: Convergence at 20 iterations, L2 relative residual: iterated = 6.841176e-11, true = 6.841176e-11 (requested = 1.000000e-10)
PyQUDA INFO: Time = 0.225 secs, Performance = 9444.328 GFLOPS
GCR: Convergence at 20 iterations, L2 relative residual: iterated = 5.198248e-11, true = 5.198248e-11 (requested = 1.000000e-10)
PyQUDA INFO: Time = 0.225 secs, Performance = 9455.119 GFLOPS
GCR: Convergence at 20 iterations, L2 relative residual: iterated = 4.579429e-11, true = 4.579429e-11 (requested = 1.000000e-10)
PyQUDA INFO: Time = 0.224 secs, Performance = 9464.740 GFLOPS
GCR: Convergence at 20 iterations, L2 relative residual: iterated = 8.790691e-11, true = 8.790691e-11 (requested = 1.000000e-10)
PyQUDA INFO: Time = 0.224 secs, Performance = 9463.179 GFLOPS
GCR: Convergence at 20 iterations, L2 relative residual: iterated = 8.019640e-11, true = 8.019640e-11 (requested = 1.000000e-10)
PyQUDA INFO: Time = 0.224 secs, Performance = 9459.722 GFLOPS
GCR: Convergence at 20 iterations, L2 relative residual: iterated = 8.266635e-11, true = 8.266635e-11 (requested = 1.000000e-10)
PyQUDA INFO: Time = 0.224 secs, Performance = 9479.658 GFLOPS
GCR: Convergence at 20 iterations, L2 relative residual: iterated = 8.840318e-11, true = 8.840318e-11 (requested = 1.000000e-10)
PyQUDA INFO: Time = 0.226 secs, Performance = 9403.122 GFLOPS
GCR: Convergence at 21 iterations, L2 relative residual: iterated = 3.872885e-11, true = 3.872885e-11 (requested = 1.000000e-10)
PyQUDA INFO: Time = 0.236 secs, Performance = 9458.005 GFLOPS
GCR: Convergence at 21 iterations, L2 relative residual: iterated = 4.524110e-11, true = 4.524110e-11 (requested = 1.000000e-10)
PyQUDA INFO: Time = 0.236 secs, Performance = 9451.699 GFLOPS
GCR: Convergence at 21 iterations, L2 relative residual: iterated = 5.809211e-11, true = 5.809211e-11 (requested = 1.000000e-10)
PyQUDA INFO: Time = 0.236 secs, Performance = 9431.910 GFLOPS
GCR: Convergence at 21 iterations, L2 relative residual: iterated = 5.213017e-11, true = 5.213017e-11 (requested = 1.000000e-10)
PyQUDA INFO: Time = 0.237 secs, Performance = 9426.448 GFLOPS
GCR: Convergence at 21 iterations, L2 relative residual: iterated = 4.791345e-11, true = 4.791345e-11 (requested = 1.000000e-10)
PyQUDA INFO: Time = 0.236 secs, Performance = 9447.134 GFLOPS
PyQUDA INFO: INVERT 2 propagagors: 5.5012684620014625 secs
PyQUDA INFO: DOING SINK GAUSSIAN SMEARING
PyQUDA INFO: SINK GAUSSIAN SMEAR: 0.7499823339985596 secs
PyQUDA INFO: GPU used 64.8 GB
PyQUDA INFO: CONTRACT ALL: 3.3283057489989005 secs
PyQUDA INFO: UNTIL CONTRACTION: 10.577862655998615 secs
PyQUDA INFO: INNER LOOP STARTS
PyQUDA INFO: SOURCE POSITION = [np.int64(14), np.int64(30), np.int64(14), np.int64(82)]
PyQUDA INFO: DOING SRC GAUSSIAN SMEARING
PyQUDA INFO: SOURCE GAUSSIAN SMEAR: 0.7603252940007224 secs
PyQUDA INFO: RELOADING GAUGE
PyQUDA INFO: RELOADING GAUGE: 0.2042922840009851 secs
PyQUDA INFO: SOLVING DIRAC EQ
GCR: Convergence at 20 iterations, L2 relative residual: iterated = 5.859661e-11, true = 5.859661e-11 (requested = 1.000000e-10)
PyQUDA INFO: Time = 0.221 secs, Performance = 9577.582 GFLOPS
GCR: Convergence at 21 iterations, L2 relative residual: iterated = 4.697220e-11, true = 4.697220e-11 (requested = 1.000000e-10)
PyQUDA INFO: Time = 0.235 secs, Performance = 9475.070 GFLOPS
GCR: Convergence at 21 iterations, L2 relative residual: iterated = 6.422363e-11, true = 6.422363e-11 (requested = 1.000000e-10)
PyQUDA INFO: Time = 0.237 secs, Performance = 9405.137 GFLOPS
GCR: Convergence at 20 iterations, L2 relative residual: iterated = 7.230599e-11, true = 7.230599e-11 (requested = 1.000000e-10)
PyQUDA INFO: Time = 0.223 secs, Performance = 9493.913 GFLOPS
GCR: Convergence at 21 iterations, L2 relative residual: iterated = 3.891131e-11, true = 3.891131e-11 (requested = 1.000000e-10)
PyQUDA INFO: Time = 0.237 secs, Performance = 9428.002 GFLOPS
GCR: Convergence at 20 iterations, L2 relative residual: iterated = 7.196773e-11, true = 7.196773e-11 (requested = 1.000000e-10)
PyQUDA INFO: Time = 0.223 secs, Performance = 9492.341 GFLOPS
GCR: Convergence at 20 iterations, L2 relative residual: iterated = 6.870373e-11, true = 6.870373e-11 (requested = 1.000000e-10)
PyQUDA INFO: Time = 0.226 secs, Performance = 9417.146 GFLOPS
GCR: Convergence at 20 iterations, L2 relative residual: iterated = 8.593887e-11, true = 8.593887e-11 (requested = 1.000000e-10)
PyQUDA INFO: Time = 0.223 secs, Performance = 9507.094 GFLOPS
GCR: Convergence at 20 iterations, L2 relative residual: iterated = 7.251489e-11, true = 7.251489e-11 (requested = 1.000000e-10)
PyQUDA INFO: Time = 0.223 secs, Performance = 9494.338 GFLOPS
GCR: Convergence at 20 iterations, L2 relative residual: iterated = 6.596382e-11, true = 6.596382e-11 (requested = 1.000000e-10)
PyQUDA INFO: Time = 0.224 secs, Performance = 9460.186 GFLOPS
GCR: Convergence at 20 iterations, L2 relative residual: iterated = 6.207271e-11, true = 6.207271e-11 (requested = 1.000000e-10)
PyQUDA INFO: Time = 0.224 secs, Performance = 9477.181 GFLOPS
GCR: Convergence at 20 iterations, L2 relative residual: iterated = 9.237922e-11, true = 9.237922e-11 (requested = 1.000000e-10)
PyQUDA INFO: Time = 0.224 secs, Performance = 9485.017 GFLOPS
GCR: Convergence at 20 iterations, L2 relative residual: iterated = 7.795640e-11, true = 7.795640e-11 (requested = 1.000000e-10)
PyQUDA INFO: Time = 0.224 secs, Performance = 9462.406 GFLOPS
GCR: Convergence at 20 iterations, L2 relative residual: iterated = 5.869510e-11, true = 5.869510e-11 (requested = 1.000000e-10)
PyQUDA INFO: Time = 0.224 secs, Performance = 9465.078 GFLOPS
GCR: Convergence at 21 iterations, L2 relative residual: iterated = 3.671595e-11, true = 3.671595e-11 (requested = 1.000000e-10)
PyQUDA INFO: Time = 0.235 secs, Performance = 9478.517 GFLOPS
GCR: Convergence at 20 iterations, L2 relative residual: iterated = 8.987453e-11, true = 8.987453e-11 (requested = 1.000000e-10)
PyQUDA INFO: Time = 0.225 secs, Performance = 9438.901 GFLOPS
GCR: Convergence at 21 iterations, L2 relative residual: iterated = 5.387456e-11, true = 5.387456e-11 (requested = 1.000000e-10)
PyQUDA INFO: Time = 0.237 secs, Performance = 9421.469 GFLOPS
GCR: Convergence at 20 iterations, L2 relative residual: iterated = 9.426231e-11, true = 9.426231e-11 (requested = 1.000000e-10)
PyQUDA INFO: Time = 0.224 secs, Performance = 9475.404 GFLOPS
GCR: Convergence at 21 iterations, L2 relative residual: iterated = 3.258959e-11, true = 3.258959e-11 (requested = 1.000000e-10)
PyQUDA INFO: Time = 0.236 secs, Performance = 9442.859 GFLOPS
GCR: Convergence at 20 iterations, L2 relative residual: iterated = 8.328768e-11, true = 8.328768e-11 (requested = 1.000000e-10)
PyQUDA INFO: Time = 0.223 secs, Performance = 9493.828 GFLOPS
GCR: Convergence at 20 iterations, L2 relative residual: iterated = 5.532438e-11, true = 5.532438e-11 (requested = 1.000000e-10)
PyQUDA INFO: Time = 0.224 secs, Performance = 9474.897 GFLOPS
GCR: Convergence at 20 iterations, L2 relative residual: iterated = 6.381341e-11, true = 6.381341e-11 (requested = 1.000000e-10)
PyQUDA INFO: Time = 0.225 secs, Performance = 9442.552 GFLOPS
GCR: Convergence at 20 iterations, L2 relative residual: iterated = 7.652806e-11, true = 7.652806e-11 (requested = 1.000000e-10)
PyQUDA INFO: Time = 0.226 secs, Performance = 9421.781 GFLOPS
GCR: Convergence at 20 iterations, L2 relative residual: iterated = 7.238202e-11, true = 7.238202e-11 (requested = 1.000000e-10)
PyQUDA INFO: Time = 0.224 secs, Performance = 9466.850 GFLOPS
PyQUDA INFO: INVERT 2 propagagors: 5.454082533999099 secs
PyQUDA INFO: DOING SINK GAUSSIAN SMEARING
PyQUDA INFO: SINK GAUSSIAN SMEAR: 0.7479860350013041 secs
PyQUDA INFO: GPU used 64.8 GB
PyQUDA INFO: CONTRACT ALL: 3.3284435599998687 secs
PyQUDA INFO: UNTIL CONTRACTION: 10.53031752700008 secs
PyQUDA INFO: INNER LOOP STARTS
PyQUDA INFO: SOURCE POSITION = [np.int64(14), np.int64(14), np.int64(30), np.int64(82)]
PyQUDA INFO: DOING SRC GAUSSIAN SMEARING
PyQUDA INFO: SOURCE GAUSSIAN SMEAR: 0.7615865100015071 secs
PyQUDA INFO: RELOADING GAUGE
PyQUDA INFO: RELOADING GAUGE: 0.19665903799977968 secs
PyQUDA INFO: SOLVING DIRAC EQ
GCR: Convergence at 21 iterations, L2 relative residual: iterated = 3.734295e-11, true = 3.734295e-11 (requested = 1.000000e-10)
PyQUDA INFO: Time = 0.232 secs, Performance = 9592.417 GFLOPS
GCR: Convergence at 20 iterations, L2 relative residual: iterated = 8.337146e-11, true = 8.337146e-11 (requested = 1.000000e-10)
PyQUDA INFO: Time = 0.223 secs, Performance = 9522.550 GFLOPS
GCR: Convergence at 20 iterations, L2 relative residual: iterated = 7.205697e-11, true = 7.205697e-11 (requested = 1.000000e-10)
PyQUDA INFO: Time = 0.224 secs, Performance = 9466.977 GFLOPS
GCR: Convergence at 20 iterations, L2 relative residual: iterated = 8.094615e-11, true = 8.094615e-11 (requested = 1.000000e-10)
PyQUDA INFO: Time = 0.223 secs, Performance = 9518.617 GFLOPS
GCR: Convergence at 20 iterations, L2 relative residual: iterated = 7.602661e-11, true = 7.602661e-11 (requested = 1.000000e-10)
PyQUDA INFO: Time = 0.224 secs, Performance = 9484.848 GFLOPS
GCR: Convergence at 21 iterations, L2 relative residual: iterated = 3.268579e-11, true = 3.268579e-11 (requested = 1.000000e-10)
PyQUDA INFO: Time = 0.235 secs, Performance = 9481.826 GFLOPS
GCR: Convergence at 20 iterations, L2 relative residual: iterated = 6.115018e-11, true = 6.115018e-11 (requested = 1.000000e-10)
PyQUDA INFO: Time = 0.226 secs, Performance = 9411.633 GFLOPS
GCR: Convergence at 20 iterations, L2 relative residual: iterated = 8.091908e-11, true = 8.091908e-11 (requested = 1.000000e-10)
PyQUDA INFO: Time = 0.225 secs, Performance = 9426.253 GFLOPS
GCR: Convergence at 20 iterations, L2 relative residual: iterated = 6.904007e-11, true = 6.904007e-11 (requested = 1.000000e-10)
PyQUDA INFO: Time = 0.224 secs, Performance = 9482.009 GFLOPS
GCR: Convergence at 20 iterations, L2 relative residual: iterated = 9.689964e-11, true = 9.689964e-11 (requested = 1.000000e-10)
PyQUDA INFO: Time = 0.224 secs, Performance = 9469.468 GFLOPS
GCR: Convergence at 20 iterations, L2 relative residual: iterated = 7.547178e-11, true = 7.547178e-11 (requested = 1.000000e-10)
PyQUDA INFO: Time = 0.225 secs, Performance = 9444.651 GFLOPS
GCR: Convergence at 20 iterations, L2 relative residual: iterated = 8.559746e-11, true = 8.559746e-11 (requested = 1.000000e-10)
PyQUDA INFO: Time = 0.224 secs, Performance = 9468.919 GFLOPS
GCR: Convergence at 20 iterations, L2 relative residual: iterated = 8.140074e-11, true = 8.140074e-11 (requested = 1.000000e-10)
PyQUDA INFO: Time = 0.225 secs, Performance = 9431.651 GFLOPS
GCR: Convergence at 20 iterations, L2 relative residual: iterated = 5.021617e-11, true = 5.021617e-11 (requested = 1.000000e-10)
PyQUDA INFO: Time = 0.225 secs, Performance = 9427.088 GFLOPS
GCR: Convergence at 20 iterations, L2 relative residual: iterated = 7.013050e-11, true = 7.013050e-11 (requested = 1.000000e-10)
PyQUDA INFO: Time = 0.224 secs, Performance = 9488.537 GFLOPS
GCR: Convergence at 20 iterations, L2 relative residual: iterated = 8.843216e-11, true = 8.843216e-11 (requested = 1.000000e-10)
PyQUDA INFO: Time = 0.224 secs, Performance = 9460.439 GFLOPS
GCR: Convergence at 20 iterations, L2 relative residual: iterated = 8.622384e-11, true = 8.622384e-11 (requested = 1.000000e-10)
PyQUDA INFO: Time = 0.224 secs, Performance = 9487.265 GFLOPS
GCR: Convergence at 20 iterations, L2 relative residual: iterated = 7.338584e-11, true = 7.338584e-11 (requested = 1.000000e-10)
PyQUDA INFO: Time = 0.223 secs, Performance = 9509.311 GFLOPS
GCR: Convergence at 20 iterations, L2 relative residual: iterated = 7.603712e-11, true = 7.603712e-11 (requested = 1.000000e-10)
PyQUDA INFO: Time = 0.224 secs, Performance = 9460.481 GFLOPS
GCR: Convergence at 20 iterations, L2 relative residual: iterated = 8.927723e-11, true = 8.927723e-11 (requested = 1.000000e-10)
PyQUDA INFO: Time = 0.224 secs, Performance = 9460.481 GFLOPS
GCR: Convergence at 20 iterations, L2 relative residual: iterated = 8.437889e-11, true = 8.437889e-11 (requested = 1.000000e-10)
PyQUDA INFO: Time = 0.225 secs, Performance = 9446.709 GFLOPS
GCR: Convergence at 20 iterations, L2 relative residual: iterated = 9.766149e-11, true = 9.766149e-11 (requested = 1.000000e-10)
PyQUDA INFO: Time = 0.224 secs, Performance = 9464.234 GFLOPS
GCR: Convergence at 21 iterations, L2 relative residual: iterated = 3.569458e-11, true = 3.569458e-11 (requested = 1.000000e-10)
PyQUDA INFO: Time = 0.235 secs, Performance = 9463.239 GFLOPS
GCR: Convergence at 21 iterations, L2 relative residual: iterated = 4.110000e-11, true = 4.110000e-11 (requested = 1.000000e-10)
PyQUDA INFO: Time = 0.236 secs, Performance = 9459.691 GFLOPS
PyQUDA INFO: INVERT 2 propagagors: 5.428669410999646 secs
PyQUDA INFO: DOING SINK GAUSSIAN SMEARING
PyQUDA INFO: SINK GAUSSIAN SMEAR: 0.74812475500039 secs
PyQUDA INFO: GPU used 64.8 GB
PyQUDA INFO: CONTRACT ALL: 3.3286991720015067 secs
PyQUDA INFO: UNTIL CONTRACTION: 10.498783454999284 secs
PyQUDA INFO: INNER LOOP STARTS
PyQUDA INFO: SOURCE POSITION = [np.int64(14), np.int64(14), np.int64(14), np.int64(82)]
PyQUDA INFO: DOING SRC GAUSSIAN SMEARING
PyQUDA INFO: SOURCE GAUSSIAN SMEAR: 0.7621594730007928 secs
PyQUDA INFO: RELOADING GAUGE
PyQUDA INFO: RELOADING GAUGE: 0.20119624900144117 secs
PyQUDA INFO: SOLVING DIRAC EQ
GCR: Convergence at 20 iterations, L2 relative residual: iterated = 7.442103e-11, true = 7.442103e-11 (requested = 1.000000e-10)
PyQUDA INFO: Time = 0.221 secs, Performance = 9598.414 GFLOPS
GCR: Convergence at 20 iterations, L2 relative residual: iterated = 9.295960e-11, true = 9.295960e-11 (requested = 1.000000e-10)
PyQUDA INFO: Time = 0.225 secs, Performance = 9432.319 GFLOPS
GCR: Convergence at 20 iterations, L2 relative residual: iterated = 8.072625e-11, true = 8.072625e-11 (requested = 1.000000e-10)
PyQUDA INFO: Time = 0.224 secs, Performance = 9484.212 GFLOPS
GCR: Convergence at 20 iterations, L2 relative residual: iterated = 6.359342e-11, true = 6.359342e-11 (requested = 1.000000e-10)
PyQUDA INFO: Time = 0.225 secs, Performance = 9427.967 GFLOPS
GCR: Convergence at 20 iterations, L2 relative residual: iterated = 5.074098e-11, true = 5.074098e-11 (requested = 1.000000e-10)
PyQUDA INFO: Time = 0.225 secs, Performance = 9450.912 GFLOPS
GCR: Convergence at 20 iterations, L2 relative residual: iterated = 9.939428e-11, true = 9.939428e-11 (requested = 1.000000e-10)
PyQUDA INFO: Time = 0.225 secs, Performance = 9439.908 GFLOPS
GCR: Convergence at 21 iterations, L2 relative residual: iterated = 3.673169e-11, true = 3.673169e-11 (requested = 1.000000e-10)
PyQUDA INFO: Time = 0.236 secs, Performance = 9445.100 GFLOPS
GCR: Convergence at 20 iterations, L2 relative residual: iterated = 8.779158e-11, true = 8.779158e-11 (requested = 1.000000e-10)
PyQUDA INFO: Time = 0.227 secs, Performance = 9373.258 GFLOPS
GCR: Convergence at 21 iterations, L2 relative residual: iterated = 5.244366e-11, true = 5.244366e-11 (requested = 1.000000e-10)
PyQUDA INFO: Time = 0.235 secs, Performance = 9461.551 GFLOPS
GCR: Convergence at 20 iterations, L2 relative residual: iterated = 9.264848e-11, true = 9.264848e-11 (requested = 1.000000e-10)
PyQUDA INFO: Time = 0.224 secs, Performance = 9485.611 GFLOPS
GCR: Convergence at 20 iterations, L2 relative residual: iterated = 7.014223e-11, true = 7.014223e-11 (requested = 1.000000e-10)
PyQUDA INFO: Time = 0.224 secs, Performance = 9465.500 GFLOPS
GCR: Convergence at 21 iterations, L2 relative residual: iterated = 4.118672e-11, true = 4.118672e-11 (requested = 1.000000e-10)
PyQUDA INFO: Time = 0.235 secs, Performance = 9471.163 GFLOPS
GCR: Convergence at 20 iterations, L2 relative residual: iterated = 8.167948e-11, true = 8.167948e-11 (requested = 1.000000e-10)
PyQUDA INFO: Time = 0.225 secs, Performance = 9439.077 GFLOPS
GCR: Convergence at 20 iterations, L2 relative residual: iterated = 7.600682e-11, true = 7.600682e-11 (requested = 1.000000e-10)
PyQUDA INFO: Time = 0.225 secs, Performance = 9450.954 GFLOPS
GCR: Convergence at 20 iterations, L2 relative residual: iterated = 4.662408e-11, true = 4.662408e-11 (requested = 1.000000e-10)
PyQUDA INFO: Time = 0.223 secs, Performance = 9497.994 GFLOPS
GCR: Convergence at 20 iterations, L2 relative residual: iterated = 7.149884e-11, true = 7.149884e-11 (requested = 1.000000e-10)
PyQUDA INFO: Time = 0.226 secs, Performance = 9413.607 GFLOPS
GCR: Convergence at 20 iterations, L2 relative residual: iterated = 5.979169e-11, true = 5.979169e-11 (requested = 1.000000e-10)
PyQUDA INFO: Time = 0.225 secs, Performance = 9432.361 GFLOPS
GCR: Convergence at 20 iterations, L2 relative residual: iterated = 6.055231e-11, true = 6.055231e-11 (requested = 1.000000e-10)
PyQUDA INFO: Time = 0.225 secs, Performance = 9443.265 GFLOPS
GCR: Convergence at 20 iterations, L2 relative residual: iterated = 7.261982e-11, true = 7.261982e-11 (requested = 1.000000e-10)
PyQUDA INFO: Time = 0.224 secs, Performance = 9474.601 GFLOPS
GCR: Convergence at 21 iterations, L2 relative residual: iterated = 4.557645e-11, true = 4.557645e-11 (requested = 1.000000e-10)
PyQUDA INFO: Time = 0.237 secs, Performance = 9428.560 GFLOPS
GCR: Convergence at 21 iterations, L2 relative residual: iterated = 3.669749e-11, true = 3.669749e-11 (requested = 1.000000e-10)
PyQUDA INFO: Time = 0.236 secs, Performance = 9449.865 GFLOPS
GCR: Convergence at 21 iterations, L2 relative residual: iterated = 4.956876e-11, true = 4.956876e-11 (requested = 1.000000e-10)
PyQUDA INFO: Time = 0.235 secs, Performance = 9463.480 GFLOPS
GCR: Convergence at 20 iterations, L2 relative residual: iterated = 9.718368e-11, true = 9.718368e-11 (requested = 1.000000e-10)
PyQUDA INFO: Time = 0.224 secs, Performance = 9485.144 GFLOPS
GCR: Convergence at 21 iterations, L2 relative residual: iterated = 3.706224e-11, true = 3.706224e-11 (requested = 1.000000e-10)
PyQUDA INFO: Time = 0.236 secs, Performance = 9431.032 GFLOPS
PyQUDA INFO: INVERT 2 propagagors: 5.472919774998445 secs
PyQUDA INFO: DOING SINK GAUSSIAN SMEARING
PyQUDA INFO: SINK GAUSSIAN SMEAR: 0.7473742610000045 secs
PyQUDA INFO: GPU used 64.8 GB
PyQUDA INFO: CONTRACT ALL: 3.3281533989993477 secs
PyQUDA INFO: UNTIL CONTRACTION: 10.546853896999892 secs
PyQUDA INFO: INNER LOOP STARTS
PyQUDA INFO: SOURCE POSITION = [np.int64(30), np.int64(30), np.int64(30), np.int64(18)]
PyQUDA INFO: DOING SRC GAUSSIAN SMEARING
PyQUDA INFO: SOURCE GAUSSIAN SMEAR: 0.761244858000282 secs
PyQUDA INFO: RELOADING GAUGE
PyQUDA INFO: RELOADING GAUGE: 0.20216261400128133 secs
PyQUDA INFO: SOLVING DIRAC EQ
GCR: Convergence at 20 iterations, L2 relative residual: iterated = 6.446661e-11, true = 6.446661e-11 (requested = 1.000000e-10)
PyQUDA INFO: Time = 0.222 secs, Performance = 9561.811 GFLOPS
GCR: Convergence at 20 iterations, L2 relative residual: iterated = 6.576706e-11, true = 6.576706e-11 (requested = 1.000000e-10)
PyQUDA INFO: Time = 0.223 secs, Performance = 9511.999 GFLOPS
GCR: Convergence at 20 iterations, L2 relative residual: iterated = 6.313210e-11, true = 6.313210e-11 (requested = 1.000000e-10)
PyQUDA INFO: Time = 0.224 secs, Performance = 9460.523 GFLOPS
GCR: Convergence at 20 iterations, L2 relative residual: iterated = 5.371000e-11, true = 5.371000e-11 (requested = 1.000000e-10)
PyQUDA INFO: Time = 0.225 secs, Performance = 9457.194 GFLOPS
GCR: Convergence at 20 iterations, L2 relative residual: iterated = 7.041678e-11, true = 7.041678e-11 (requested = 1.000000e-10)
PyQUDA INFO: Time = 0.224 secs, Performance = 9488.902 GFLOPS
GCR: Convergence at 20 iterations, L2 relative residual: iterated = 5.932748e-11, true = 5.932748e-11 (requested = 1.000000e-10)
PyQUDA INFO: Time = 0.225 secs, Performance = 9450.080 GFLOPS
GCR: Convergence at 21 iterations, L2 relative residual: iterated = 4.224959e-11, true = 4.224959e-11 (requested = 1.000000e-10)
PyQUDA INFO: Time = 0.235 secs, Performance = 9491.914 GFLOPS
GCR: Convergence at 21 iterations, L2 relative residual: iterated = 4.151553e-11, true = 4.151553e-11 (requested = 1.000000e-10)
PyQUDA INFO: Time = 0.235 secs, Performance = 9467.114 GFLOPS
GCR: Convergence at 21 iterations, L2 relative residual: iterated = 4.417558e-11, true = 4.417558e-11 (requested = 1.000000e-10)
PyQUDA INFO: Time = 0.237 secs, Performance = 9407.191 GFLOPS
GCR: Convergence at 20 iterations, L2 relative residual: iterated = 6.170259e-11, true = 6.170259e-11 (requested = 1.000000e-10)
PyQUDA INFO: Time = 0.224 secs, Performance = 9472.336 GFLOPS
GCR: Convergence at 20 iterations, L2 relative residual: iterated = 8.336288e-11, true = 8.336288e-11 (requested = 1.000000e-10)
PyQUDA INFO: Time = 0.224 secs, Performance = 9489.114 GFLOPS
GCR: Convergence at 20 iterations, L2 relative residual: iterated = 8.730022e-11, true = 8.730022e-11 (requested = 1.000000e-10)
PyQUDA INFO: Time = 0.223 secs, Performance = 9496.676 GFLOPS
GCR: Convergence at 20 iterations, L2 relative residual: iterated = 7.366676e-11, true = 7.366676e-11 (requested = 1.000000e-10)
PyQUDA INFO: Time = 0.225 secs, Performance = 9428.678 GFLOPS
GCR: Convergence at 20 iterations, L2 relative residual: iterated = 5.888368e-11, true = 5.888368e-11 (requested = 1.000000e-10)
PyQUDA INFO: Time = 0.224 secs, Performance = 9483.025 GFLOPS
GCR: Convergence at 20 iterations, L2 relative residual: iterated = 5.464450e-11, true = 5.464450e-11 (requested = 1.000000e-10)
PyQUDA INFO: Time = 0.224 secs, Performance = 9481.077 GFLOPS
GCR: Convergence at 20 iterations, L2 relative residual: iterated = 5.587919e-11, true = 5.587919e-11 (requested = 1.000000e-10)
PyQUDA INFO: Time = 0.225 secs, Performance = 9443.853 GFLOPS
GCR: Convergence at 20 iterations, L2 relative residual: iterated = 7.446062e-11, true = 7.446062e-11 (requested = 1.000000e-10)
PyQUDA INFO: Time = 0.225 secs, Performance = 9443.181 GFLOPS
GCR: Convergence at 20 iterations, L2 relative residual: iterated = 6.406278e-11, true = 6.406278e-11 (requested = 1.000000e-10)
PyQUDA INFO: Time = 0.225 secs, Performance = 9449.828 GFLOPS
GCR: Convergence at 20 iterations, L2 relative residual: iterated = 6.755566e-11, true = 6.755566e-11 (requested = 1.000000e-10)
PyQUDA INFO: Time = 0.225 secs, Performance = 9442.216 GFLOPS
GCR: Convergence at 20 iterations, L2 relative residual: iterated = 8.517563e-11, true = 8.517563e-11 (requested = 1.000000e-10)
PyQUDA INFO: Time = 0.225 secs, Performance = 9435.882 GFLOPS
GCR: Convergence at 20 iterations, L2 relative residual: iterated = 8.303841e-11, true = 8.303841e-11 (requested = 1.000000e-10)
PyQUDA INFO: Time = 0.223 secs, Performance = 9506.123 GFLOPS
GCR: Convergence at 20 iterations, L2 relative residual: iterated = 9.311536e-11, true = 9.311536e-11 (requested = 1.000000e-10)
PyQUDA INFO: Time = 0.224 secs, Performance = 9481.754 GFLOPS
GCR: Convergence at 21 iterations, L2 relative residual: iterated = 4.509219e-11, true = 4.509219e-11 (requested = 1.000000e-10)
PyQUDA INFO: Time = 0.235 secs, Performance = 9483.037 GFLOPS
GCR: Convergence at 21 iterations, L2 relative residual: iterated = 4.595642e-11, true = 4.595642e-11 (requested = 1.000000e-10)
PyQUDA INFO: Time = 0.234 secs, Performance = 9508.089 GFLOPS
PyQUDA INFO: INVERT 2 propagagors: 5.438540938999722 secs
PyQUDA INFO: DOING SINK GAUSSIAN SMEARING
PyQUDA INFO: SINK GAUSSIAN SMEAR: 0.7491216700000223 secs
PyQUDA INFO: GPU used 64.8 GB
PyQUDA INFO: CONTRACT ALL: 3.3286669209992397 secs
PyQUDA INFO: UNTIL CONTRACTION: 10.515186434999123 secs
PyQUDA INFO: INNER LOOP STARTS
PyQUDA INFO: SOURCE POSITION = [np.int64(30), np.int64(30), np.int64(14), np.int64(18)]
PyQUDA INFO: DOING SRC GAUSSIAN SMEARING
PyQUDA INFO: SOURCE GAUSSIAN SMEAR: 0.7606741760009754 secs
PyQUDA INFO: RELOADING GAUGE
PyQUDA INFO: RELOADING GAUGE: 0.20173196199903032 secs
PyQUDA INFO: SOLVING DIRAC EQ
GCR: Convergence at 20 iterations, L2 relative residual: iterated = 7.118967e-11, true = 7.118967e-11 (requested = 1.000000e-10)
PyQUDA INFO: Time = 0.222 secs, Performance = 9586.335 GFLOPS
GCR: Convergence at 20 iterations, L2 relative residual: iterated = 5.273984e-11, true = 5.273984e-11 (requested = 1.000000e-10)
PyQUDA INFO: Time = 0.224 secs, Performance = 9488.028 GFLOPS
GCR: Convergence at 20 iterations, L2 relative residual: iterated = 7.338494e-11, true = 7.338494e-11 (requested = 1.000000e-10)
PyQUDA INFO: Time = 0.223 secs, Performance = 9497.654 GFLOPS
GCR: Convergence at 20 iterations, L2 relative residual: iterated = 6.028086e-11, true = 6.028086e-11 (requested = 1.000000e-10)
PyQUDA INFO: Time = 0.224 secs, Performance = 9460.692 GFLOPS
GCR: Convergence at 20 iterations, L2 relative residual: iterated = 6.013015e-11, true = 6.013015e-11 (requested = 1.000000e-10)
PyQUDA INFO: Time = 0.223 secs, Performance = 9492.299 GFLOPS
GCR: Convergence at 20 iterations, L2 relative residual: iterated = 7.904974e-11, true = 7.904974e-11 (requested = 1.000000e-10)
PyQUDA INFO: Time = 0.224 secs, Performance = 9491.365 GFLOPS
GCR: Convergence at 20 iterations, L2 relative residual: iterated = 7.460720e-11, true = 7.460720e-11 (requested = 1.000000e-10)
PyQUDA INFO: Time = 0.225 secs, Performance = 9443.811 GFLOPS
GCR: Convergence at 21 iterations, L2 relative residual: iterated = 3.989262e-11, true = 3.989262e-11 (requested = 1.000000e-10)
PyQUDA INFO: Time = 0.237 secs, Performance = 9392.262 GFLOPS
GCR: Convergence at 21 iterations, L2 relative residual: iterated = 4.405184e-11, true = 4.405184e-11 (requested = 1.000000e-10)
PyQUDA INFO: Time = 0.236 secs, Performance = 9432.787 GFLOPS
GCR: Convergence at 21 iterations, L2 relative residual: iterated = 4.304691e-11, true = 4.304691e-11 (requested = 1.000000e-10)
PyQUDA INFO: Time = 0.236 secs, Performance = 9447.422 GFLOPS
GCR: Convergence at 20 iterations, L2 relative residual: iterated = 5.860768e-11, true = 5.860768e-11 (requested = 1.000000e-10)
PyQUDA INFO: Time = 0.223 secs, Performance = 9492.256 GFLOPS
GCR: Convergence at 20 iterations, L2 relative residual: iterated = 6.251152e-11, true = 6.251152e-11 (requested = 1.000000e-10)
PyQUDA INFO: Time = 0.224 secs, Performance = 9486.586 GFLOPS
GCR: Convergence at 20 iterations, L2 relative residual: iterated = 7.833912e-11, true = 7.833912e-11 (requested = 1.000000e-10)
PyQUDA INFO: Time = 0.225 secs, Performance = 9442.605 GFLOPS
GCR: Convergence at 21 iterations, L2 relative residual: iterated = 3.617448e-11, true = 3.617448e-11 (requested = 1.000000e-10)
PyQUDA INFO: Time = 0.234 secs, Performance = 9497.137 GFLOPS
GCR: Convergence at 20 iterations, L2 relative residual: iterated = 5.710472e-11, true = 5.710472e-11 (requested = 1.000000e-10)
PyQUDA INFO: Time = 0.224 secs, Performance = 9481.500 GFLOPS
GCR: Convergence at 20 iterations, L2 relative residual: iterated = 6.627095e-11, true = 6.627095e-11 (requested = 1.000000e-10)
PyQUDA INFO: Time = 0.225 secs, Performance = 9428.051 GFLOPS
GCR: Convergence at 20 iterations, L2 relative residual: iterated = 6.516864e-11, true = 6.516864e-11 (requested = 1.000000e-10)
PyQUDA INFO: Time = 0.225 secs, Performance = 9447.171 GFLOPS
GCR: Convergence at 20 iterations, L2 relative residual: iterated = 8.152655e-11, true = 8.152655e-11 (requested = 1.000000e-10)
PyQUDA INFO: Time = 0.225 secs, Performance = 9435.421 GFLOPS
GCR: Convergence at 20 iterations, L2 relative residual: iterated = 6.155149e-11, true = 6.155149e-11 (requested = 1.000000e-10)
PyQUDA INFO: Time = 0.226 secs, Performance = 9413.774 GFLOPS
GCR: Convergence at 20 iterations, L2 relative residual: iterated = 6.173336e-11, true = 6.173336e-11 (requested = 1.000000e-10)
PyQUDA INFO: Time = 0.224 secs, Performance = 9472.275 GFLOPS
GCR: Convergence at 21 iterations, L2 relative residual: iterated = 3.875236e-11, true = 3.875236e-11 (requested = 1.000000e-10)
PyQUDA INFO: Time = 0.235 secs, Performance = 9469.553 GFLOPS
GCR: Convergence at 21 iterations, L2 relative residual: iterated = 3.744901e-11, true = 3.744901e-11 (requested = 1.000000e-10)
PyQUDA INFO: Time = 0.237 secs, Performance = 9421.870 GFLOPS
GCR: Convergence at 20 iterations, L2 relative residual: iterated = 8.863512e-11, true = 8.863512e-11 (requested = 1.000000e-10)
PyQUDA INFO: Time = 0.225 secs, Performance = 9447.928 GFLOPS
GCR: Convergence at 20 iterations, L2 relative residual: iterated = 8.135548e-11, true = 8.135548e-11 (requested = 1.000000e-10)
PyQUDA INFO: Time = 0.225 secs, Performance = 9454.867 GFLOPS
PyQUDA INFO: INVERT 2 propagagors: 5.457133437999801 secs
PyQUDA INFO: DOING SINK GAUSSIAN SMEARING
PyQUDA INFO: SINK GAUSSIAN SMEAR: 0.748600147999241 secs
PyQUDA INFO: GPU used 64.8 GB
PyQUDA INFO: CONTRACT ALL: 3.328566991000116 secs
PyQUDA INFO: UNTIL CONTRACTION: 10.532410956999229 secs
PyQUDA INFO: INNER LOOP STARTS
PyQUDA INFO: SOURCE POSITION = [np.int64(30), np.int64(14), np.int64(30), np.int64(18)]
PyQUDA INFO: DOING SRC GAUSSIAN SMEARING
PyQUDA INFO: SOURCE GAUSSIAN SMEAR: 0.7614782489999925 secs
PyQUDA INFO: RELOADING GAUGE
PyQUDA INFO: RELOADING GAUGE: 0.20166798200079938 secs
PyQUDA INFO: SOLVING DIRAC EQ
GCR: Convergence at 21 iterations, L2 relative residual: iterated = 6.807230e-11, true = 6.807230e-11 (requested = 1.000000e-10)
PyQUDA INFO: Time = 0.234 secs, Performance = 9541.856 GFLOPS
GCR: Convergence at 21 iterations, L2 relative residual: iterated = 4.206823e-11, true = 4.206823e-11 (requested = 1.000000e-10)
PyQUDA INFO: Time = 0.234 secs, Performance = 9508.422 GFLOPS
GCR: Convergence at 20 iterations, L2 relative residual: iterated = 8.810188e-11, true = 8.810188e-11 (requested = 1.000000e-10)
PyQUDA INFO: Time = 0.225 secs, Performance = 9430.812 GFLOPS
GCR: Convergence at 21 iterations, L2 relative residual: iterated = 3.721940e-11, true = 3.721940e-11 (requested = 1.000000e-10)
PyQUDA INFO: Time = 0.235 secs, Performance = 9470.318 GFLOPS
GCR: Convergence at 20 iterations, L2 relative residual: iterated = 6.869007e-11, true = 6.869007e-11 (requested = 1.000000e-10)
PyQUDA INFO: Time = 0.225 secs, Performance = 9428.302 GFLOPS
GCR: Convergence at 21 iterations, L2 relative residual: iterated = 3.950536e-11, true = 3.950536e-11 (requested = 1.000000e-10)
PyQUDA INFO: Time = 0.237 secs, Performance = 9426.646 GFLOPS
GCR: Convergence at 20 iterations, L2 relative residual: iterated = 5.353949e-11, true = 5.353949e-11 (requested = 1.000000e-10)
PyQUDA INFO: Time = 0.225 secs, Performance = 9435.295 GFLOPS
GCR: Convergence at 21 iterations, L2 relative residual: iterated = 3.807940e-11, true = 3.807940e-11 (requested = 1.000000e-10)
PyQUDA INFO: Time = 0.236 secs, Performance = 9440.339 GFLOPS
GCR: Convergence at 20 iterations, L2 relative residual: iterated = 7.305694e-11, true = 7.305694e-11 (requested = 1.000000e-10)
PyQUDA INFO: Time = 0.224 secs, Performance = 9484.381 GFLOPS
GCR: Convergence at 20 iterations, L2 relative residual: iterated = 6.016225e-11, true = 6.016225e-11 (requested = 1.000000e-10)
PyQUDA INFO: Time = 0.225 secs, Performance = 9448.768 GFLOPS
GCR: Convergence at 20 iterations, L2 relative residual: iterated = 5.669716e-11, true = 5.669716e-11 (requested = 1.000000e-10)
PyQUDA INFO: Time = 0.227 secs, Performance = 9369.712 GFLOPS
GCR: Convergence at 20 iterations, L2 relative residual: iterated = 4.889783e-11, true = 4.889783e-11 (requested = 1.000000e-10)
PyQUDA INFO: Time = 0.225 secs, Performance = 9455.203 GFLOPS
GCR: Convergence at 20 iterations, L2 relative residual: iterated = 9.476721e-11, true = 9.476721e-11 (requested = 1.000000e-10)
PyQUDA INFO: Time = 0.226 secs, Performance = 9415.388 GFLOPS
GCR: Convergence at 21 iterations, L2 relative residual: iterated = 4.413243e-11, true = 4.413243e-11 (requested = 1.000000e-10)
PyQUDA INFO: Time = 0.235 secs, Performance = 9485.824 GFLOPS
GCR: Convergence at 20 iterations, L2 relative residual: iterated = 9.432219e-11, true = 9.432219e-11 (requested = 1.000000e-10)
PyQUDA INFO: Time = 0.225 secs, Performance = 9449.441 GFLOPS
GCR: Convergence at 21 iterations, L2 relative residual: iterated = 4.048693e-11, true = 4.048693e-11 (requested = 1.000000e-10)
PyQUDA INFO: Time = 0.236 secs, Performance = 9433.306 GFLOPS
GCR: Convergence at 21 iterations, L2 relative residual: iterated = 3.996712e-11, true = 3.996712e-11 (requested = 1.000000e-10)
PyQUDA INFO: Time = 0.237 secs, Performance = 9413.567 GFLOPS
GCR: Convergence at 20 iterations, L2 relative residual: iterated = 9.016263e-11, true = 9.016263e-11 (requested = 1.000000e-10)
PyQUDA INFO: Time = 0.225 secs, Performance = 9441.586 GFLOPS
GCR: Convergence at 20 iterations, L2 relative residual: iterated = 5.845675e-11, true = 5.845675e-11 (requested = 1.000000e-10)
PyQUDA INFO: Time = 0.225 secs, Performance = 9425.166 GFLOPS
GCR: Convergence at 20 iterations, L2 relative residual: iterated = 6.213873e-11, true = 6.213873e-11 (requested = 1.000000e-10)
PyQUDA INFO: Time = 0.227 secs, Performance = 9387.106 GFLOPS
GCR: Convergence at 20 iterations, L2 relative residual: iterated = 7.536082e-11, true = 7.536082e-11 (requested = 1.000000e-10)
PyQUDA INFO: Time = 0.224 secs, Performance = 9461.999 GFLOPS
GCR: Convergence at 21 iterations, L2 relative residual: iterated = 3.353427e-11, true = 3.353427e-11 (requested = 1.000000e-10)
PyQUDA INFO: Time = 0.236 secs, Performance = 9448.623 GFLOPS
GCR: Convergence at 20 iterations, L2 relative residual: iterated = 9.637840e-11, true = 9.637840e-11 (requested = 1.000000e-10)
PyQUDA INFO: Time = 0.223 secs, Performance = 9519.044 GFLOPS
GCR: Convergence at 20 iterations, L2 relative residual: iterated = 7.607026e-11, true = 7.607026e-11 (requested = 1.000000e-10)
PyQUDA INFO: Time = 0.225 secs, Performance = 9452.426 GFLOPS
PyQUDA INFO: INVERT 2 propagagors: 5.500803298999017 secs
PyQUDA INFO: DOING SINK GAUSSIAN SMEARING
PyQUDA INFO: SINK GAUSSIAN SMEAR: 0.7476541029991495 secs
PyQUDA INFO: GPU used 64.8 GB
PyQUDA INFO: CONTRACT ALL: 3.328882021998652 secs
PyQUDA INFO: UNTIL CONTRACTION: 10.575651606000974 secs
PyQUDA INFO: INNER LOOP STARTS
PyQUDA INFO: SOURCE POSITION = [np.int64(30), np.int64(14), np.int64(14), np.int64(18)]
PyQUDA INFO: DOING SRC GAUSSIAN SMEARING
PyQUDA INFO: SOURCE GAUSSIAN SMEAR: 0.7633835389988235 secs
PyQUDA INFO: RELOADING GAUGE
PyQUDA INFO: RELOADING GAUGE: 0.2014718009995704 secs
PyQUDA INFO: SOLVING DIRAC EQ
GCR: Convergence at 20 iterations, L2 relative residual: iterated = 7.996041e-11, true = 7.996041e-11 (requested = 1.000000e-10)
PyQUDA INFO: Time = 0.222 secs, Performance = 9543.701 GFLOPS
GCR: Convergence at 20 iterations, L2 relative residual: iterated = 8.357529e-11, true = 8.357529e-11 (requested = 1.000000e-10)
PyQUDA INFO: Time = 0.224 secs, Performance = 9487.858 GFLOPS
GCR: Convergence at 20 iterations, L2 relative residual: iterated = 5.304297e-11, true = 5.304297e-11 (requested = 1.000000e-10)
PyQUDA INFO: Time = 0.223 secs, Performance = 9518.147 GFLOPS
GCR: Convergence at 20 iterations, L2 relative residual: iterated = 6.558915e-11, true = 6.558915e-11 (requested = 1.000000e-10)
PyQUDA INFO: Time = 0.224 secs, Performance = 9450.949 GFLOPS
GCR: Convergence at 20 iterations, L2 relative residual: iterated = 7.792488e-11, true = 7.792488e-11 (requested = 1.000000e-10)
PyQUDA INFO: Time = 0.224 secs, Performance = 9482.813 GFLOPS
GCR: Convergence at 20 iterations, L2 relative residual: iterated = 4.966932e-11, true = 4.966932e-11 (requested = 1.000000e-10)
PyQUDA INFO: Time = 0.226 secs, Performance = 9407.317 GFLOPS
GCR: Convergence at 20 iterations, L2 relative residual: iterated = 9.901224e-11, true = 9.901224e-11 (requested = 1.000000e-10)
PyQUDA INFO: Time = 0.225 secs, Performance = 9454.162 GFLOPS
GCR: Convergence at 20 iterations, L2 relative residual: iterated = 9.942734e-11, true = 9.942734e-11 (requested = 1.000000e-10)
PyQUDA INFO: Time = 0.225 secs, Performance = 9439.153 GFLOPS
GCR: Convergence at 20 iterations, L2 relative residual: iterated = 6.803537e-11, true = 6.803537e-11 (requested = 1.000000e-10)
PyQUDA INFO: Time = 0.224 secs, Performance = 9468.573 GFLOPS
GCR: Convergence at 21 iterations, L2 relative residual: iterated = 3.520381e-11, true = 3.520381e-11 (requested = 1.000000e-10)
PyQUDA INFO: Time = 0.236 secs, Performance = 9435.462 GFLOPS
GCR: Convergence at 20 iterations, L2 relative residual: iterated = 5.262477e-11, true = 5.262477e-11 (requested = 1.000000e-10)
PyQUDA INFO: Time = 0.226 secs, Performance = 9411.023 GFLOPS
GCR: Convergence at 20 iterations, L2 relative residual: iterated = 9.796237e-11, true = 9.796237e-11 (requested = 1.000000e-10)
PyQUDA INFO: Time = 0.226 secs, Performance = 9404.247 GFLOPS
GCR: Convergence at 20 iterations, L2 relative residual: iterated = 6.491060e-11, true = 6.491060e-11 (requested = 1.000000e-10)
PyQUDA INFO: Time = 0.224 secs, Performance = 9464.897 GFLOPS
GCR: Convergence at 20 iterations, L2 relative residual: iterated = 7.261705e-11, true = 7.261705e-11 (requested = 1.000000e-10)
PyQUDA INFO: Time = 0.224 secs, Performance = 9489.555 GFLOPS
GCR: Convergence at 20 iterations, L2 relative residual: iterated = 7.603833e-11, true = 7.603833e-11 (requested = 1.000000e-10)
PyQUDA INFO: Time = 0.224 secs, Performance = 9484.212 GFLOPS
GCR: Convergence at 20 iterations, L2 relative residual: iterated = 5.065593e-11, true = 5.065593e-11 (requested = 1.000000e-10)
PyQUDA INFO: Time = 0.225 secs, Performance = 9426.336 GFLOPS
GCR: Convergence at 20 iterations, L2 relative residual: iterated = 5.897557e-11, true = 5.897557e-11 (requested = 1.000000e-10)
PyQUDA INFO: Time = 0.223 secs, Performance = 9499.780 GFLOPS
GCR: Convergence at 20 iterations, L2 relative residual: iterated = 8.625296e-11, true = 8.625296e-11 (requested = 1.000000e-10)
PyQUDA INFO: Time = 0.225 secs, Performance = 9423.786 GFLOPS
GCR: Convergence at 20 iterations, L2 relative residual: iterated = 6.410150e-11, true = 6.410150e-11 (requested = 1.000000e-10)
PyQUDA INFO: Time = 0.226 secs, Performance = 9403.156 GFLOPS
GCR: Convergence at 20 iterations, L2 relative residual: iterated = 9.099627e-11, true = 9.099627e-11 (requested = 1.000000e-10)
PyQUDA INFO: Time = 0.226 secs, Performance = 9421.530 GFLOPS
GCR: Convergence at 20 iterations, L2 relative residual: iterated = 6.148676e-11, true = 6.148676e-11 (requested = 1.000000e-10)
PyQUDA INFO: Time = 0.224 secs, Performance = 9484.254 GFLOPS
GCR: Convergence at 21 iterations, L2 relative residual: iterated = 3.384390e-11, true = 3.384390e-11 (requested = 1.000000e-10)
PyQUDA INFO: Time = 0.235 secs, Performance = 9482.108 GFLOPS
GCR: Convergence at 20 iterations, L2 relative residual: iterated = 4.780649e-11, true = 4.780649e-11 (requested = 1.000000e-10)
PyQUDA INFO: Time = 0.224 secs, Performance = 9460.186 GFLOPS
GCR: Convergence at 21 iterations, L2 relative residual: iterated = 4.219782e-11, true = 4.219782e-11 (requested = 1.000000e-10)
PyQUDA INFO: Time = 0.235 secs, Performance = 9471.566 GFLOPS
PyQUDA INFO: INVERT 2 propagagors: 5.425987017999432 secs
PyQUDA INFO: DOING SINK GAUSSIAN SMEARING
PyQUDA INFO: SINK GAUSSIAN SMEAR: 0.7487258479995944 secs
PyQUDA INFO: GPU used 64.8 GB
PyQUDA INFO: CONTRACT ALL: 3.328313789999811 secs
PyQUDA INFO: UNTIL CONTRACTION: 10.503219665999495 secs
PyQUDA INFO: INNER LOOP STARTS
PyQUDA INFO: SOURCE POSITION = [np.int64(14), np.int64(30), np.int64(30), np.int64(18)]
PyQUDA INFO: DOING SRC GAUSSIAN SMEARING
PyQUDA INFO: SOURCE GAUSSIAN SMEAR: 0.7611702180001885 secs
PyQUDA INFO: RELOADING GAUGE
PyQUDA INFO: RELOADING GAUGE: 0.195774234000055 secs
PyQUDA INFO: SOLVING DIRAC EQ
GCR: Convergence at 20 iterations, L2 relative residual: iterated = 8.586728e-11, true = 8.586728e-11 (requested = 1.000000e-10)
PyQUDA INFO: Time = 0.222 secs, Performance = 9558.783 GFLOPS
GCR: Convergence at 21 iterations, L2 relative residual: iterated = 5.010593e-11, true = 5.010593e-11 (requested = 1.000000e-10)
PyQUDA INFO: Time = 0.235 secs, Performance = 9464.284 GFLOPS
GCR: Convergence at 20 iterations, L2 relative residual: iterated = 8.606959e-11, true = 8.606959e-11 (requested = 1.000000e-10)
PyQUDA INFO: Time = 0.223 secs, Performance = 9496.732 GFLOPS
GCR: Convergence at 21 iterations, L2 relative residual: iterated = 5.243340e-11, true = 5.243340e-11 (requested = 1.000000e-10)
PyQUDA INFO: Time = 0.235 secs, Performance = 9473.580 GFLOPS
GCR: Convergence at 21 iterations, L2 relative residual: iterated = 3.985520e-11, true = 3.985520e-11 (requested = 1.000000e-10)
PyQUDA INFO: Time = 0.235 secs, Performance = 9486.389 GFLOPS
GCR: Convergence at 21 iterations, L2 relative residual: iterated = 4.904874e-11, true = 4.904874e-11 (requested = 1.000000e-10)
PyQUDA INFO: Time = 0.235 secs, Performance = 9475.895 GFLOPS
GCR: Convergence at 21 iterations, L2 relative residual: iterated = 4.064801e-11, true = 4.064801e-11 (requested = 1.000000e-10)
PyQUDA INFO: Time = 0.236 secs, Performance = 9460.386 GFLOPS
GCR: Convergence at 20 iterations, L2 relative residual: iterated = 7.344021e-11, true = 7.344021e-11 (requested = 1.000000e-10)
PyQUDA INFO: Time = 0.223 secs, Performance = 9495.061 GFLOPS
GCR: Convergence at 20 iterations, L2 relative residual: iterated = 9.657925e-11, true = 9.657925e-11 (requested = 1.000000e-10)
PyQUDA INFO: Time = 0.224 secs, Performance = 9478.494 GFLOPS
GCR: Convergence at 21 iterations, L2 relative residual: iterated = 4.561455e-11, true = 4.561455e-11 (requested = 1.000000e-10)
PyQUDA INFO: Time = 0.236 secs, Performance = 9438.904 GFLOPS
GCR: Convergence at 20 iterations, L2 relative residual: iterated = 8.985978e-11, true = 8.985978e-11 (requested = 1.000000e-10)
PyQUDA INFO: Time = 0.224 secs, Performance = 9479.552 GFLOPS
GCR: Convergence at 20 iterations, L2 relative residual: iterated = 7.824100e-11, true = 7.824100e-11 (requested = 1.000000e-10)
PyQUDA INFO: Time = 0.223 secs, Performance = 9504.249 GFLOPS
GCR: Convergence at 21 iterations, L2 relative residual: iterated = 5.807045e-11, true = 5.807045e-11 (requested = 1.000000e-10)
PyQUDA INFO: Time = 0.237 secs, Performance = 9421.187 GFLOPS
GCR: Convergence at 21 iterations, L2 relative residual: iterated = 5.265383e-11, true = 5.265383e-11 (requested = 1.000000e-10)
PyQUDA INFO: Time = 0.235 secs, Performance = 9480.838 GFLOPS
GCR: Convergence at 20 iterations, L2 relative residual: iterated = 5.904943e-11, true = 5.904943e-11 (requested = 1.000000e-10)
PyQUDA INFO: Time = 0.224 secs, Performance = 9460.987 GFLOPS
GCR: Convergence at 21 iterations, L2 relative residual: iterated = 3.957114e-11, true = 3.957114e-11 (requested = 1.000000e-10)
PyQUDA INFO: Time = 0.236 secs, Performance = 9446.741 GFLOPS
GCR: Convergence at 20 iterations, L2 relative residual: iterated = 7.113739e-11, true = 7.113739e-11 (requested = 1.000000e-10)
PyQUDA INFO: Time = 0.224 secs, Performance = 9478.324 GFLOPS
GCR: Convergence at 21 iterations, L2 relative residual: iterated = 5.092757e-11, true = 5.092757e-11 (requested = 1.000000e-10)
PyQUDA INFO: Time = 0.236 secs, Performance = 9457.053 GFLOPS
GCR: Convergence at 21 iterations, L2 relative residual: iterated = 4.653759e-11, true = 4.653759e-11 (requested = 1.000000e-10)
PyQUDA INFO: Time = 0.235 secs, Performance = 9468.724 GFLOPS
GCR: Convergence at 21 iterations, L2 relative residual: iterated = 3.925042e-11, true = 3.925042e-11 (requested = 1.000000e-10)
PyQUDA INFO: Time = 0.237 secs, Performance = 9426.487 GFLOPS
GCR: Convergence at 20 iterations, L2 relative residual: iterated = 8.398270e-11, true = 8.398270e-11 (requested = 1.000000e-10)
PyQUDA INFO: Time = 0.226 secs, Performance = 9397.476 GFLOPS
GCR: Convergence at 21 iterations, L2 relative residual: iterated = 4.383248e-11, true = 4.383248e-11 (requested = 1.000000e-10)
PyQUDA INFO: Time = 0.235 secs, Performance = 9476.137 GFLOPS
GCR: Convergence at 21 iterations, L2 relative residual: iterated = 3.635016e-11, true = 3.635016e-11 (requested = 1.000000e-10)
PyQUDA INFO: Time = 0.235 secs, Performance = 9464.284 GFLOPS
GCR: Convergence at 21 iterations, L2 relative residual: iterated = 3.864385e-11, true = 3.864385e-11 (requested = 1.000000e-10)
PyQUDA INFO: Time = 0.235 secs, Performance = 9479.848 GFLOPS
PyQUDA INFO: INVERT 2 propagagors: 5.551893806001317 secs
PyQUDA INFO: DOING SINK GAUSSIAN SMEARING
PyQUDA INFO: SINK GAUSSIAN SMEAR: 0.7491995800010045 secs
PyQUDA INFO: GPU used 64.8 GB
PyQUDA INFO: CONTRACT ALL: 3.328096508001181 secs
PyQUDA INFO: UNTIL CONTRACTION: 10.621603747000336 secs
PyQUDA INFO: INNER LOOP STARTS
PyQUDA INFO: SOURCE POSITION = [np.int64(14), np.int64(30), np.int64(14), np.int64(18)]
PyQUDA INFO: DOING SRC GAUSSIAN SMEARING
PyQUDA INFO: SOURCE GAUSSIAN SMEAR: 0.7618950719988788 secs
PyQUDA INFO: RELOADING GAUGE
PyQUDA INFO: RELOADING GAUGE: 0.20024303499849339 secs
PyQUDA INFO: SOLVING DIRAC EQ
GCR: Convergence at 20 iterations, L2 relative residual: iterated = 7.309956e-11, true = 7.309956e-11 (requested = 1.000000e-10)
PyQUDA INFO: Time = 0.221 secs, Performance = 9590.572 GFLOPS
GCR: Convergence at 20 iterations, L2 relative residual: iterated = 8.211923e-11, true = 8.211923e-11 (requested = 1.000000e-10)
PyQUDA INFO: Time = 0.223 secs, Performance = 9506.507 GFLOPS
GCR: Convergence at 20 iterations, L2 relative residual: iterated = 6.400805e-11, true = 6.400805e-11 (requested = 1.000000e-10)
PyQUDA INFO: Time = 0.223 secs, Performance = 9495.953 GFLOPS
GCR: Convergence at 21 iterations, L2 relative residual: iterated = 3.730802e-11, true = 3.730802e-11 (requested = 1.000000e-10)
PyQUDA INFO: Time = 0.236 secs, Performance = 9460.908 GFLOPS
GCR: Convergence at 20 iterations, L2 relative residual: iterated = 7.189193e-11, true = 7.189193e-11 (requested = 1.000000e-10)
PyQUDA INFO: Time = 0.223 secs, Performance = 9502.717 GFLOPS
GCR: Convergence at 20 iterations, L2 relative residual: iterated = 5.916863e-11, true = 5.916863e-11 (requested = 1.000000e-10)
PyQUDA INFO: Time = 0.223 secs, Performance = 9510.249 GFLOPS
GCR: Convergence at 20 iterations, L2 relative residual: iterated = 8.842456e-11, true = 8.842456e-11 (requested = 1.000000e-10)
PyQUDA INFO: Time = 0.223 secs, Performance = 9494.126 GFLOPS
GCR: Convergence at 20 iterations, L2 relative residual: iterated = 6.706899e-11, true = 6.706899e-11 (requested = 1.000000e-10)
PyQUDA INFO: Time = 0.225 secs, Performance = 9450.964 GFLOPS
GCR: Convergence at 20 iterations, L2 relative residual: iterated = 6.046904e-11, true = 6.046904e-11 (requested = 1.000000e-10)
PyQUDA INFO: Time = 0.224 secs, Performance = 9458.753 GFLOPS
GCR: Convergence at 20 iterations, L2 relative residual: iterated = 8.550108e-11, true = 8.550108e-11 (requested = 1.000000e-10)
PyQUDA INFO: Time = 0.224 secs, Performance = 9476.293 GFLOPS
GCR: Convergence at 20 iterations, L2 relative residual: iterated = 7.321061e-11, true = 7.321061e-11 (requested = 1.000000e-10)
PyQUDA INFO: Time = 0.224 secs, Performance = 9487.137 GFLOPS
GCR: Convergence at 20 iterations, L2 relative residual: iterated = 6.340423e-11, true = 6.340423e-11 (requested = 1.000000e-10)
PyQUDA INFO: Time = 0.225 secs, Performance = 9431.943 GFLOPS
GCR: Convergence at 20 iterations, L2 relative residual: iterated = 5.860732e-11, true = 5.860732e-11 (requested = 1.000000e-10)
PyQUDA INFO: Time = 0.226 secs, Performance = 9396.352 GFLOPS
GCR: Convergence at 20 iterations, L2 relative residual: iterated = 7.851964e-11, true = 7.851964e-11 (requested = 1.000000e-10)
PyQUDA INFO: Time = 0.223 secs, Performance = 9500.291 GFLOPS
GCR: Convergence at 20 iterations, L2 relative residual: iterated = 8.860440e-11, true = 8.860440e-11 (requested = 1.000000e-10)
PyQUDA INFO: Time = 0.225 secs, Performance = 9443.433 GFLOPS
GCR: Convergence at 20 iterations, L2 relative residual: iterated = 5.548816e-11, true = 5.548816e-11 (requested = 1.000000e-10)
PyQUDA INFO: Time = 0.224 secs, Performance = 9461.408 GFLOPS
GCR: Convergence at 20 iterations, L2 relative residual: iterated = 6.227460e-11, true = 6.227460e-11 (requested = 1.000000e-10)
PyQUDA INFO: Time = 0.223 secs, Performance = 9497.739 GFLOPS
GCR: Convergence at 20 iterations, L2 relative residual: iterated = 8.339831e-11, true = 8.339831e-11 (requested = 1.000000e-10)
PyQUDA INFO: Time = 0.223 secs, Performance = 9509.908 GFLOPS
GCR: Convergence at 20 iterations, L2 relative residual: iterated = 8.511468e-11, true = 8.511468e-11 (requested = 1.000000e-10)
PyQUDA INFO: Time = 0.224 secs, Performance = 9458.500 GFLOPS
GCR: Convergence at 20 iterations, L2 relative residual: iterated = 7.287141e-11, true = 7.287141e-11 (requested = 1.000000e-10)
PyQUDA INFO: Time = 0.225 secs, Performance = 9441.628 GFLOPS
GCR: Convergence at 20 iterations, L2 relative residual: iterated = 8.897534e-11, true = 8.897534e-11 (requested = 1.000000e-10)
PyQUDA INFO: Time = 0.223 secs, Performance = 9518.574 GFLOPS
GCR: Convergence at 20 iterations, L2 relative residual: iterated = 4.654667e-11, true = 4.654667e-11 (requested = 1.000000e-10)
PyQUDA INFO: Time = 0.224 secs, Performance = 9486.671 GFLOPS
GCR: Convergence at 20 iterations, L2 relative residual: iterated = 7.610670e-11, true = 7.610670e-11 (requested = 1.000000e-10)
PyQUDA INFO: Time = 0.224 secs, Performance = 9459.891 GFLOPS
GCR: Convergence at 20 iterations, L2 relative residual: iterated = 8.149504e-11, true = 8.149504e-11 (requested = 1.000000e-10)
PyQUDA INFO: Time = 0.223 secs, Performance = 9516.566 GFLOPS
PyQUDA INFO: INVERT 2 propagagors: 5.388311067001268 secs
PyQUDA INFO: DOING SINK GAUSSIAN SMEARING
PyQUDA INFO: SINK GAUSSIAN SMEAR: 0.7482386739993672 secs
PyQUDA INFO: GPU used 64.8 GB
PyQUDA INFO: CONTRACT ALL: 3.328012296000452 secs
PyQUDA INFO: UNTIL CONTRACTION: 10.461665653001546 secs
PyQUDA INFO: INNER LOOP STARTS
PyQUDA INFO: SOURCE POSITION = [np.int64(14), np.int64(14), np.int64(30), np.int64(18)]
PyQUDA INFO: DOING SRC GAUSSIAN SMEARING
PyQUDA INFO: SOURCE GAUSSIAN SMEAR: 0.760946790998787 secs
PyQUDA INFO: RELOADING GAUGE
PyQUDA INFO: RELOADING GAUGE: 0.19569256599970686 secs
PyQUDA INFO: SOLVING DIRAC EQ
GCR: Convergence at 20 iterations, L2 relative residual: iterated = 9.393126e-11, true = 9.393126e-11 (requested = 1.000000e-10)
PyQUDA INFO: Time = 0.221 secs, Performance = 9599.915 GFLOPS
GCR: Convergence at 20 iterations, L2 relative residual: iterated = 5.970738e-11, true = 5.970738e-11 (requested = 1.000000e-10)
PyQUDA INFO: Time = 0.224 secs, Performance = 9491.592 GFLOPS
GCR: Convergence at 20 iterations, L2 relative residual: iterated = 8.578109e-11, true = 8.578109e-11 (requested = 1.000000e-10)
PyQUDA INFO: Time = 0.224 secs, Performance = 9466.091 GFLOPS
GCR: Convergence at 20 iterations, L2 relative residual: iterated = 6.809861e-11, true = 6.809861e-11 (requested = 1.000000e-10)
PyQUDA INFO: Time = 0.225 secs, Performance = 9430.310 GFLOPS
GCR: Convergence at 20 iterations, L2 relative residual: iterated = 8.061705e-11, true = 8.061705e-11 (requested = 1.000000e-10)
PyQUDA INFO: Time = 0.224 secs, Performance = 9462.083 GFLOPS
GCR: Convergence at 21 iterations, L2 relative residual: iterated = 4.021001e-11, true = 4.021001e-11 (requested = 1.000000e-10)
PyQUDA INFO: Time = 0.235 secs, Performance = 9491.752 GFLOPS
GCR: Convergence at 20 iterations, L2 relative residual: iterated = 6.460347e-11, true = 6.460347e-11 (requested = 1.000000e-10)
PyQUDA INFO: Time = 0.226 secs, Performance = 9403.988 GFLOPS
GCR: Convergence at 20 iterations, L2 relative residual: iterated = 5.726640e-11, true = 5.726640e-11 (requested = 1.000000e-10)
PyQUDA INFO: Time = 0.226 secs, Performance = 9405.694 GFLOPS
GCR: Convergence at 20 iterations, L2 relative residual: iterated = 7.304395e-11, true = 7.304395e-11 (requested = 1.000000e-10)
PyQUDA INFO: Time = 0.223 secs, Performance = 9501.908 GFLOPS
GCR: Convergence at 20 iterations, L2 relative residual: iterated = 6.103921e-11, true = 6.103921e-11 (requested = 1.000000e-10)
PyQUDA INFO: Time = 0.226 secs, Performance = 9411.857 GFLOPS
GCR: Convergence at 20 iterations, L2 relative residual: iterated = 3.673046e-11, true = 3.673046e-11 (requested = 1.000000e-10)
PyQUDA INFO: Time = 0.227 secs, Performance = 9389.966 GFLOPS
GCR: Convergence at 20 iterations, L2 relative residual: iterated = 5.948321e-11, true = 5.948321e-11 (requested = 1.000000e-10)
PyQUDA INFO: Time = 0.227 secs, Performance = 9388.598 GFLOPS
GCR: Convergence at 20 iterations, L2 relative residual: iterated = 8.254737e-11, true = 8.254737e-11 (requested = 1.000000e-10)
PyQUDA INFO: Time = 0.225 secs, Performance = 9426.585 GFLOPS
GCR: Convergence at 20 iterations, L2 relative residual: iterated = 7.795585e-11, true = 7.795585e-11 (requested = 1.000000e-10)
PyQUDA INFO: Time = 0.224 secs, Performance = 9487.477 GFLOPS
GCR: Convergence at 20 iterations, L2 relative residual: iterated = 7.330751e-11, true = 7.330751e-11 (requested = 1.000000e-10)
PyQUDA INFO: Time = 0.225 secs, Performance = 9444.340 GFLOPS
GCR: Convergence at 20 iterations, L2 relative residual: iterated = 5.581695e-11, true = 5.581695e-11 (requested = 1.000000e-10)
PyQUDA INFO: Time = 0.225 secs, Performance = 9444.105 GFLOPS
GCR: Convergence at 20 iterations, L2 relative residual: iterated = 9.516275e-11, true = 9.516275e-11 (requested = 1.000000e-10)
PyQUDA INFO: Time = 0.224 secs, Performance = 9481.246 GFLOPS
GCR: Convergence at 20 iterations, L2 relative residual: iterated = 7.105099e-11, true = 7.105099e-11 (requested = 1.000000e-10)
PyQUDA INFO: Time = 0.224 secs, Performance = 9459.891 GFLOPS
GCR: Convergence at 20 iterations, L2 relative residual: iterated = 4.500626e-11, true = 4.500626e-11 (requested = 1.000000e-10)
PyQUDA INFO: Time = 0.226 secs, Performance = 9406.901 GFLOPS
GCR: Convergence at 20 iterations, L2 relative residual: iterated = 6.387257e-11, true = 6.387257e-11 (requested = 1.000000e-10)
PyQUDA INFO: Time = 0.228 secs, Performance = 9314.301 GFLOPS
GCR: Convergence at 20 iterations, L2 relative residual: iterated = 5.514285e-11, true = 5.514285e-11 (requested = 1.000000e-10)
PyQUDA INFO: Time = 0.224 secs, Performance = 9462.420 GFLOPS
GCR: Convergence at 20 iterations, L2 relative residual: iterated = 9.008869e-11, true = 9.008869e-11 (requested = 1.000000e-10)
PyQUDA INFO: Time = 0.223 secs, Performance = 9497.909 GFLOPS
GCR: Convergence at 20 iterations, L2 relative residual: iterated = 7.497426e-11, true = 7.497426e-11 (requested = 1.000000e-10)
PyQUDA INFO: Time = 0.224 secs, Performance = 9481.797 GFLOPS
GCR: Convergence at 20 iterations, L2 relative residual: iterated = 6.408786e-11, true = 6.408786e-11 (requested = 1.000000e-10)
PyQUDA INFO: Time = 0.225 secs, Performance = 9433.785 GFLOPS
PyQUDA INFO: INVERT 2 propagagors: 5.410748230000536 secs
PyQUDA INFO: DOING SINK GAUSSIAN SMEARING
PyQUDA INFO: SINK GAUSSIAN SMEAR: 0.7486078729998553 secs
PyQUDA INFO: GPU used 64.8 GB
