Fri Sep 18 17:39:55 CDT 2026
lq2gpu05.fnal.gov
GPU 0: NVIDIA A100-SXM4-80GB (UUID: GPU-f13ccc04-0ae6-d6ba-c6ba-8a828a9d5279)
GPU 1: NVIDIA A100-SXM4-80GB (UUID: GPU-25e25591-8141-cb15-0ed6-8e3ea7cac0dc)
GPU 2: NVIDIA A100-SXM4-80GB (UUID: GPU-ba27f2ce-307b-2b98-2efc-b23a9b023190)
GPU 3: NVIDIA A100-SXM4-80GB (UUID: GPU-7d5031e3-fe9b-6252-8070-e18030cd6854)
PyQUDA INFO: Using default grid mapping
PyQUDA INFO: Using grid size [1, 1, 1, 4]
PyQUDA INFO: Using cupy with cuda as Array API
PyQUDA INFO: Using device 0
PyQUDA INFO: Using QUDA_RESOURCE_PATH=/lustre2/gluonp0/sliu1/.cache/quda
PyQUDA INFO: Using QUDA_ENABLE_P2P=3
PyQUDA INFO: Using QUDA_ENABLE_TUNING=1
PyQUDA INFO: Using QUDA_ENABLE_DEVICE_MEMORY_POOL=0
Disabling GPU-Direct RDMA access
Enabling peer-to-peer copy engine and direct load/store access
Peer-to-peer enabled for rank   1 (gpu=1) with neighbor   0 (gpu=0) dir=0, dim=3, access rank = (  0)
Peer-to-peer enabled for rank   1 (gpu=1) with neighbor   2 (gpu=2) dir=1, dim=3, access rank = (  0)
Peer-to-peer enabled for rank   2 (gpu=2) with neighbor   1 (gpu=1) dir=0, dim=3, access rank = (  0)
Peer-to-peer enabled for rank   2 (gpu=2) with neighbor   3 (gpu=3) dir=1, dim=3, access rank = (  0)
Peer-to-peer enabled for rank   3 (gpu=3) with neighbor   2 (gpu=2) dir=0, dim=3, access rank = (  0)
Peer-to-peer enabled for rank   3 (gpu=3) with neighbor   0 (gpu=0) dir=1, dim=3, access rank = (  0)
Peer-to-peer enabled for rank   0 (gpu=0) with neighbor   3 (gpu=3) dir=0, dim=3, access rank = (  0)
Peer-to-peer enabled for rank   0 (gpu=0) with neighbor   1 (gpu=1) dir=1, dim=3, access rank = (  0)
QUDA 1.1.0 (git 1.1.0-00c7ef33d-sm_80)
CUDA Driver version = 13030
CUDA Runtime version = 12020
Graphic driver version = 610.43.02
Found device 0: NVIDIA A100-SXM4-80GB
Found device 1: NVIDIA A100-SXM4-80GB
Found device 2: NVIDIA A100-SXM4-80GB
Found device 3: NVIDIA A100-SXM4-80GB
Using device 0: NVIDIA A100-SXM4-80GB
Initializing monitoring on device 0 with pciBusId 0000:2F:00.0: NVIDIA A100-SXM4-80GB
WARNING: Data reordering done on GPU (set with QUDA_REORDER_LOCATION=GPU/CPU)
Initializing monitoring on device 2 with pciBusId 0000:AF:00.0: NVIDIA A100-SXM4-80GB
Initializing monitoring on device 1 with pciBusId 0000:30:00.0: NVIDIA A100-SXM4-80GB
Initializing monitoring on device 3 with pciBusId 0000:B0:00.0: NVIDIA A100-SXM4-80GB
Loaded 1246 sets of cached parameters from /lustre2/gluonp0/sliu1/.cache/quda/tunecache.tsv
WARNING: Not using device memory pool allocator
WARNING: Using pinned memory pool allocator
cublasCreated successfully
{'Ls': 32, 'Lt': 96, 'cfgs_to_meas': 10, 'rho': 3.25, 'smear_steps': 40, 'smear_mom': [0, 0, 3.5999999999999996], 'mom_min': 0, 'mom_max': 6, 'x_src_list_shifted': array([[ 0, 16],
       [15, 31],
       [30, 14],
       [13, 29],
       [28, 12],
       [11, 27],
       [26, 10],
       [ 9, 25],
       [24,  8],
       [ 7, 23]]), 'y_src_list_shifted': array([[ 0, 16],
       [15, 31],
       [30, 14],
       [13, 29],
       [28, 12],
       [11, 27],
       [26, 10],
       [ 9, 25],
       [24,  8],
       [ 7, 23]]), 'z_src_list_shifted': array([[ 0, 16],
       [15, 31],
       [30, 14],
       [13, 29],
       [28, 12],
       [11, 27],
       [26, 10],
       [ 9, 25],
       [24,  8],
       [ 7, 23]]), 't_src_list_shifted': array([[ 0, 32, 64],
       [25, 57, 89],
       [50, 82, 18],
       [75, 11, 43],
       [ 4, 36, 68],
       [29, 61, 93],
       [54, 86, 22],
       [79, 15, 47],
       [ 8, 40, 72],
       [33, 65,  1]])}
PyQUDA INFO: READ GAUGE #204: 3.0228307060024235 secs
PyQUDA INFO: DOING HYP SMEARING
PyQUDA INFO: plaq_hyp_before = [0.5839782469489736, 0.5838950418381473, 0.5840614520597998]
performGaugeSmearQuda: step 000 plaquette (mean 5.8397824694897360e-01, spatial 5.8389504183814733e-01 temporal 5.8406145205979976e-01) Q charge = 8.7687551237888304e+00
PyQUDA INFO: plaq_hyp_after = [0.9461197413172886, 0.9461032987410635, 0.9461361838935137]
PyQUDA INFO: HYP SMEAR: 0.910608978010714 secs
PyQUDA INFO: DOING APE SMEARING
PyQUDA INFO: plaq_ape_before = [0.5839782469489736, 0.5838950418381473, 0.5840614520597998]
performGaugeSmearQuda: step 000 plaquette (mean 5.8397824694897360e-01, spatial 5.8389504183814733e-01 temporal 5.8406145205979976e-01) Q charge = 8.7687551237888304e+00
PyQUDA INFO: plaq_ape_after = [0.8194939189238163, 0.9988606332270378, 0.6401272046205948]
PyQUDA INFO: APE SMEAR: 0.6202444810041925 secs
PyQUDA INFO: INNER LOOP STARTS
PyQUDA INFO: SOURCE POSITION = [np.int64(0), np.int64(0), np.int64(0), np.int64(0)]
PyQUDA INFO: DOING SRC GAUSSIAN SMEARING
PyQUDA INFO: SOURCE GAUSSIAN SMEAR: 1.098676194989821 secs
PyQUDA INFO: RELOADING GAUGE
PyQUDA INFO: RELOADING GAUGE: 0.2579970609949669 secs
PyQUDA INFO: SOLVING DIRAC EQ
Saving 1319 sets of cached parameters to /lustre2/gluonp0/sliu1/.cache/quda/tunecache.tsv
GCR: Convergence at 17 iterations, n = 0, L2 relative residual: iterated = 4.116627e-11, true = 4.116627e-11 (requested = 1.000000e-10)
GCR: Convergence at 17 iterations, n = 1, L2 relative residual: iterated = 2.883409e-11, true = 2.883409e-11 (requested = 1.000000e-10)
GCR: Convergence at 17 iterations, n = 2, L2 relative residual: iterated = 3.213913e-11, true = 3.213913e-11 (requested = 1.000000e-10)
GCR: Convergence at 17 iterations, n = 3, L2 relative residual: iterated = 4.971264e-11, true = 4.971264e-11 (requested = 1.000000e-10)
GCR: Convergence at 17 iterations, n = 4, L2 relative residual: iterated = 2.818841e-11, true = 2.818841e-11 (requested = 1.000000e-10)
GCR: Convergence at 17 iterations, n = 5, L2 relative residual: iterated = 3.551193e-11, true = 3.551193e-11 (requested = 1.000000e-10)
GCR: Convergence at 17 iterations, n = 6, L2 relative residual: iterated = 6.056265e-11, true = 6.056265e-11 (requested = 1.000000e-10)
GCR: Convergence at 17 iterations, n = 7, L2 relative residual: iterated = 4.404639e-11, true = 4.404639e-11 (requested = 1.000000e-10)
GCR: Convergence at 17 iterations, n = 8, L2 relative residual: iterated = 3.874136e-11, true = 3.874136e-11 (requested = 1.000000e-10)
GCR: Convergence at 17 iterations, n = 9, L2 relative residual: iterated = 3.974151e-11, true = 3.974151e-11 (requested = 1.000000e-10)
GCR: Convergence at 17 iterations, n = 10, L2 relative residual: iterated = 3.823263e-11, true = 3.823263e-11 (requested = 1.000000e-10)
GCR: Convergence at 17 iterations, n = 11, L2 relative residual: iterated = 4.167865e-11, true = 4.167865e-11 (requested = 1.000000e-10)
Saving 1321 sets of cached parameters to /lustre2/gluonp0/sliu1/.cache/quda/tunecache.tsv
PyQUDA INFO: Time = 123.293 secs, Performance = 1583.363 GFLOPS
GCR: Convergence at 17 iterations, n = 0, L2 relative residual: iterated = 5.270660e-11, true = 5.270660e-11 (requested = 1.000000e-10)
GCR: Convergence at 17 iterations, n = 1, L2 relative residual: iterated = 4.005431e-11, true = 4.005431e-11 (requested = 1.000000e-10)
GCR: Convergence at 17 iterations, n = 2, L2 relative residual: iterated = 5.596925e-11, true = 5.596925e-11 (requested = 1.000000e-10)
GCR: Convergence at 17 iterations, n = 3, L2 relative residual: iterated = 4.412605e-11, true = 4.412605e-11 (requested = 1.000000e-10)
GCR: Convergence at 17 iterations, n = 4, L2 relative residual: iterated = 3.086636e-11, true = 3.086636e-11 (requested = 1.000000e-10)
GCR: Convergence at 17 iterations, n = 5, L2 relative residual: iterated = 4.174797e-11, true = 4.174797e-11 (requested = 1.000000e-10)
GCR: Convergence at 17 iterations, n = 6, L2 relative residual: iterated = 4.955286e-11, true = 4.955286e-11 (requested = 1.000000e-10)
GCR: Convergence at 17 iterations, n = 7, L2 relative residual: iterated = 4.712281e-11, true = 4.712281e-11 (requested = 1.000000e-10)
GCR: Convergence at 17 iterations, n = 8, L2 relative residual: iterated = 5.803702e-11, true = 5.803702e-11 (requested = 1.000000e-10)
GCR: Convergence at 17 iterations, n = 9, L2 relative residual: iterated = 4.764623e-11, true = 4.764623e-11 (requested = 1.000000e-10)
GCR: Convergence at 17 iterations, n = 10, L2 relative residual: iterated = 4.957892e-11, true = 4.957892e-11 (requested = 1.000000e-10)
GCR: Convergence at 17 iterations, n = 11, L2 relative residual: iterated = 4.489367e-11, true = 4.489367e-11 (requested = 1.000000e-10)
PyQUDA INFO: Time = 1.676 secs, Performance = 14029.878 GFLOPS
PyQUDA INFO: INVERT 2 propagagors: 124.97539327500272 secs
PyQUDA INFO: DOING SINK GAUSSIAN SMEARING
PyQUDA INFO: SINK GAUSSIAN SMEAR: 0.9646535120118642 secs
PyQUDA INFO: GPU used 44.4 GB, cupy pool 32.8 GB, cupy live 10.1 GB
PyQUDA INFO: CONTRACT ALL: 3.4028886660089483 secs
PyQUDA INFO: UNTIL CONTRACTION: 130.76381325500552 secs
PyQUDA INFO: INNER LOOP STARTS
PyQUDA INFO: SOURCE POSITION = [np.int64(0), np.int64(0), np.int64(16), np.int64(0)]
PyQUDA INFO: DOING SRC GAUSSIAN SMEARING
PyQUDA INFO: SOURCE GAUSSIAN SMEAR: 0.8126991419994738 secs
PyQUDA INFO: RELOADING GAUGE
PyQUDA INFO: RELOADING GAUGE: 0.2618416959885508 secs
PyQUDA INFO: SOLVING DIRAC EQ
GCR: Convergence at 17 iterations, n = 0, L2 relative residual: iterated = 3.037051e-11, true = 3.037051e-11 (requested = 1.000000e-10)
GCR: Convergence at 17 iterations, n = 1, L2 relative residual: iterated = 4.044919e-11, true = 4.044919e-11 (requested = 1.000000e-10)
GCR: Convergence at 17 iterations, n = 2, L2 relative residual: iterated = 5.975811e-11, true = 5.975811e-11 (requested = 1.000000e-10)
GCR: Convergence at 17 iterations, n = 3, L2 relative residual: iterated = 3.781220e-11, true = 3.781220e-11 (requested = 1.000000e-10)
GCR: Convergence at 17 iterations, n = 4, L2 relative residual: iterated = 2.197733e-11, true = 2.197733e-11 (requested = 1.000000e-10)
GCR: Convergence at 17 iterations, n = 5, L2 relative residual: iterated = 3.649728e-11, true = 3.649728e-11 (requested = 1.000000e-10)
GCR: Convergence at 17 iterations, n = 6, L2 relative residual: iterated = 2.639186e-11, true = 2.639186e-11 (requested = 1.000000e-10)
GCR: Convergence at 17 iterations, n = 7, L2 relative residual: iterated = 3.791685e-11, true = 3.791685e-11 (requested = 1.000000e-10)
GCR: Convergence at 17 iterations, n = 8, L2 relative residual: iterated = 6.304645e-11, true = 6.304645e-11 (requested = 1.000000e-10)
GCR: Convergence at 17 iterations, n = 9, L2 relative residual: iterated = 7.223303e-11, true = 7.223303e-11 (requested = 1.000000e-10)
GCR: Convergence at 17 iterations, n = 10, L2 relative residual: iterated = 6.261916e-11, true = 6.261916e-11 (requested = 1.000000e-10)
GCR: Convergence at 17 iterations, n = 11, L2 relative residual: iterated = 8.552508e-11, true = 8.552508e-11 (requested = 1.000000e-10)
PyQUDA INFO: Time = 1.645 secs, Performance = 14473.028 GFLOPS
GCR: Convergence at 17 iterations, n = 0, L2 relative residual: iterated = 3.284720e-11, true = 3.284720e-11 (requested = 1.000000e-10)
GCR: Convergence at 17 iterations, n = 1, L2 relative residual: iterated = 4.560311e-11, true = 4.560311e-11 (requested = 1.000000e-10)
GCR: Convergence at 17 iterations, n = 2, L2 relative residual: iterated = 3.287037e-11, true = 3.287037e-11 (requested = 1.000000e-10)
GCR: Convergence at 17 iterations, n = 3, L2 relative residual: iterated = 4.251098e-11, true = 4.251098e-11 (requested = 1.000000e-10)
GCR: Convergence at 17 iterations, n = 4, L2 relative residual: iterated = 3.375298e-11, true = 3.375298e-11 (requested = 1.000000e-10)
GCR: Convergence at 17 iterations, n = 5, L2 relative residual: iterated = 3.784397e-11, true = 3.784397e-11 (requested = 1.000000e-10)
GCR: Convergence at 17 iterations, n = 6, L2 relative residual: iterated = 8.589296e-11, true = 8.589296e-11 (requested = 1.000000e-10)
GCR: Convergence at 17 iterations, n = 7, L2 relative residual: iterated = 7.257988e-11, true = 7.257988e-11 (requested = 1.000000e-10)
GCR: Convergence at 17 iterations, n = 8, L2 relative residual: iterated = 5.824594e-11, true = 5.824594e-11 (requested = 1.000000e-10)
GCR: Convergence at 17 iterations, n = 9, L2 relative residual: iterated = 5.120105e-11, true = 5.120105e-11 (requested = 1.000000e-10)
GCR: Convergence at 17 iterations, n = 10, L2 relative residual: iterated = 5.525972e-11, true = 5.525972e-11 (requested = 1.000000e-10)
GCR: Convergence at 17 iterations, n = 11, L2 relative residual: iterated = 2.800509e-11, true = 2.800509e-11 (requested = 1.000000e-10)
PyQUDA INFO: Time = 1.677 secs, Performance = 14171.704 GFLOPS
PyQUDA INFO: INVERT 2 propagagors: 3.3241018849948887 secs
PyQUDA INFO: DOING SINK GAUSSIAN SMEARING
PyQUDA INFO: SINK GAUSSIAN SMEAR: 0.9612361030012835 secs
PyQUDA INFO: GPU used 44.4 GB, cupy pool 32.8 GB, cupy live 10.1 GB
PyQUDA INFO: CONTRACT ALL: 3.326877080995473 secs
PyQUDA INFO: UNTIL CONTRACTION: 8.730023197000264 secs
PyQUDA INFO: INNER LOOP STARTS
PyQUDA INFO: SOURCE POSITION = [np.int64(0), np.int64(16), np.int64(0), np.int64(0)]
PyQUDA INFO: DOING SRC GAUSSIAN SMEARING
PyQUDA INFO: SOURCE GAUSSIAN SMEAR: 0.8095774999965215 secs
PyQUDA INFO: RELOADING GAUGE
PyQUDA INFO: RELOADING GAUGE: 0.263646534003783 secs
PyQUDA INFO: SOLVING DIRAC EQ
GCR: Convergence at 17 iterations, n = 0, L2 relative residual: iterated = 4.800811e-11, true = 4.800811e-11 (requested = 1.000000e-10)
GCR: Convergence at 17 iterations, n = 1, L2 relative residual: iterated = 3.385919e-11, true = 3.385919e-11 (requested = 1.000000e-10)
GCR: Convergence at 17 iterations, n = 2, L2 relative residual: iterated = 5.018924e-11, true = 5.018924e-11 (requested = 1.000000e-10)
GCR: Convergence at 17 iterations, n = 3, L2 relative residual: iterated = 6.093138e-11, true = 6.093138e-11 (requested = 1.000000e-10)
GCR: Convergence at 17 iterations, n = 4, L2 relative residual: iterated = 5.614811e-11, true = 5.614811e-11 (requested = 1.000000e-10)
GCR: Convergence at 17 iterations, n = 5, L2 relative residual: iterated = 3.606313e-11, true = 3.606313e-11 (requested = 1.000000e-10)
GCR: Convergence at 17 iterations, n = 6, L2 relative residual: iterated = 9.060780e-11, true = 9.060780e-11 (requested = 1.000000e-10)
GCR: Convergence at 17 iterations, n = 7, L2 relative residual: iterated = 8.660072e-11, true = 8.660072e-11 (requested = 1.000000e-10)
GCR: Convergence at 17 iterations, n = 8, L2 relative residual: iterated = 6.490945e-11, true = 6.490945e-11 (requested = 1.000000e-10)
GCR: Convergence at 17 iterations, n = 9, L2 relative residual: iterated = 6.976904e-11, true = 6.976904e-11 (requested = 1.000000e-10)
GCR: Convergence at 17 iterations, n = 10, L2 relative residual: iterated = 5.326698e-11, true = 5.326698e-11 (requested = 1.000000e-10)
GCR: Convergence at 17 iterations, n = 11, L2 relative residual: iterated = 5.162997e-11, true = 5.162997e-11 (requested = 1.000000e-10)
PyQUDA INFO: Time = 1.631 secs, Performance = 14409.039 GFLOPS
GCR: Convergence at 17 iterations, n = 0, L2 relative residual: iterated = 4.286513e-11, true = 4.286513e-11 (requested = 1.000000e-10)
GCR: Convergence at 17 iterations, n = 1, L2 relative residual: iterated = 4.003886e-11, true = 4.003886e-11 (requested = 1.000000e-10)
GCR: Convergence at 17 iterations, n = 2, L2 relative residual: iterated = 4.425516e-11, true = 4.425516e-11 (requested = 1.000000e-10)
GCR: Convergence at 17 iterations, n = 3, L2 relative residual: iterated = 3.525711e-11, true = 3.525711e-11 (requested = 1.000000e-10)
GCR: Convergence at 17 iterations, n = 4, L2 relative residual: iterated = 4.206192e-11, true = 4.206192e-11 (requested = 1.000000e-10)
GCR: Convergence at 17 iterations, n = 5, L2 relative residual: iterated = 3.476058e-11, true = 3.476058e-11 (requested = 1.000000e-10)
GCR: Convergence at 17 iterations, n = 6, L2 relative residual: iterated = 3.824276e-11, true = 3.824276e-11 (requested = 1.000000e-10)
GCR: Convergence at 17 iterations, n = 7, L2 relative residual: iterated = 6.284214e-11, true = 6.284214e-11 (requested = 1.000000e-10)
GCR: Convergence at 17 iterations, n = 8, L2 relative residual: iterated = 3.948851e-11, true = 3.948851e-11 (requested = 1.000000e-10)
GCR: Convergence at 17 iterations, n = 9, L2 relative residual: iterated = 6.879817e-11, true = 6.879817e-11 (requested = 1.000000e-10)
GCR: Convergence at 17 iterations, n = 10, L2 relative residual: iterated = 8.894919e-11, true = 8.894919e-11 (requested = 1.000000e-10)
GCR: Convergence at 17 iterations, n = 11, L2 relative residual: iterated = 4.276699e-11, true = 4.276699e-11 (requested = 1.000000e-10)
PyQUDA INFO: Time = 1.676 secs, Performance = 14221.301 GFLOPS
PyQUDA INFO: INVERT 2 propagagors: 3.3090319969924167 secs
PyQUDA INFO: DOING SINK GAUSSIAN SMEARING
PyQUDA INFO: SINK GAUSSIAN SMEAR: 0.9662853420013562 secs
PyQUDA INFO: GPU used 44.4 GB, cupy pool 32.8 GB, cupy live 10.1 GB
PyQUDA INFO: CONTRACT ALL: 3.3274663140036864 secs
PyQUDA INFO: UNTIL CONTRACTION: 8.718929500988452 secs
PyQUDA INFO: INNER LOOP STARTS
PyQUDA INFO: SOURCE POSITION = [np.int64(0), np.int64(16), np.int64(16), np.int64(0)]
PyQUDA INFO: DOING SRC GAUSSIAN SMEARING
PyQUDA INFO: SOURCE GAUSSIAN SMEAR: 0.8143604340002639 secs
PyQUDA INFO: RELOADING GAUGE
PyQUDA INFO: RELOADING GAUGE: 0.26110567001160234 secs
PyQUDA INFO: SOLVING DIRAC EQ
GCR: Convergence at 17 iterations, n = 0, L2 relative residual: iterated = 3.851379e-11, true = 3.851379e-11 (requested = 1.000000e-10)
GCR: Convergence at 17 iterations, n = 1, L2 relative residual: iterated = 4.257527e-11, true = 4.257527e-11 (requested = 1.000000e-10)
GCR: Convergence at 17 iterations, n = 2, L2 relative residual: iterated = 6.717423e-11, true = 6.717423e-11 (requested = 1.000000e-10)
GCR: Convergence at 17 iterations, n = 3, L2 relative residual: iterated = 4.094155e-11, true = 4.094155e-11 (requested = 1.000000e-10)
GCR: Convergence at 17 iterations, n = 4, L2 relative residual: iterated = 6.421845e-11, true = 6.421845e-11 (requested = 1.000000e-10)
GCR: Convergence at 17 iterations, n = 5, L2 relative residual: iterated = 3.836266e-11, true = 3.836266e-11 (requested = 1.000000e-10)
GCR: Convergence at 17 iterations, n = 6, L2 relative residual: iterated = 8.850495e-11, true = 8.850495e-11 (requested = 1.000000e-10)
GCR: Convergence at 17 iterations, n = 7, L2 relative residual: iterated = 4.947786e-11, true = 4.947786e-11 (requested = 1.000000e-10)
GCR: Convergence at 17 iterations, n = 8, L2 relative residual: iterated = 3.783896e-11, true = 3.783896e-11 (requested = 1.000000e-10)
GCR: Convergence at 17 iterations, n = 9, L2 relative residual: iterated = 6.861904e-11, true = 6.861904e-11 (requested = 1.000000e-10)
GCR: Convergence at 17 iterations, n = 10, L2 relative residual: iterated = 5.009815e-11, true = 5.009815e-11 (requested = 1.000000e-10)
GCR: Convergence at 17 iterations, n = 11, L2 relative residual: iterated = 4.781502e-11, true = 4.781502e-11 (requested = 1.000000e-10)
PyQUDA INFO: Time = 1.649 secs, Performance = 14426.416 GFLOPS
GCR: Convergence at 17 iterations, n = 0, L2 relative residual: iterated = 6.320817e-11, true = 6.320817e-11 (requested = 1.000000e-10)
GCR: Convergence at 17 iterations, n = 1, L2 relative residual: iterated = 5.132681e-11, true = 5.132681e-11 (requested = 1.000000e-10)
GCR: Convergence at 17 iterations, n = 2, L2 relative residual: iterated = 6.876388e-11, true = 6.876388e-11 (requested = 1.000000e-10)
GCR: Convergence at 17 iterations, n = 3, L2 relative residual: iterated = 7.194403e-11, true = 7.194403e-11 (requested = 1.000000e-10)
GCR: Convergence at 17 iterations, n = 4, L2 relative residual: iterated = 5.819527e-11, true = 5.819527e-11 (requested = 1.000000e-10)
GCR: Convergence at 17 iterations, n = 5, L2 relative residual: iterated = 3.684155e-11, true = 3.684155e-11 (requested = 1.000000e-10)
GCR: Convergence at 17 iterations, n = 6, L2 relative residual: iterated = 8.042087e-11, true = 8.042087e-11 (requested = 1.000000e-10)
GCR: Convergence at 17 iterations, n = 7, L2 relative residual: iterated = 3.948819e-11, true = 3.948819e-11 (requested = 1.000000e-10)
GCR: Convergence at 17 iterations, n = 8, L2 relative residual: iterated = 8.968452e-11, true = 8.968452e-11 (requested = 1.000000e-10)
GCR: Convergence at 17 iterations, n = 9, L2 relative residual: iterated = 4.035218e-11, true = 4.035218e-11 (requested = 1.000000e-10)
GCR: Convergence at 17 iterations, n = 10, L2 relative residual: iterated = 3.846205e-11, true = 3.846205e-11 (requested = 1.000000e-10)
GCR: Convergence at 17 iterations, n = 11, L2 relative residual: iterated = 9.670597e-11, true = 9.670597e-11 (requested = 1.000000e-10)
PyQUDA INFO: Time = 1.661 secs, Performance = 14164.677 GFLOPS
PyQUDA INFO: INVERT 2 propagagors: 3.3117833040014375 secs
PyQUDA INFO: DOING SINK GAUSSIAN SMEARING
PyQUDA INFO: SINK GAUSSIAN SMEAR: 0.8285077050095424 secs
PyQUDA INFO: GPU used 44.4 GB, cupy pool 32.8 GB, cupy live 10.1 GB
PyQUDA INFO: CONTRACT ALL: 3.325677133994759 secs
PyQUDA INFO: UNTIL CONTRACTION: 8.58433002998936 secs
PyQUDA INFO: INNER LOOP STARTS
PyQUDA INFO: SOURCE POSITION = [np.int64(16), np.int64(0), np.int64(0), np.int64(0)]
PyQUDA INFO: DOING SRC GAUSSIAN SMEARING
PyQUDA INFO: SOURCE GAUSSIAN SMEAR: 0.8138267530011944 secs
PyQUDA INFO: RELOADING GAUGE
PyQUDA INFO: RELOADING GAUGE: 0.2635951050033327 secs
PyQUDA INFO: SOLVING DIRAC EQ
GCR: Convergence at 17 iterations, n = 0, L2 relative residual: iterated = 3.356508e-11, true = 3.356508e-11 (requested = 1.000000e-10)
GCR: Convergence at 17 iterations, n = 1, L2 relative residual: iterated = 3.917330e-11, true = 3.917330e-11 (requested = 1.000000e-10)
GCR: Convergence at 17 iterations, n = 2, L2 relative residual: iterated = 2.984032e-11, true = 2.984032e-11 (requested = 1.000000e-10)
GCR: Convergence at 17 iterations, n = 3, L2 relative residual: iterated = 2.470097e-11, true = 2.470097e-11 (requested = 1.000000e-10)
GCR: Convergence at 17 iterations, n = 4, L2 relative residual: iterated = 3.076279e-11, true = 3.076279e-11 (requested = 1.000000e-10)
GCR: Convergence at 17 iterations, n = 5, L2 relative residual: iterated = 2.407847e-11, true = 2.407847e-11 (requested = 1.000000e-10)
GCR: Convergence at 17 iterations, n = 6, L2 relative residual: iterated = 4.108459e-11, true = 4.108459e-11 (requested = 1.000000e-10)
GCR: Convergence at 17 iterations, n = 7, L2 relative residual: iterated = 3.007149e-11, true = 3.007149e-11 (requested = 1.000000e-10)
GCR: Convergence at 17 iterations, n = 8, L2 relative residual: iterated = 4.438564e-11, true = 4.438564e-11 (requested = 1.000000e-10)
GCR: Convergence at 17 iterations, n = 9, L2 relative residual: iterated = 2.891344e-11, true = 2.891344e-11 (requested = 1.000000e-10)
GCR: Convergence at 17 iterations, n = 10, L2 relative residual: iterated = 5.396886e-11, true = 5.396886e-11 (requested = 1.000000e-10)
GCR: Convergence at 17 iterations, n = 11, L2 relative residual: iterated = 3.871301e-11, true = 3.871301e-11 (requested = 1.000000e-10)
PyQUDA INFO: Time = 1.646 secs, Performance = 14441.113 GFLOPS
GCR: Convergence at 17 iterations, n = 0, L2 relative residual: iterated = 3.443367e-11, true = 3.443367e-11 (requested = 1.000000e-10)
GCR: Convergence at 17 iterations, n = 1, L2 relative residual: iterated = 3.711882e-11, true = 3.711882e-11 (requested = 1.000000e-10)
GCR: Convergence at 17 iterations, n = 2, L2 relative residual: iterated = 3.428824e-11, true = 3.428824e-11 (requested = 1.000000e-10)
GCR: Convergence at 17 iterations, n = 3, L2 relative residual: iterated = 5.112128e-11, true = 5.112128e-11 (requested = 1.000000e-10)
GCR: Convergence at 17 iterations, n = 4, L2 relative residual: iterated = 4.265583e-11, true = 4.265583e-11 (requested = 1.000000e-10)
GCR: Convergence at 17 iterations, n = 5, L2 relative residual: iterated = 4.100943e-11, true = 4.100943e-11 (requested = 1.000000e-10)
GCR: Convergence at 17 iterations, n = 6, L2 relative residual: iterated = 7.846056e-11, true = 7.846056e-11 (requested = 1.000000e-10)
GCR: Convergence at 17 iterations, n = 7, L2 relative residual: iterated = 4.612925e-11, true = 4.612925e-11 (requested = 1.000000e-10)
GCR: Convergence at 17 iterations, n = 8, L2 relative residual: iterated = 4.949025e-11, true = 4.949025e-11 (requested = 1.000000e-10)
GCR: Convergence at 17 iterations, n = 9, L2 relative residual: iterated = 3.650383e-11, true = 3.650383e-11 (requested = 1.000000e-10)
GCR: Convergence at 17 iterations, n = 10, L2 relative residual: iterated = 7.136902e-11, true = 7.136902e-11 (requested = 1.000000e-10)
GCR: Convergence at 17 iterations, n = 11, L2 relative residual: iterated = 6.181475e-11, true = 6.181475e-11 (requested = 1.000000e-10)
PyQUDA INFO: Time = 1.677 secs, Performance = 14173.909 GFLOPS
PyQUDA INFO: INVERT 2 propagagors: 3.3240914899943164 secs
PyQUDA INFO: DOING SINK GAUSSIAN SMEARING
PyQUDA INFO: SINK GAUSSIAN SMEAR: 0.9606409039988648 secs
PyQUDA INFO: GPU used 44.4 GB, cupy pool 32.8 GB, cupy live 10.1 GB
PyQUDA INFO: CONTRACT ALL: 3.3273191469925223 secs
PyQUDA INFO: UNTIL CONTRACTION: 8.73240258799342 secs
PyQUDA INFO: INNER LOOP STARTS
PyQUDA INFO: SOURCE POSITION = [np.int64(16), np.int64(0), np.int64(16), np.int64(0)]
PyQUDA INFO: DOING SRC GAUSSIAN SMEARING
PyQUDA INFO: SOURCE GAUSSIAN SMEAR: 0.8120313210092718 secs
PyQUDA INFO: RELOADING GAUGE
PyQUDA INFO: RELOADING GAUGE: 0.2647027939965483 secs
PyQUDA INFO: SOLVING DIRAC EQ
GCR: Convergence at 17 iterations, n = 0, L2 relative residual: iterated = 3.488118e-11, true = 3.488118e-11 (requested = 1.000000e-10)
GCR: Convergence at 17 iterations, n = 1, L2 relative residual: iterated = 2.178460e-11, true = 2.178460e-11 (requested = 1.000000e-10)
GCR: Convergence at 17 iterations, n = 2, L2 relative residual: iterated = 6.676803e-11, true = 6.676803e-11 (requested = 1.000000e-10)
GCR: Convergence at 17 iterations, n = 3, L2 relative residual: iterated = 4.233512e-11, true = 4.233512e-11 (requested = 1.000000e-10)
GCR: Convergence at 17 iterations, n = 4, L2 relative residual: iterated = 3.332351e-11, true = 3.332351e-11 (requested = 1.000000e-10)
GCR: Convergence at 17 iterations, n = 5, L2 relative residual: iterated = 5.391786e-11, true = 5.391786e-11 (requested = 1.000000e-10)
GCR: Convergence at 17 iterations, n = 6, L2 relative residual: iterated = 3.579660e-11, true = 3.579660e-11 (requested = 1.000000e-10)
GCR: Convergence at 17 iterations, n = 7, L2 relative residual: iterated = 5.870141e-11, true = 5.870141e-11 (requested = 1.000000e-10)
GCR: Convergence at 17 iterations, n = 8, L2 relative residual: iterated = 6.814613e-11, true = 6.814613e-11 (requested = 1.000000e-10)
GCR: Convergence at 17 iterations, n = 9, L2 relative residual: iterated = 5.663176e-11, true = 5.663176e-11 (requested = 1.000000e-10)
GCR: Convergence at 17 iterations, n = 10, L2 relative residual: iterated = 3.514459e-11, true = 3.514459e-11 (requested = 1.000000e-10)
GCR: Convergence at 17 iterations, n = 11, L2 relative residual: iterated = 6.143000e-11, true = 6.143000e-11 (requested = 1.000000e-10)
PyQUDA INFO: Time = 1.644 secs, Performance = 14474.970 GFLOPS
GCR: Convergence at 17 iterations, n = 0, L2 relative residual: iterated = 3.907845e-11, true = 3.907845e-11 (requested = 1.000000e-10)
GCR: Convergence at 17 iterations, n = 1, L2 relative residual: iterated = 3.900993e-11, true = 3.900993e-11 (requested = 1.000000e-10)
GCR: Convergence at 17 iterations, n = 2, L2 relative residual: iterated = 4.165437e-11, true = 4.165437e-11 (requested = 1.000000e-10)
GCR: Convergence at 17 iterations, n = 3, L2 relative residual: iterated = 3.471999e-11, true = 3.471999e-11 (requested = 1.000000e-10)
GCR: Convergence at 17 iterations, n = 4, L2 relative residual: iterated = 4.104746e-11, true = 4.104746e-11 (requested = 1.000000e-10)
GCR: Convergence at 17 iterations, n = 5, L2 relative residual: iterated = 4.027159e-11, true = 4.027159e-11 (requested = 1.000000e-10)
GCR: Convergence at 17 iterations, n = 6, L2 relative residual: iterated = 3.514151e-11, true = 3.514151e-11 (requested = 1.000000e-10)
GCR: Convergence at 17 iterations, n = 7, L2 relative residual: iterated = 6.332711e-11, true = 6.332711e-11 (requested = 1.000000e-10)
GCR: Convergence at 17 iterations, n = 8, L2 relative residual: iterated = 3.811776e-11, true = 3.811776e-11 (requested = 1.000000e-10)
GCR: Convergence at 17 iterations, n = 9, L2 relative residual: iterated = 4.160956e-11, true = 4.160956e-11 (requested = 1.000000e-10)
GCR: Convergence at 17 iterations, n = 10, L2 relative residual: iterated = 4.300581e-11, true = 4.300581e-11 (requested = 1.000000e-10)
GCR: Convergence at 17 iterations, n = 11, L2 relative residual: iterated = 4.735968e-11, true = 4.735968e-11 (requested = 1.000000e-10)
PyQUDA INFO: Time = 1.665 secs, Performance = 14147.746 GFLOPS
PyQUDA INFO: INVERT 2 propagagors: 3.311494837005739 secs
PyQUDA INFO: DOING SINK GAUSSIAN SMEARING
PyQUDA INFO: SINK GAUSSIAN SMEAR: 0.967387365992181 secs
PyQUDA INFO: GPU used 44.4 GB, cupy pool 32.8 GB, cupy live 10.1 GB
PyQUDA INFO: CONTRACT ALL: 3.326152989990078 secs
PyQUDA INFO: UNTIL CONTRACTION: 8.72441405900463 secs
PyQUDA INFO: INNER LOOP STARTS
PyQUDA INFO: SOURCE POSITION = [np.int64(16), np.int64(16), np.int64(0), np.int64(0)]
PyQUDA INFO: DOING SRC GAUSSIAN SMEARING
PyQUDA INFO: SOURCE GAUSSIAN SMEAR: 0.8099213120003697 secs
PyQUDA INFO: RELOADING GAUGE
PyQUDA INFO: RELOADING GAUGE: 0.26307105099840555 secs
PyQUDA INFO: SOLVING DIRAC EQ
GCR: Convergence at 17 iterations, n = 0, L2 relative residual: iterated = 3.398012e-11, true = 3.398012e-11 (requested = 1.000000e-10)
GCR: Convergence at 17 iterations, n = 1, L2 relative residual: iterated = 3.243206e-11, true = 3.243206e-11 (requested = 1.000000e-10)
GCR: Convergence at 17 iterations, n = 2, L2 relative residual: iterated = 4.572555e-11, true = 4.572555e-11 (requested = 1.000000e-10)
GCR: Convergence at 17 iterations, n = 3, L2 relative residual: iterated = 3.248094e-11, true = 3.248094e-11 (requested = 1.000000e-10)
GCR: Convergence at 17 iterations, n = 4, L2 relative residual: iterated = 3.852546e-11, true = 3.852546e-11 (requested = 1.000000e-10)
GCR: Convergence at 17 iterations, n = 5, L2 relative residual: iterated = 5.761431e-11, true = 5.761431e-11 (requested = 1.000000e-10)
GCR: Convergence at 17 iterations, n = 6, L2 relative residual: iterated = 3.957239e-11, true = 3.957239e-11 (requested = 1.000000e-10)
GCR: Convergence at 17 iterations, n = 7, L2 relative residual: iterated = 3.557961e-11, true = 3.557961e-11 (requested = 1.000000e-10)
GCR: Convergence at 17 iterations, n = 8, L2 relative residual: iterated = 3.667210e-11, true = 3.667210e-11 (requested = 1.000000e-10)
GCR: Convergence at 17 iterations, n = 9, L2 relative residual: iterated = 3.794678e-11, true = 3.794678e-11 (requested = 1.000000e-10)
GCR: Convergence at 17 iterations, n = 10, L2 relative residual: iterated = 4.812594e-11, true = 4.812594e-11 (requested = 1.000000e-10)
GCR: Convergence at 17 iterations, n = 11, L2 relative residual: iterated = 4.523922e-11, true = 4.523922e-11 (requested = 1.000000e-10)
PyQUDA INFO: Time = 1.630 secs, Performance = 14428.750 GFLOPS
GCR: Convergence at 17 iterations, n = 0, L2 relative residual: iterated = 3.445824e-11, true = 3.445824e-11 (requested = 1.000000e-10)
GCR: Convergence at 17 iterations, n = 1, L2 relative residual: iterated = 3.400086e-11, true = 3.400086e-11 (requested = 1.000000e-10)
GCR: Convergence at 17 iterations, n = 2, L2 relative residual: iterated = 2.964203e-11, true = 2.964203e-11 (requested = 1.000000e-10)
GCR: Convergence at 17 iterations, n = 3, L2 relative residual: iterated = 3.874038e-11, true = 3.874038e-11 (requested = 1.000000e-10)
GCR: Convergence at 17 iterations, n = 4, L2 relative residual: iterated = 3.226358e-11, true = 3.226358e-11 (requested = 1.000000e-10)
GCR: Convergence at 17 iterations, n = 5, L2 relative residual: iterated = 2.652568e-11, true = 2.652568e-11 (requested = 1.000000e-10)
GCR: Convergence at 17 iterations, n = 6, L2 relative residual: iterated = 4.261165e-11, true = 4.261165e-11 (requested = 1.000000e-10)
GCR: Convergence at 17 iterations, n = 7, L2 relative residual: iterated = 3.539686e-11, true = 3.539686e-11 (requested = 1.000000e-10)
GCR: Convergence at 17 iterations, n = 8, L2 relative residual: iterated = 3.593795e-11, true = 3.593795e-11 (requested = 1.000000e-10)
GCR: Convergence at 17 iterations, n = 9, L2 relative residual: iterated = 3.479009e-11, true = 3.479009e-11 (requested = 1.000000e-10)
GCR: Convergence at 17 iterations, n = 10, L2 relative residual: iterated = 3.241581e-11, true = 3.241581e-11 (requested = 1.000000e-10)
GCR: Convergence at 17 iterations, n = 11, L2 relative residual: iterated = 2.583488e-11, true = 2.583488e-11 (requested = 1.000000e-10)
PyQUDA INFO: Time = 1.665 secs, Performance = 14120.106 GFLOPS
PyQUDA INFO: INVERT 2 propagagors: 3.2968471649946878 secs
PyQUDA INFO: DOING SINK GAUSSIAN SMEARING
PyQUDA INFO: SINK GAUSSIAN SMEAR: 0.8386785129987402 secs
PyQUDA INFO: GPU used 44.4 GB, cupy pool 32.8 GB, cupy live 10.1 GB
PyQUDA INFO: CONTRACT ALL: 3.3276858530007303 secs
PyQUDA INFO: UNTIL CONTRACTION: 8.579295450996142 secs
PyQUDA INFO: INNER LOOP STARTS
PyQUDA INFO: SOURCE POSITION = [np.int64(16), np.int64(16), np.int64(16), np.int64(0)]
PyQUDA INFO: DOING SRC GAUSSIAN SMEARING
PyQUDA INFO: SOURCE GAUSSIAN SMEAR: 0.8172502990055364 secs
PyQUDA INFO: RELOADING GAUGE
PyQUDA INFO: RELOADING GAUGE: 0.2602161489921855 secs
PyQUDA INFO: SOLVING DIRAC EQ
GCR: Convergence at 17 iterations, n = 0, L2 relative residual: iterated = 4.712578e-11, true = 4.712578e-11 (requested = 1.000000e-10)
GCR: Convergence at 17 iterations, n = 1, L2 relative residual: iterated = 4.635174e-11, true = 4.635174e-11 (requested = 1.000000e-10)
GCR: Convergence at 17 iterations, n = 2, L2 relative residual: iterated = 3.109386e-11, true = 3.109386e-11 (requested = 1.000000e-10)
GCR: Convergence at 17 iterations, n = 3, L2 relative residual: iterated = 4.384397e-11, true = 4.384397e-11 (requested = 1.000000e-10)
GCR: Convergence at 17 iterations, n = 4, L2 relative residual: iterated = 4.102459e-11, true = 4.102459e-11 (requested = 1.000000e-10)
GCR: Convergence at 17 iterations, n = 5, L2 relative residual: iterated = 4.476974e-11, true = 4.476974e-11 (requested = 1.000000e-10)
GCR: Convergence at 17 iterations, n = 6, L2 relative residual: iterated = 5.044415e-11, true = 5.044415e-11 (requested = 1.000000e-10)
GCR: Convergence at 17 iterations, n = 7, L2 relative residual: iterated = 3.326699e-11, true = 3.326699e-11 (requested = 1.000000e-10)
GCR: Convergence at 17 iterations, n = 8, L2 relative residual: iterated = 5.167635e-11, true = 5.167635e-11 (requested = 1.000000e-10)
GCR: Convergence at 17 iterations, n = 9, L2 relative residual: iterated = 4.148237e-11, true = 4.148237e-11 (requested = 1.000000e-10)
GCR: Convergence at 17 iterations, n = 10, L2 relative residual: iterated = 3.669563e-11, true = 3.669563e-11 (requested = 1.000000e-10)
GCR: Convergence at 17 iterations, n = 11, L2 relative residual: iterated = 3.616646e-11, true = 3.616646e-11 (requested = 1.000000e-10)
PyQUDA INFO: Time = 1.645 secs, Performance = 14443.395 GFLOPS
GCR: Convergence at 17 iterations, n = 0, L2 relative residual: iterated = 5.177160e-11, true = 5.177160e-11 (requested = 1.000000e-10)
GCR: Convergence at 17 iterations, n = 1, L2 relative residual: iterated = 5.354932e-11, true = 5.354932e-11 (requested = 1.000000e-10)
GCR: Convergence at 17 iterations, n = 2, L2 relative residual: iterated = 2.876001e-11, true = 2.876001e-11 (requested = 1.000000e-10)
GCR: Convergence at 17 iterations, n = 3, L2 relative residual: iterated = 5.821536e-11, true = 5.821536e-11 (requested = 1.000000e-10)
GCR: Convergence at 17 iterations, n = 4, L2 relative residual: iterated = 5.092927e-11, true = 5.092927e-11 (requested = 1.000000e-10)
GCR: Convergence at 17 iterations, n = 5, L2 relative residual: iterated = 5.962948e-11, true = 5.962948e-11 (requested = 1.000000e-10)
GCR: Convergence at 17 iterations, n = 6, L2 relative residual: iterated = 4.396189e-11, true = 4.396189e-11 (requested = 1.000000e-10)
GCR: Convergence at 17 iterations, n = 7, L2 relative residual: iterated = 2.555899e-11, true = 2.555899e-11 (requested = 1.000000e-10)
GCR: Convergence at 17 iterations, n = 8, L2 relative residual: iterated = 4.493806e-11, true = 4.493806e-11 (requested = 1.000000e-10)
GCR: Convergence at 17 iterations, n = 9, L2 relative residual: iterated = 7.208563e-11, true = 7.208563e-11 (requested = 1.000000e-10)
GCR: Convergence at 17 iterations, n = 10, L2 relative residual: iterated = 5.626365e-11, true = 5.626365e-11 (requested = 1.000000e-10)
GCR: Convergence at 17 iterations, n = 11, L2 relative residual: iterated = 6.164669e-11, true = 6.164669e-11 (requested = 1.000000e-10)
PyQUDA INFO: Time = 1.679 secs, Performance = 14146.859 GFLOPS
PyQUDA INFO: INVERT 2 propagagors: 3.3265807870047865 secs
PyQUDA INFO: DOING SINK GAUSSIAN SMEARING
PyQUDA INFO: SINK GAUSSIAN SMEAR: 0.9598236390011152 secs
PyQUDA INFO: GPU used 44.4 GB, cupy pool 32.8 GB, cupy live 10.1 GB
PyQUDA INFO: CONTRACT ALL: 3.325595797999995 secs
PyQUDA INFO: UNTIL CONTRACTION: 8.732114322992857 secs
PyQUDA INFO: INNER LOOP STARTS
PyQUDA INFO: SOURCE POSITION = [np.int64(0), np.int64(0), np.int64(0), np.int64(32)]
PyQUDA INFO: DOING SRC GAUSSIAN SMEARING
PyQUDA INFO: SOURCE GAUSSIAN SMEAR: 0.81345672099269 secs
PyQUDA INFO: RELOADING GAUGE
PyQUDA INFO: RELOADING GAUGE: 0.2635865510092117 secs
PyQUDA INFO: SOLVING DIRAC EQ
GCR: Convergence at 17 iterations, n = 0, L2 relative residual: iterated = 5.223215e-11, true = 5.223215e-11 (requested = 1.000000e-10)
GCR: Convergence at 17 iterations, n = 1, L2 relative residual: iterated = 3.583629e-11, true = 3.583629e-11 (requested = 1.000000e-10)
GCR: Convergence at 17 iterations, n = 2, L2 relative residual: iterated = 5.604348e-11, true = 5.604348e-11 (requested = 1.000000e-10)
GCR: Convergence at 17 iterations, n = 3, L2 relative residual: iterated = 6.136846e-11, true = 6.136846e-11 (requested = 1.000000e-10)
GCR: Convergence at 17 iterations, n = 4, L2 relative residual: iterated = 6.210560e-11, true = 6.210560e-11 (requested = 1.000000e-10)
GCR: Convergence at 17 iterations, n = 5, L2 relative residual: iterated = 2.695481e-11, true = 2.695481e-11 (requested = 1.000000e-10)
GCR: Convergence at 17 iterations, n = 6, L2 relative residual: iterated = 3.631769e-11, true = 3.631769e-11 (requested = 1.000000e-10)
GCR: Convergence at 17 iterations, n = 7, L2 relative residual: iterated = 3.760991e-11, true = 3.760991e-11 (requested = 1.000000e-10)
GCR: Convergence at 17 iterations, n = 8, L2 relative residual: iterated = 3.314461e-11, true = 3.314461e-11 (requested = 1.000000e-10)
GCR: Convergence at 17 iterations, n = 9, L2 relative residual: iterated = 4.484526e-11, true = 4.484526e-11 (requested = 1.000000e-10)
GCR: Convergence at 17 iterations, n = 10, L2 relative residual: iterated = 3.168558e-11, true = 3.168558e-11 (requested = 1.000000e-10)
GCR: Convergence at 17 iterations, n = 11, L2 relative residual: iterated = 3.303081e-11, true = 3.303081e-11 (requested = 1.000000e-10)
PyQUDA INFO: Time = 1.649 secs, Performance = 14407.738 GFLOPS
GCR: Convergence at 17 iterations, n = 0, L2 relative residual: iterated = 5.618563e-11, true = 5.618563e-11 (requested = 1.000000e-10)
GCR: Convergence at 17 iterations, n = 1, L2 relative residual: iterated = 6.663138e-11, true = 6.663138e-11 (requested = 1.000000e-10)
GCR: Convergence at 17 iterations, n = 2, L2 relative residual: iterated = 6.660438e-11, true = 6.660438e-11 (requested = 1.000000e-10)
GCR: Convergence at 17 iterations, n = 3, L2 relative residual: iterated = 4.879229e-11, true = 4.879229e-11 (requested = 1.000000e-10)
GCR: Convergence at 17 iterations, n = 4, L2 relative residual: iterated = 4.809737e-11, true = 4.809737e-11 (requested = 1.000000e-10)
GCR: Convergence at 17 iterations, n = 5, L2 relative residual: iterated = 2.687020e-11, true = 2.687020e-11 (requested = 1.000000e-10)
GCR: Convergence at 17 iterations, n = 6, L2 relative residual: iterated = 5.735008e-11, true = 5.735008e-11 (requested = 1.000000e-10)
GCR: Convergence at 17 iterations, n = 7, L2 relative residual: iterated = 4.116293e-11, true = 4.116293e-11 (requested = 1.000000e-10)
GCR: Convergence at 17 iterations, n = 8, L2 relative residual: iterated = 5.978352e-11, true = 5.978352e-11 (requested = 1.000000e-10)
GCR: Convergence at 17 iterations, n = 9, L2 relative residual: iterated = 4.121223e-11, true = 4.121223e-11 (requested = 1.000000e-10)
GCR: Convergence at 17 iterations, n = 10, L2 relative residual: iterated = 3.030904e-11, true = 3.030904e-11 (requested = 1.000000e-10)
GCR: Convergence at 17 iterations, n = 11, L2 relative residual: iterated = 3.426635e-11, true = 3.426635e-11 (requested = 1.000000e-10)
PyQUDA INFO: Time = 1.680 secs, Performance = 14133.270 GFLOPS
PyQUDA INFO: INVERT 2 propagagors: 3.3307073259929894 secs
PyQUDA INFO: DOING SINK GAUSSIAN SMEARING
PyQUDA INFO: SINK GAUSSIAN SMEAR: 0.9448279609932797 secs
PyQUDA INFO: GPU used 44.4 GB, cupy pool 32.8 GB, cupy live 10.1 GB
PyQUDA INFO: CONTRACT ALL: 3.327484317997005 secs
PyQUDA INFO: UNTIL CONTRACTION: 8.723471078003058 secs
PyQUDA INFO: INNER LOOP STARTS
PyQUDA INFO: SOURCE POSITION = [np.int64(0), np.int64(0), np.int64(16), np.int64(32)]
PyQUDA INFO: DOING SRC GAUSSIAN SMEARING
PyQUDA INFO: SOURCE GAUSSIAN SMEAR: 0.8143274320027558 secs
PyQUDA INFO: RELOADING GAUGE
PyQUDA INFO: RELOADING GAUGE: 0.260949037008686 secs
PyQUDA INFO: SOLVING DIRAC EQ
GCR: Convergence at 17 iterations, n = 0, L2 relative residual: iterated = 3.252928e-11, true = 3.252928e-11 (requested = 1.000000e-10)
GCR: Convergence at 17 iterations, n = 1, L2 relative residual: iterated = 1.421765e-11, true = 1.421765e-11 (requested = 1.000000e-10)
GCR: Convergence at 17 iterations, n = 2, L2 relative residual: iterated = 3.652734e-11, true = 3.652734e-11 (requested = 1.000000e-10)
GCR: Convergence at 17 iterations, n = 3, L2 relative residual: iterated = 3.246226e-11, true = 3.246226e-11 (requested = 1.000000e-10)
GCR: Convergence at 17 iterations, n = 4, L2 relative residual: iterated = 3.703763e-11, true = 3.703763e-11 (requested = 1.000000e-10)
GCR: Convergence at 17 iterations, n = 5, L2 relative residual: iterated = 3.473728e-11, true = 3.473728e-11 (requested = 1.000000e-10)
GCR: Convergence at 17 iterations, n = 6, L2 relative residual: iterated = 3.570924e-11, true = 3.570924e-11 (requested = 1.000000e-10)
GCR: Convergence at 17 iterations, n = 7, L2 relative residual: iterated = 5.965761e-11, true = 5.965761e-11 (requested = 1.000000e-10)
GCR: Convergence at 17 iterations, n = 8, L2 relative residual: iterated = 5.131796e-11, true = 5.131796e-11 (requested = 1.000000e-10)
GCR: Convergence at 17 iterations, n = 9, L2 relative residual: iterated = 5.306534e-11, true = 5.306534e-11 (requested = 1.000000e-10)
GCR: Convergence at 17 iterations, n = 10, L2 relative residual: iterated = 3.992943e-11, true = 3.992943e-11 (requested = 1.000000e-10)
GCR: Convergence at 17 iterations, n = 11, L2 relative residual: iterated = 2.811035e-11, true = 2.811035e-11 (requested = 1.000000e-10)
PyQUDA INFO: Time = 1.650 secs, Performance = 14445.695 GFLOPS
GCR: Convergence at 17 iterations, n = 0, L2 relative residual: iterated = 6.531856e-11, true = 6.531856e-11 (requested = 1.000000e-10)
GCR: Convergence at 17 iterations, n = 1, L2 relative residual: iterated = 4.043435e-11, true = 4.043435e-11 (requested = 1.000000e-10)
GCR: Convergence at 17 iterations, n = 2, L2 relative residual: iterated = 4.201541e-11, true = 4.201541e-11 (requested = 1.000000e-10)
GCR: Convergence at 17 iterations, n = 3, L2 relative residual: iterated = 3.345240e-11, true = 3.345240e-11 (requested = 1.000000e-10)
GCR: Convergence at 17 iterations, n = 4, L2 relative residual: iterated = 6.219731e-11, true = 6.219731e-11 (requested = 1.000000e-10)
GCR: Convergence at 17 iterations, n = 5, L2 relative residual: iterated = 3.449241e-11, true = 3.449241e-11 (requested = 1.000000e-10)
GCR: Convergence at 17 iterations, n = 6, L2 relative residual: iterated = 2.973170e-11, true = 2.973170e-11 (requested = 1.000000e-10)
GCR: Convergence at 17 iterations, n = 7, L2 relative residual: iterated = 5.482243e-11, true = 5.482243e-11 (requested = 1.000000e-10)
GCR: Convergence at 17 iterations, n = 8, L2 relative residual: iterated = 4.242061e-11, true = 4.242061e-11 (requested = 1.000000e-10)
GCR: Convergence at 17 iterations, n = 9, L2 relative residual: iterated = 6.260205e-11, true = 6.260205e-11 (requested = 1.000000e-10)
GCR: Convergence at 17 iterations, n = 10, L2 relative residual: iterated = 5.891856e-11, true = 5.891856e-11 (requested = 1.000000e-10)
GCR: Convergence at 17 iterations, n = 11, L2 relative residual: iterated = 6.562940e-11, true = 6.562940e-11 (requested = 1.000000e-10)
PyQUDA INFO: Time = 1.678 secs, Performance = 14170.777 GFLOPS
PyQUDA INFO: INVERT 2 propagagors: 3.329343940000399 secs
PyQUDA INFO: DOING SINK GAUSSIAN SMEARING
PyQUDA INFO: SINK GAUSSIAN SMEAR: 0.9608584280067589 secs
PyQUDA INFO: GPU used 44.4 GB, cupy pool 32.8 GB, cupy live 10.1 GB
PyQUDA INFO: CONTRACT ALL: 3.3266390369972214 secs
PyQUDA INFO: UNTIL CONTRACTION: 8.735700123987044 secs
PyQUDA INFO: INNER LOOP STARTS
PyQUDA INFO: SOURCE POSITION = [np.int64(0), np.int64(16), np.int64(0), np.int64(32)]
PyQUDA INFO: DOING SRC GAUSSIAN SMEARING
PyQUDA INFO: SOURCE GAUSSIAN SMEAR: 0.8126881589996628 secs
PyQUDA INFO: RELOADING GAUGE
PyQUDA INFO: RELOADING GAUGE: 0.2624647709890269 secs
PyQUDA INFO: SOLVING DIRAC EQ
GCR: Convergence at 17 iterations, n = 0, L2 relative residual: iterated = 2.822692e-11, true = 2.822692e-11 (requested = 1.000000e-10)
GCR: Convergence at 17 iterations, n = 1, L2 relative residual: iterated = 4.760990e-11, true = 4.760990e-11 (requested = 1.000000e-10)
GCR: Convergence at 17 iterations, n = 2, L2 relative residual: iterated = 4.821301e-11, true = 4.821301e-11 (requested = 1.000000e-10)
GCR: Convergence at 17 iterations, n = 3, L2 relative residual: iterated = 8.246601e-11, true = 8.246601e-11 (requested = 1.000000e-10)
GCR: Convergence at 17 iterations, n = 4, L2 relative residual: iterated = 4.660349e-11, true = 4.660349e-11 (requested = 1.000000e-10)
GCR: Convergence at 17 iterations, n = 5, L2 relative residual: iterated = 6.084271e-11, true = 6.084271e-11 (requested = 1.000000e-10)
GCR: Convergence at 17 iterations, n = 6, L2 relative residual: iterated = 3.298738e-11, true = 3.298738e-11 (requested = 1.000000e-10)
GCR: Convergence at 17 iterations, n = 7, L2 relative residual: iterated = 2.836772e-11, true = 2.836772e-11 (requested = 1.000000e-10)
GCR: Convergence at 17 iterations, n = 8, L2 relative residual: iterated = 4.385658e-11, true = 4.385658e-11 (requested = 1.000000e-10)
GCR: Convergence at 17 iterations, n = 9, L2 relative residual: iterated = 4.097700e-11, true = 4.097700e-11 (requested = 1.000000e-10)
GCR: Convergence at 17 iterations, n = 10, L2 relative residual: iterated = 4.940588e-11, true = 4.940588e-11 (requested = 1.000000e-10)
GCR: Convergence at 17 iterations, n = 11, L2 relative residual: iterated = 4.494494e-11, true = 4.494494e-11 (requested = 1.000000e-10)
PyQUDA INFO: Time = 1.644 secs, Performance = 14453.489 GFLOPS
GCR: Convergence at 17 iterations, n = 0, L2 relative residual: iterated = 3.372604e-11, true = 3.372604e-11 (requested = 1.000000e-10)
GCR: Convergence at 17 iterations, n = 1, L2 relative residual: iterated = 3.159314e-11, true = 3.159314e-11 (requested = 1.000000e-10)
GCR: Convergence at 17 iterations, n = 2, L2 relative residual: iterated = 4.270352e-11, true = 4.270352e-11 (requested = 1.000000e-10)
GCR: Convergence at 17 iterations, n = 3, L2 relative residual: iterated = 4.166510e-11, true = 4.166510e-11 (requested = 1.000000e-10)
GCR: Convergence at 17 iterations, n = 4, L2 relative residual: iterated = 2.714645e-11, true = 2.714645e-11 (requested = 1.000000e-10)
GCR: Convergence at 17 iterations, n = 5, L2 relative residual: iterated = 4.197069e-11, true = 4.197069e-11 (requested = 1.000000e-10)
GCR: Convergence at 17 iterations, n = 6, L2 relative residual: iterated = 4.148342e-11, true = 4.148342e-11 (requested = 1.000000e-10)
GCR: Convergence at 17 iterations, n = 7, L2 relative residual: iterated = 4.132192e-11, true = 4.132192e-11 (requested = 1.000000e-10)
GCR: Convergence at 17 iterations, n = 8, L2 relative residual: iterated = 3.453686e-11, true = 3.453686e-11 (requested = 1.000000e-10)
GCR: Convergence at 17 iterations, n = 9, L2 relative residual: iterated = 3.001270e-11, true = 3.001270e-11 (requested = 1.000000e-10)
GCR: Convergence at 17 iterations, n = 10, L2 relative residual: iterated = 4.188969e-11, true = 4.188969e-11 (requested = 1.000000e-10)
GCR: Convergence at 17 iterations, n = 11, L2 relative residual: iterated = 2.774413e-11, true = 2.774413e-11 (requested = 1.000000e-10)
PyQUDA INFO: Time = 1.667 secs, Performance = 14123.728 GFLOPS
PyQUDA INFO: INVERT 2 propagagors: 3.3141164050030056 secs
PyQUDA INFO: DOING SINK GAUSSIAN SMEARING
PyQUDA INFO: SINK GAUSSIAN SMEAR: 0.9558196300058626 secs
PyQUDA INFO: GPU used 44.4 GB, cupy pool 32.8 GB, cupy live 10.1 GB
PyQUDA INFO: CONTRACT ALL: 3.3272230419970583 secs
PyQUDA INFO: UNTIL CONTRACTION: 8.715241001002141 secs
PyQUDA INFO: INNER LOOP STARTS
PyQUDA INFO: SOURCE POSITION = [np.int64(0), np.int64(16), np.int64(16), np.int64(32)]
PyQUDA INFO: DOING SRC GAUSSIAN SMEARING
PyQUDA INFO: SOURCE GAUSSIAN SMEAR: 0.8191280140017625 secs
PyQUDA INFO: RELOADING GAUGE
PyQUDA INFO: RELOADING GAUGE: 0.2615236609999556 secs
PyQUDA INFO: SOLVING DIRAC EQ
GCR: Convergence at 17 iterations, n = 0, L2 relative residual: iterated = 5.405011e-11, true = 5.405011e-11 (requested = 1.000000e-10)
GCR: Convergence at 17 iterations, n = 1, L2 relative residual: iterated = 3.441076e-11, true = 3.441076e-11 (requested = 1.000000e-10)
GCR: Convergence at 17 iterations, n = 2, L2 relative residual: iterated = 4.251402e-11, true = 4.251402e-11 (requested = 1.000000e-10)
GCR: Convergence at 17 iterations, n = 3, L2 relative residual: iterated = 4.092515e-11, true = 4.092515e-11 (requested = 1.000000e-10)
GCR: Convergence at 17 iterations, n = 4, L2 relative residual: iterated = 7.423876e-11, true = 7.423876e-11 (requested = 1.000000e-10)
GCR: Convergence at 17 iterations, n = 5, L2 relative residual: iterated = 3.795694e-11, true = 3.795694e-11 (requested = 1.000000e-10)
GCR: Convergence at 17 iterations, n = 6, L2 relative residual: iterated = 4.636445e-11, true = 4.636445e-11 (requested = 1.000000e-10)
GCR: Convergence at 17 iterations, n = 7, L2 relative residual: iterated = 4.119918e-11, true = 4.119918e-11 (requested = 1.000000e-10)
GCR: Convergence at 17 iterations, n = 8, L2 relative residual: iterated = 2.923485e-11, true = 2.923485e-11 (requested = 1.000000e-10)
GCR: Convergence at 17 iterations, n = 9, L2 relative residual: iterated = 2.960929e-11, true = 2.960929e-11 (requested = 1.000000e-10)
GCR: Convergence at 17 iterations, n = 10, L2 relative residual: iterated = 5.023239e-11, true = 5.023239e-11 (requested = 1.000000e-10)
GCR: Convergence at 17 iterations, n = 11, L2 relative residual: iterated = 6.130776e-11, true = 6.130776e-11 (requested = 1.000000e-10)
PyQUDA INFO: Time = 1.645 secs, Performance = 14450.848 GFLOPS
GCR: Convergence at 17 iterations, n = 0, L2 relative residual: iterated = 6.220492e-11, true = 6.220492e-11 (requested = 1.000000e-10)
GCR: Convergence at 17 iterations, n = 1, L2 relative residual: iterated = 3.263999e-11, true = 3.263999e-11 (requested = 1.000000e-10)
GCR: Convergence at 17 iterations, n = 2, L2 relative residual: iterated = 4.901415e-11, true = 4.901415e-11 (requested = 1.000000e-10)
GCR: Convergence at 17 iterations, n = 3, L2 relative residual: iterated = 3.116954e-11, true = 3.116954e-11 (requested = 1.000000e-10)
GCR: Convergence at 17 iterations, n = 4, L2 relative residual: iterated = 4.340165e-11, true = 4.340165e-11 (requested = 1.000000e-10)
GCR: Convergence at 17 iterations, n = 5, L2 relative residual: iterated = 3.131527e-11, true = 3.131527e-11 (requested = 1.000000e-10)
GCR: Convergence at 17 iterations, n = 6, L2 relative residual: iterated = 4.321912e-11, true = 4.321912e-11 (requested = 1.000000e-10)
GCR: Convergence at 17 iterations, n = 7, L2 relative residual: iterated = 4.362813e-11, true = 4.362813e-11 (requested = 1.000000e-10)
GCR: Convergence at 17 iterations, n = 8, L2 relative residual: iterated = 4.942133e-11, true = 4.942133e-11 (requested = 1.000000e-10)
GCR: Convergence at 17 iterations, n = 9, L2 relative residual: iterated = 3.347312e-11, true = 3.347312e-11 (requested = 1.000000e-10)
GCR: Convergence at 17 iterations, n = 10, L2 relative residual: iterated = 3.001186e-11, true = 3.001186e-11 (requested = 1.000000e-10)
GCR: Convergence at 17 iterations, n = 11, L2 relative residual: iterated = 4.500629e-11, true = 4.500629e-11 (requested = 1.000000e-10)
PyQUDA INFO: Time = 1.678 secs, Performance = 14158.338 GFLOPS
PyQUDA INFO: INVERT 2 propagagors: 3.325573437992716 secs
PyQUDA INFO: DOING SINK GAUSSIAN SMEARING
PyQUDA INFO: SINK GAUSSIAN SMEAR: 0.8238354359928053 secs
PyQUDA INFO: GPU used 44.4 GB, cupy pool 32.8 GB, cupy live 10.1 GB
PyQUDA INFO: CONTRACT ALL: 3.325696327010519 secs
PyQUDA INFO: UNTIL CONTRACTION: 8.598901068995474 secs
PyQUDA INFO: INNER LOOP STARTS
PyQUDA INFO: SOURCE POSITION = [np.int64(16), np.int64(0), np.int64(0), np.int64(32)]
PyQUDA INFO: DOING SRC GAUSSIAN SMEARING
PyQUDA INFO: SOURCE GAUSSIAN SMEAR: 0.8104754319938365 secs
PyQUDA INFO: RELOADING GAUGE
PyQUDA INFO: RELOADING GAUGE: 0.25187252899922896 secs
PyQUDA INFO: SOLVING DIRAC EQ
GCR: Convergence at 17 iterations, n = 0, L2 relative residual: iterated = 3.487206e-11, true = 3.487206e-11 (requested = 1.000000e-10)
GCR: Convergence at 17 iterations, n = 1, L2 relative residual: iterated = 3.672879e-11, true = 3.672879e-11 (requested = 1.000000e-10)
GCR: Convergence at 17 iterations, n = 2, L2 relative residual: iterated = 4.050095e-11, true = 4.050095e-11 (requested = 1.000000e-10)
GCR: Convergence at 17 iterations, n = 3, L2 relative residual: iterated = 4.182143e-11, true = 4.182143e-11 (requested = 1.000000e-10)
GCR: Convergence at 17 iterations, n = 4, L2 relative residual: iterated = 2.475692e-11, true = 2.475692e-11 (requested = 1.000000e-10)
GCR: Convergence at 17 iterations, n = 5, L2 relative residual: iterated = 2.927510e-11, true = 2.927510e-11 (requested = 1.000000e-10)
GCR: Convergence at 17 iterations, n = 6, L2 relative residual: iterated = 9.678207e-11, true = 9.678207e-11 (requested = 1.000000e-10)
GCR: Convergence at 17 iterations, n = 7, L2 relative residual: iterated = 5.492603e-11, true = 5.492603e-11 (requested = 1.000000e-10)
GCR: Convergence at 17 iterations, n = 8, L2 relative residual: iterated = 7.532019e-11, true = 7.532019e-11 (requested = 1.000000e-10)
GCR: Convergence at 17 iterations, n = 9, L2 relative residual: iterated = 4.871623e-11, true = 4.871623e-11 (requested = 1.000000e-10)
GCR: Convergence at 17 iterations, n = 10, L2 relative residual: iterated = 7.127451e-11, true = 7.127451e-11 (requested = 1.000000e-10)
GCR: Convergence at 17 iterations, n = 11, L2 relative residual: iterated = 8.560912e-11, true = 8.560912e-11 (requested = 1.000000e-10)
PyQUDA INFO: Time = 1.645 secs, Performance = 14473.169 GFLOPS
GCR: Convergence at 17 iterations, n = 0, L2 relative residual: iterated = 2.905213e-11, true = 2.905213e-11 (requested = 1.000000e-10)
GCR: Convergence at 17 iterations, n = 1, L2 relative residual: iterated = 3.104384e-11, true = 3.104384e-11 (requested = 1.000000e-10)
GCR: Convergence at 17 iterations, n = 2, L2 relative residual: iterated = 2.267204e-11, true = 2.267204e-11 (requested = 1.000000e-10)
GCR: Convergence at 17 iterations, n = 3, L2 relative residual: iterated = 2.117893e-11, true = 2.117893e-11 (requested = 1.000000e-10)
GCR: Convergence at 17 iterations, n = 4, L2 relative residual: iterated = 3.578472e-11, true = 3.578472e-11 (requested = 1.000000e-10)
GCR: Convergence at 17 iterations, n = 5, L2 relative residual: iterated = 2.855818e-11, true = 2.855818e-11 (requested = 1.000000e-10)
GCR: Convergence at 17 iterations, n = 6, L2 relative residual: iterated = 2.814293e-11, true = 2.814293e-11 (requested = 1.000000e-10)
GCR: Convergence at 17 iterations, n = 7, L2 relative residual: iterated = 7.380587e-11, true = 7.380587e-11 (requested = 1.000000e-10)
GCR: Convergence at 17 iterations, n = 8, L2 relative residual: iterated = 5.312641e-11, true = 5.312641e-11 (requested = 1.000000e-10)
GCR: Convergence at 17 iterations, n = 9, L2 relative residual: iterated = 3.935992e-11, true = 3.935992e-11 (requested = 1.000000e-10)
GCR: Convergence at 17 iterations, n = 10, L2 relative residual: iterated = 6.047362e-11, true = 6.047362e-11 (requested = 1.000000e-10)
GCR: Convergence at 17 iterations, n = 11, L2 relative residual: iterated = 5.693496e-11, true = 5.693496e-11 (requested = 1.000000e-10)
PyQUDA INFO: Time = 1.676 secs, Performance = 14187.217 GFLOPS
PyQUDA INFO: INVERT 2 propagagors: 3.3226857480040053 secs
PyQUDA INFO: DOING SINK GAUSSIAN SMEARING
PyQUDA INFO: SINK GAUSSIAN SMEAR: 0.8251255020004464 secs
PyQUDA INFO: GPU used 44.4 GB, cupy pool 32.8 GB, cupy live 10.1 GB
PyQUDA INFO: CONTRACT ALL: 3.3271847819996765 secs
PyQUDA INFO: UNTIL CONTRACTION: 8.580555464999634 secs
PyQUDA INFO: INNER LOOP STARTS
PyQUDA INFO: SOURCE POSITION = [np.int64(16), np.int64(0), np.int64(16), np.int64(32)]
PyQUDA INFO: DOING SRC GAUSSIAN SMEARING
PyQUDA INFO: SOURCE GAUSSIAN SMEAR: 0.8109180370083777 secs
PyQUDA INFO: RELOADING GAUGE
PyQUDA INFO: RELOADING GAUGE: 0.25206979698850773 secs
PyQUDA INFO: SOLVING DIRAC EQ
GCR: Convergence at 17 iterations, n = 0, L2 relative residual: iterated = 3.483661e-11, true = 3.483661e-11 (requested = 1.000000e-10)
GCR: Convergence at 17 iterations, n = 1, L2 relative residual: iterated = 4.375157e-11, true = 4.375157e-11 (requested = 1.000000e-10)
GCR: Convergence at 17 iterations, n = 2, L2 relative residual: iterated = 7.798921e-11, true = 7.798921e-11 (requested = 1.000000e-10)
GCR: Convergence at 17 iterations, n = 3, L2 relative residual: iterated = 3.856412e-11, true = 3.856412e-11 (requested = 1.000000e-10)
GCR: Convergence at 17 iterations, n = 4, L2 relative residual: iterated = 8.488088e-11, true = 8.488088e-11 (requested = 1.000000e-10)
GCR: Convergence at 17 iterations, n = 5, L2 relative residual: iterated = 2.059355e-11, true = 2.059355e-11 (requested = 1.000000e-10)
GCR: Convergence at 17 iterations, n = 6, L2 relative residual: iterated = 4.094889e-11, true = 4.094889e-11 (requested = 1.000000e-10)
GCR: Convergence at 17 iterations, n = 7, L2 relative residual: iterated = 4.268500e-11, true = 4.268500e-11 (requested = 1.000000e-10)
GCR: Convergence at 17 iterations, n = 8, L2 relative residual: iterated = 4.550263e-11, true = 4.550263e-11 (requested = 1.000000e-10)
GCR: Convergence at 17 iterations, n = 9, L2 relative residual: iterated = 4.282559e-11, true = 4.282559e-11 (requested = 1.000000e-10)
GCR: Convergence at 17 iterations, n = 10, L2 relative residual: iterated = 4.056509e-11, true = 4.056509e-11 (requested = 1.000000e-10)
GCR: Convergence at 17 iterations, n = 11, L2 relative residual: iterated = 4.002013e-11, true = 4.002013e-11 (requested = 1.000000e-10)
PyQUDA INFO: Time = 1.645 secs, Performance = 14456.103 GFLOPS
GCR: Convergence at 17 iterations, n = 0, L2 relative residual: iterated = 3.611922e-11, true = 3.611922e-11 (requested = 1.000000e-10)
GCR: Convergence at 17 iterations, n = 1, L2 relative residual: iterated = 3.877818e-11, true = 3.877818e-11 (requested = 1.000000e-10)
GCR: Convergence at 17 iterations, n = 2, L2 relative residual: iterated = 9.366081e-11, true = 9.366081e-11 (requested = 1.000000e-10)
GCR: Convergence at 17 iterations, n = 3, L2 relative residual: iterated = 4.341857e-11, true = 4.341857e-11 (requested = 1.000000e-10)
GCR: Convergence at 17 iterations, n = 4, L2 relative residual: iterated = 9.373900e-11, true = 9.373900e-11 (requested = 1.000000e-10)
GCR: Convergence at 17 iterations, n = 5, L2 relative residual: iterated = 4.882096e-11, true = 4.882096e-11 (requested = 1.000000e-10)
GCR: Convergence at 17 iterations, n = 6, L2 relative residual: iterated = 4.404309e-11, true = 4.404309e-11 (requested = 1.000000e-10)
GCR: Convergence at 17 iterations, n = 7, L2 relative residual: iterated = 4.611406e-11, true = 4.611406e-11 (requested = 1.000000e-10)
GCR: Convergence at 17 iterations, n = 8, L2 relative residual: iterated = 4.819567e-11, true = 4.819567e-11 (requested = 1.000000e-10)
GCR: Convergence at 17 iterations, n = 9, L2 relative residual: iterated = 5.614004e-11, true = 5.614004e-11 (requested = 1.000000e-10)
GCR: Convergence at 17 iterations, n = 10, L2 relative residual: iterated = 4.940174e-11, true = 4.940174e-11 (requested = 1.000000e-10)
GCR: Convergence at 17 iterations, n = 11, L2 relative residual: iterated = 5.531887e-11, true = 5.531887e-11 (requested = 1.000000e-10)
PyQUDA INFO: Time = 1.676 secs, Performance = 14180.667 GFLOPS
PyQUDA INFO: INVERT 2 propagagors: 3.32235285101342 secs
PyQUDA INFO: DOING SINK GAUSSIAN SMEARING
PyQUDA INFO: SINK GAUSSIAN SMEAR: 0.9621473849983886 secs
PyQUDA INFO: GPU used 44.4 GB, cupy pool 32.8 GB, cupy live 10.1 GB
PyQUDA INFO: CONTRACT ALL: 3.3259736039908603 secs
PyQUDA INFO: UNTIL CONTRACTION: 8.716965352999978 secs
PyQUDA INFO: INNER LOOP STARTS
PyQUDA INFO: SOURCE POSITION = [np.int64(16), np.int64(16), np.int64(0), np.int64(32)]
PyQUDA INFO: DOING SRC GAUSSIAN SMEARING
PyQUDA INFO: SOURCE GAUSSIAN SMEAR: 0.8127603579923743 secs
PyQUDA INFO: RELOADING GAUGE
PyQUDA INFO: RELOADING GAUGE: 0.26068373999441974 secs
PyQUDA INFO: SOLVING DIRAC EQ
GCR: Convergence at 17 iterations, n = 0, L2 relative residual: iterated = 3.649865e-11, true = 3.649865e-11 (requested = 1.000000e-10)
GCR: Convergence at 17 iterations, n = 1, L2 relative residual: iterated = 2.844935e-11, true = 2.844935e-11 (requested = 1.000000e-10)
GCR: Convergence at 17 iterations, n = 2, L2 relative residual: iterated = 3.348362e-11, true = 3.348362e-11 (requested = 1.000000e-10)
GCR: Convergence at 17 iterations, n = 3, L2 relative residual: iterated = 4.605634e-11, true = 4.605634e-11 (requested = 1.000000e-10)
GCR: Convergence at 17 iterations, n = 4, L2 relative residual: iterated = 4.481673e-11, true = 4.481673e-11 (requested = 1.000000e-10)
GCR: Convergence at 17 iterations, n = 5, L2 relative residual: iterated = 3.671918e-11, true = 3.671918e-11 (requested = 1.000000e-10)
GCR: Convergence at 17 iterations, n = 6, L2 relative residual: iterated = 2.679144e-11, true = 2.679144e-11 (requested = 1.000000e-10)
GCR: Convergence at 17 iterations, n = 7, L2 relative residual: iterated = 3.187139e-11, true = 3.187139e-11 (requested = 1.000000e-10)
GCR: Convergence at 17 iterations, n = 8, L2 relative residual: iterated = 3.651720e-11, true = 3.651720e-11 (requested = 1.000000e-10)
GCR: Convergence at 17 iterations, n = 9, L2 relative residual: iterated = 2.262992e-11, true = 2.262992e-11 (requested = 1.000000e-10)
GCR: Convergence at 17 iterations, n = 10, L2 relative residual: iterated = 3.701866e-11, true = 3.701866e-11 (requested = 1.000000e-10)
GCR: Convergence at 17 iterations, n = 11, L2 relative residual: iterated = 3.197987e-11, true = 3.197987e-11 (requested = 1.000000e-10)
PyQUDA INFO: Time = 1.629 secs, Performance = 14446.083 GFLOPS
GCR: Convergence at 17 iterations, n = 0, L2 relative residual: iterated = 4.391156e-11, true = 4.391156e-11 (requested = 1.000000e-10)
GCR: Convergence at 17 iterations, n = 1, L2 relative residual: iterated = 3.044699e-11, true = 3.044699e-11 (requested = 1.000000e-10)
GCR: Convergence at 17 iterations, n = 2, L2 relative residual: iterated = 2.969103e-11, true = 2.969103e-11 (requested = 1.000000e-10)
GCR: Convergence at 17 iterations, n = 3, L2 relative residual: iterated = 3.144836e-11, true = 3.144836e-11 (requested = 1.000000e-10)
GCR: Convergence at 17 iterations, n = 4, L2 relative residual: iterated = 3.125108e-11, true = 3.125108e-11 (requested = 1.000000e-10)
GCR: Convergence at 17 iterations, n = 5, L2 relative residual: iterated = 2.472395e-11, true = 2.472395e-11 (requested = 1.000000e-10)
GCR: Convergence at 17 iterations, n = 6, L2 relative residual: iterated = 2.837861e-11, true = 2.837861e-11 (requested = 1.000000e-10)
GCR: Convergence at 17 iterations, n = 7, L2 relative residual: iterated = 2.577229e-11, true = 2.577229e-11 (requested = 1.000000e-10)
GCR: Convergence at 17 iterations, n = 8, L2 relative residual: iterated = 3.442817e-11, true = 3.442817e-11 (requested = 1.000000e-10)
GCR: Convergence at 17 iterations, n = 9, L2 relative residual: iterated = 2.922470e-11, true = 2.922470e-11 (requested = 1.000000e-10)
GCR: Convergence at 17 iterations, n = 10, L2 relative residual: iterated = 3.530093e-11, true = 3.530093e-11 (requested = 1.000000e-10)
GCR: Convergence at 17 iterations, n = 11, L2 relative residual: iterated = 2.295364e-11, true = 2.295364e-11 (requested = 1.000000e-10)
PyQUDA INFO: Time = 1.668 secs, Performance = 14108.687 GFLOPS
PyQUDA INFO: INVERT 2 propagagors: 3.2992152950027958 secs
PyQUDA INFO: DOING SINK GAUSSIAN SMEARING
PyQUDA INFO: SINK GAUSSIAN SMEAR: 0.975022144994 secs
PyQUDA INFO: GPU used 44.4 GB, cupy pool 32.8 GB, cupy live 10.1 GB
PyQUDA INFO: CONTRACT ALL: 3.3276360300078522 secs
PyQUDA INFO: UNTIL CONTRACTION: 8.71829972199339 secs
PyQUDA INFO: INNER LOOP STARTS
PyQUDA INFO: SOURCE POSITION = [np.int64(16), np.int64(16), np.int64(16), np.int64(32)]
PyQUDA INFO: DOING SRC GAUSSIAN SMEARING
PyQUDA INFO: SOURCE GAUSSIAN SMEAR: 0.8127613890101202 secs
PyQUDA INFO: RELOADING GAUGE
PyQUDA INFO: RELOADING GAUGE: 0.26105267100501806 secs
PyQUDA INFO: SOLVING DIRAC EQ
GCR: Convergence at 17 iterations, n = 0, L2 relative residual: iterated = 4.028792e-11, true = 4.028792e-11 (requested = 1.000000e-10)
GCR: Convergence at 17 iterations, n = 1, L2 relative residual: iterated = 5.898429e-11, true = 5.898429e-11 (requested = 1.000000e-10)
GCR: Convergence at 17 iterations, n = 2, L2 relative residual: iterated = 2.929343e-11, true = 2.929343e-11 (requested = 1.000000e-10)
GCR: Convergence at 17 iterations, n = 3, L2 relative residual: iterated = 3.890232e-11, true = 3.890232e-11 (requested = 1.000000e-10)
GCR: Convergence at 17 iterations, n = 4, L2 relative residual: iterated = 3.602204e-11, true = 3.602204e-11 (requested = 1.000000e-10)
GCR: Convergence at 17 iterations, n = 5, L2 relative residual: iterated = 4.296210e-11, true = 4.296210e-11 (requested = 1.000000e-10)
GCR: Convergence at 17 iterations, n = 6, L2 relative residual: iterated = 3.680325e-11, true = 3.680325e-11 (requested = 1.000000e-10)
GCR: Convergence at 17 iterations, n = 7, L2 relative residual: iterated = 5.121448e-11, true = 5.121448e-11 (requested = 1.000000e-10)
GCR: Convergence at 17 iterations, n = 8, L2 relative residual: iterated = 2.712272e-11, true = 2.712272e-11 (requested = 1.000000e-10)
GCR: Convergence at 17 iterations, n = 9, L2 relative residual: iterated = 2.729105e-11, true = 2.729105e-11 (requested = 1.000000e-10)
GCR: Convergence at 17 iterations, n = 10, L2 relative residual: iterated = 5.773776e-11, true = 5.773776e-11 (requested = 1.000000e-10)
GCR: Convergence at 17 iterations, n = 11, L2 relative residual: iterated = 2.889594e-11, true = 2.889594e-11 (requested = 1.000000e-10)
PyQUDA INFO: Time = 1.630 secs, Performance = 14416.342 GFLOPS
GCR: Convergence at 17 iterations, n = 0, L2 relative residual: iterated = 3.799358e-11, true = 3.799358e-11 (requested = 1.000000e-10)
GCR: Convergence at 17 iterations, n = 1, L2 relative residual: iterated = 3.124465e-11, true = 3.124465e-11 (requested = 1.000000e-10)
GCR: Convergence at 17 iterations, n = 2, L2 relative residual: iterated = 4.900528e-11, true = 4.900528e-11 (requested = 1.000000e-10)
GCR: Convergence at 17 iterations, n = 3, L2 relative residual: iterated = 3.679906e-11, true = 3.679906e-11 (requested = 1.000000e-10)
GCR: Convergence at 17 iterations, n = 4, L2 relative residual: iterated = 3.494351e-11, true = 3.494351e-11 (requested = 1.000000e-10)
GCR: Convergence at 17 iterations, n = 5, L2 relative residual: iterated = 3.984594e-11, true = 3.984594e-11 (requested = 1.000000e-10)
GCR: Convergence at 17 iterations, n = 6, L2 relative residual: iterated = 4.030918e-11, true = 4.030918e-11 (requested = 1.000000e-10)
GCR: Convergence at 17 iterations, n = 7, L2 relative residual: iterated = 2.569010e-11, true = 2.569010e-11 (requested = 1.000000e-10)
GCR: Convergence at 17 iterations, n = 8, L2 relative residual: iterated = 5.717900e-11, true = 5.717900e-11 (requested = 1.000000e-10)
GCR: Convergence at 17 iterations, n = 9, L2 relative residual: iterated = 3.641588e-11, true = 3.641588e-11 (requested = 1.000000e-10)
GCR: Convergence at 17 iterations, n = 10, L2 relative residual: iterated = 3.670720e-11, true = 3.670720e-11 (requested = 1.000000e-10)
GCR: Convergence at 17 iterations, n = 11, L2 relative residual: iterated = 5.044633e-11, true = 5.044633e-11 (requested = 1.000000e-10)
PyQUDA INFO: Time = 1.667 secs, Performance = 14148.165 GFLOPS
PyQUDA INFO: INVERT 2 propagagors: 3.2988844089995837 secs
PyQUDA INFO: DOING SINK GAUSSIAN SMEARING
PyQUDA INFO: SINK GAUSSIAN SMEAR: 0.9637866569973994 secs
PyQUDA INFO: GPU used 44.4 GB, cupy pool 32.8 GB, cupy live 10.1 GB
PyQUDA INFO: CONTRACT ALL: 3.3256460940028774 secs
PyQUDA INFO: UNTIL CONTRACTION: 8.704986495999037 secs
PyQUDA INFO: INNER LOOP STARTS
PyQUDA INFO: SOURCE POSITION = [np.int64(0), np.int64(0), np.int64(0), np.int64(64)]
PyQUDA INFO: DOING SRC GAUSSIAN SMEARING
PyQUDA INFO: SOURCE GAUSSIAN SMEAR: 0.8142515829968033 secs
PyQUDA INFO: RELOADING GAUGE
PyQUDA INFO: RELOADING GAUGE: 0.26205700999707915 secs
PyQUDA INFO: SOLVING DIRAC EQ
GCR: Convergence at 17 iterations, n = 0, L2 relative residual: iterated = 3.966277e-11, true = 3.966277e-11 (requested = 1.000000e-10)
GCR: Convergence at 17 iterations, n = 1, L2 relative residual: iterated = 5.213159e-11, true = 5.213159e-11 (requested = 1.000000e-10)
GCR: Convergence at 17 iterations, n = 2, L2 relative residual: iterated = 3.388750e-11, true = 3.388750e-11 (requested = 1.000000e-10)
GCR: Convergence at 17 iterations, n = 3, L2 relative residual: iterated = 4.431329e-11, true = 4.431329e-11 (requested = 1.000000e-10)
GCR: Convergence at 17 iterations, n = 4, L2 relative residual: iterated = 3.842829e-11, true = 3.842829e-11 (requested = 1.000000e-10)
GCR: Convergence at 17 iterations, n = 5, L2 relative residual: iterated = 3.362281e-11, true = 3.362281e-11 (requested = 1.000000e-10)
GCR: Convergence at 17 iterations, n = 6, L2 relative residual: iterated = 2.390491e-11, true = 2.390491e-11 (requested = 1.000000e-10)
GCR: Convergence at 17 iterations, n = 7, L2 relative residual: iterated = 3.819994e-11, true = 3.819994e-11 (requested = 1.000000e-10)
GCR: Convergence at 17 iterations, n = 8, L2 relative residual: iterated = 2.436209e-11, true = 2.436209e-11 (requested = 1.000000e-10)
GCR: Convergence at 17 iterations, n = 9, L2 relative residual: iterated = 3.650603e-11, true = 3.650603e-11 (requested = 1.000000e-10)
GCR: Convergence at 17 iterations, n = 10, L2 relative residual: iterated = 3.263331e-11, true = 3.263331e-11 (requested = 1.000000e-10)
GCR: Convergence at 17 iterations, n = 11, L2 relative residual: iterated = 3.171430e-11, true = 3.171430e-11 (requested = 1.000000e-10)
PyQUDA INFO: Time = 1.635 secs, Performance = 14411.961 GFLOPS
GCR: Convergence at 17 iterations, n = 0, L2 relative residual: iterated = 4.507944e-11, true = 4.507944e-11 (requested = 1.000000e-10)
GCR: Convergence at 17 iterations, n = 1, L2 relative residual: iterated = 4.277127e-11, true = 4.277127e-11 (requested = 1.000000e-10)
GCR: Convergence at 17 iterations, n = 2, L2 relative residual: iterated = 3.355969e-11, true = 3.355969e-11 (requested = 1.000000e-10)
GCR: Convergence at 17 iterations, n = 3, L2 relative residual: iterated = 4.584188e-11, true = 4.584188e-11 (requested = 1.000000e-10)
GCR: Convergence at 17 iterations, n = 4, L2 relative residual: iterated = 4.364778e-11, true = 4.364778e-11 (requested = 1.000000e-10)
GCR: Convergence at 17 iterations, n = 5, L2 relative residual: iterated = 4.489372e-11, true = 4.489372e-11 (requested = 1.000000e-10)
GCR: Convergence at 17 iterations, n = 6, L2 relative residual: iterated = 4.083357e-11, true = 4.083357e-11 (requested = 1.000000e-10)
GCR: Convergence at 17 iterations, n = 7, L2 relative residual: iterated = 3.756908e-11, true = 3.756908e-11 (requested = 1.000000e-10)
GCR: Convergence at 17 iterations, n = 8, L2 relative residual: iterated = 4.718316e-11, true = 4.718316e-11 (requested = 1.000000e-10)
GCR: Convergence at 17 iterations, n = 9, L2 relative residual: iterated = 4.015077e-11, true = 4.015077e-11 (requested = 1.000000e-10)
GCR: Convergence at 17 iterations, n = 10, L2 relative residual: iterated = 3.509893e-11, true = 3.509893e-11 (requested = 1.000000e-10)
GCR: Convergence at 17 iterations, n = 11, L2 relative residual: iterated = 3.743491e-11, true = 3.743491e-11 (requested = 1.000000e-10)
PyQUDA INFO: Time = 1.667 secs, Performance = 14132.369 GFLOPS
PyQUDA INFO: INVERT 2 propagagors: 3.303891745992587 secs
PyQUDA INFO: DOING SINK GAUSSIAN SMEARING
PyQUDA INFO: SINK GAUSSIAN SMEAR: 0.9638641360070324 secs
PyQUDA INFO: GPU used 44.4 GB, cupy pool 32.8 GB, cupy live 10.1 GB
PyQUDA INFO: CONTRACT ALL: 3.327163729001768 secs
PyQUDA INFO: UNTIL CONTRACTION: 8.71405787000549 secs
PyQUDA INFO: INNER LOOP STARTS
PyQUDA INFO: SOURCE POSITION = [np.int64(0), np.int64(0), np.int64(16), np.int64(64)]
PyQUDA INFO: DOING SRC GAUSSIAN SMEARING
PyQUDA INFO: SOURCE GAUSSIAN SMEAR: 0.8148924859997351 secs
PyQUDA INFO: RELOADING GAUGE
PyQUDA INFO: RELOADING GAUGE: 0.26253999600885436 secs
PyQUDA INFO: SOLVING DIRAC EQ
GCR: Convergence at 17 iterations, n = 0, L2 relative residual: iterated = 2.577804e-11, true = 2.577804e-11 (requested = 1.000000e-10)
GCR: Convergence at 17 iterations, n = 1, L2 relative residual: iterated = 2.371409e-11, true = 2.371409e-11 (requested = 1.000000e-10)
GCR: Convergence at 17 iterations, n = 2, L2 relative residual: iterated = 2.513502e-11, true = 2.513502e-11 (requested = 1.000000e-10)
GCR: Convergence at 17 iterations, n = 3, L2 relative residual: iterated = 5.449162e-11, true = 5.449162e-11 (requested = 1.000000e-10)
GCR: Convergence at 17 iterations, n = 4, L2 relative residual: iterated = 2.211227e-11, true = 2.211227e-11 (requested = 1.000000e-10)
GCR: Convergence at 17 iterations, n = 5, L2 relative residual: iterated = 2.707824e-11, true = 2.707824e-11 (requested = 1.000000e-10)
GCR: Convergence at 17 iterations, n = 6, L2 relative residual: iterated = 6.710338e-11, true = 6.710338e-11 (requested = 1.000000e-10)
GCR: Convergence at 17 iterations, n = 7, L2 relative residual: iterated = 5.125823e-11, true = 5.125823e-11 (requested = 1.000000e-10)
GCR: Convergence at 17 iterations, n = 8, L2 relative residual: iterated = 3.857797e-11, true = 3.857797e-11 (requested = 1.000000e-10)
GCR: Convergence at 17 iterations, n = 9, L2 relative residual: iterated = 5.103523e-11, true = 5.103523e-11 (requested = 1.000000e-10)
GCR: Convergence at 17 iterations, n = 10, L2 relative residual: iterated = 6.258041e-11, true = 6.258041e-11 (requested = 1.000000e-10)
GCR: Convergence at 17 iterations, n = 11, L2 relative residual: iterated = 5.947193e-11, true = 5.947193e-11 (requested = 1.000000e-10)
PyQUDA INFO: Time = 1.646 secs, Performance = 14438.393 GFLOPS
GCR: Convergence at 17 iterations, n = 0, L2 relative residual: iterated = 2.339185e-11, true = 2.339185e-11 (requested = 1.000000e-10)
GCR: Convergence at 17 iterations, n = 1, L2 relative residual: iterated = 4.819869e-11, true = 4.819869e-11 (requested = 1.000000e-10)
GCR: Convergence at 17 iterations, n = 2, L2 relative residual: iterated = 3.911595e-11, true = 3.911595e-11 (requested = 1.000000e-10)
GCR: Convergence at 17 iterations, n = 3, L2 relative residual: iterated = 2.776692e-11, true = 2.776692e-11 (requested = 1.000000e-10)
GCR: Convergence at 17 iterations, n = 4, L2 relative residual: iterated = 3.360404e-11, true = 3.360404e-11 (requested = 1.000000e-10)
GCR: Convergence at 17 iterations, n = 5, L2 relative residual: iterated = 2.433784e-11, true = 2.433784e-11 (requested = 1.000000e-10)
GCR: Convergence at 17 iterations, n = 6, L2 relative residual: iterated = 7.926780e-11, true = 7.926780e-11 (requested = 1.000000e-10)
GCR: Convergence at 17 iterations, n = 7, L2 relative residual: iterated = 3.970711e-11, true = 3.970711e-11 (requested = 1.000000e-10)
GCR: Convergence at 17 iterations, n = 8, L2 relative residual: iterated = 5.202060e-11, true = 5.202060e-11 (requested = 1.000000e-10)
GCR: Convergence at 17 iterations, n = 9, L2 relative residual: iterated = 3.942308e-11, true = 3.942308e-11 (requested = 1.000000e-10)
GCR: Convergence at 17 iterations, n = 10, L2 relative residual: iterated = 5.379059e-11, true = 5.379059e-11 (requested = 1.000000e-10)
GCR: Convergence at 17 iterations, n = 11, L2 relative residual: iterated = 6.607488e-11, true = 6.607488e-11 (requested = 1.000000e-10)
PyQUDA INFO: Time = 1.679 secs, Performance = 14162.623 GFLOPS
PyQUDA INFO: INVERT 2 propagagors: 3.327305847997195 secs
PyQUDA INFO: DOING SINK GAUSSIAN SMEARING
PyQUDA INFO: SINK GAUSSIAN SMEAR: 0.8355151180003304 secs
PyQUDA INFO: GPU used 44.4 GB, cupy pool 32.8 GB, cupy live 10.1 GB
PyQUDA INFO: CONTRACT ALL: 3.3259333230089396 secs
PyQUDA INFO: UNTIL CONTRACTION: 8.60931602200435 secs
PyQUDA INFO: INNER LOOP STARTS
PyQUDA INFO: SOURCE POSITION = [np.int64(0), np.int64(16), np.int64(0), np.int64(64)]
PyQUDA INFO: DOING SRC GAUSSIAN SMEARING
PyQUDA INFO: SOURCE GAUSSIAN SMEAR: 0.8133153230010066 secs
PyQUDA INFO: RELOADING GAUGE
PyQUDA INFO: RELOADING GAUGE: 0.2605295270041097 secs
PyQUDA INFO: SOLVING DIRAC EQ
GCR: Convergence at 17 iterations, n = 0, L2 relative residual: iterated = 2.719373e-11, true = 2.719373e-11 (requested = 1.000000e-10)
GCR: Convergence at 17 iterations, n = 1, L2 relative residual: iterated = 4.246415e-11, true = 4.246415e-11 (requested = 1.000000e-10)
GCR: Convergence at 17 iterations, n = 2, L2 relative residual: iterated = 3.933426e-11, true = 3.933426e-11 (requested = 1.000000e-10)
GCR: Convergence at 17 iterations, n = 3, L2 relative residual: iterated = 5.604585e-11, true = 5.604585e-11 (requested = 1.000000e-10)
GCR: Convergence at 17 iterations, n = 4, L2 relative residual: iterated = 5.565005e-11, true = 5.565005e-11 (requested = 1.000000e-10)
GCR: Convergence at 17 iterations, n = 5, L2 relative residual: iterated = 6.088835e-11, true = 6.088835e-11 (requested = 1.000000e-10)
GCR: Convergence at 17 iterations, n = 6, L2 relative residual: iterated = 6.563432e-11, true = 6.563432e-11 (requested = 1.000000e-10)
GCR: Convergence at 17 iterations, n = 7, L2 relative residual: iterated = 5.806847e-11, true = 5.806847e-11 (requested = 1.000000e-10)
GCR: Convergence at 17 iterations, n = 8, L2 relative residual: iterated = 5.853965e-11, true = 5.853965e-11 (requested = 1.000000e-10)
GCR: Convergence at 17 iterations, n = 9, L2 relative residual: iterated = 5.518695e-11, true = 5.518695e-11 (requested = 1.000000e-10)
GCR: Convergence at 17 iterations, n = 10, L2 relative residual: iterated = 3.691160e-11, true = 3.691160e-11 (requested = 1.000000e-10)
GCR: Convergence at 17 iterations, n = 11, L2 relative residual: iterated = 6.349327e-11, true = 6.349327e-11 (requested = 1.000000e-10)
PyQUDA INFO: Time = 1.643 secs, Performance = 14480.132 GFLOPS
GCR: Convergence at 17 iterations, n = 0, L2 relative residual: iterated = 4.767797e-11, true = 4.767797e-11 (requested = 1.000000e-10)
GCR: Convergence at 17 iterations, n = 1, L2 relative residual: iterated = 4.457030e-11, true = 4.457030e-11 (requested = 1.000000e-10)
GCR: Convergence at 17 iterations, n = 2, L2 relative residual: iterated = 4.381358e-11, true = 4.381358e-11 (requested = 1.000000e-10)
GCR: Convergence at 17 iterations, n = 3, L2 relative residual: iterated = 5.240491e-11, true = 5.240491e-11 (requested = 1.000000e-10)
GCR: Convergence at 17 iterations, n = 4, L2 relative residual: iterated = 2.944139e-11, true = 2.944139e-11 (requested = 1.000000e-10)
GCR: Convergence at 17 iterations, n = 5, L2 relative residual: iterated = 2.012802e-11, true = 2.012802e-11 (requested = 1.000000e-10)
GCR: Convergence at 17 iterations, n = 6, L2 relative residual: iterated = 4.166506e-11, true = 4.166506e-11 (requested = 1.000000e-10)
GCR: Convergence at 17 iterations, n = 7, L2 relative residual: iterated = 4.986221e-11, true = 4.986221e-11 (requested = 1.000000e-10)
GCR: Convergence at 17 iterations, n = 8, L2 relative residual: iterated = 4.695330e-11, true = 4.695330e-11 (requested = 1.000000e-10)
GCR: Convergence at 17 iterations, n = 9, L2 relative residual: iterated = 5.033415e-11, true = 5.033415e-11 (requested = 1.000000e-10)
GCR: Convergence at 17 iterations, n = 10, L2 relative residual: iterated = 3.812256e-11, true = 3.812256e-11 (requested = 1.000000e-10)
GCR: Convergence at 17 iterations, n = 11, L2 relative residual: iterated = 5.637897e-11, true = 5.637897e-11 (requested = 1.000000e-10)
PyQUDA INFO: Time = 1.671 secs, Performance = 14119.595 GFLOPS
PyQUDA INFO: INVERT 2 propagagors: 3.3155813009943813 secs
PyQUDA INFO: DOING SINK GAUSSIAN SMEARING
PyQUDA INFO: SINK GAUSSIAN SMEAR: 0.8391873689979548 secs
PyQUDA INFO: GPU used 44.4 GB, cupy pool 32.8 GB, cupy live 10.1 GB
PyQUDA INFO: CONTRACT ALL: 3.3271640289895004 secs
PyQUDA INFO: UNTIL CONTRACTION: 8.59928918699734 secs
PyQUDA INFO: INNER LOOP STARTS
PyQUDA INFO: SOURCE POSITION = [np.int64(0), np.int64(16), np.int64(16), np.int64(64)]
PyQUDA INFO: DOING SRC GAUSSIAN SMEARING
PyQUDA INFO: SOURCE GAUSSIAN SMEAR: 0.8146492989908438 secs
PyQUDA INFO: RELOADING GAUGE
PyQUDA INFO: RELOADING GAUGE: 0.26372360200912226 secs
PyQUDA INFO: SOLVING DIRAC EQ
GCR: Convergence at 17 iterations, n = 0, L2 relative residual: iterated = 4.935033e-11, true = 4.935033e-11 (requested = 1.000000e-10)
GCR: Convergence at 17 iterations, n = 1, L2 relative residual: iterated = 2.288858e-11, true = 2.288858e-11 (requested = 1.000000e-10)
GCR: Convergence at 17 iterations, n = 2, L2 relative residual: iterated = 6.428513e-11, true = 6.428513e-11 (requested = 1.000000e-10)
GCR: Convergence at 17 iterations, n = 3, L2 relative residual: iterated = 2.452200e-11, true = 2.452200e-11 (requested = 1.000000e-10)
GCR: Convergence at 17 iterations, n = 4, L2 relative residual: iterated = 5.319682e-11, true = 5.319682e-11 (requested = 1.000000e-10)
GCR: Convergence at 17 iterations, n = 5, L2 relative residual: iterated = 4.412854e-11, true = 4.412854e-11 (requested = 1.000000e-10)
GCR: Convergence at 17 iterations, n = 6, L2 relative residual: iterated = 2.363582e-11, true = 2.363582e-11 (requested = 1.000000e-10)
GCR: Convergence at 17 iterations, n = 7, L2 relative residual: iterated = 3.201146e-11, true = 3.201146e-11 (requested = 1.000000e-10)
GCR: Convergence at 17 iterations, n = 8, L2 relative residual: iterated = 2.705168e-11, true = 2.705168e-11 (requested = 1.000000e-10)
GCR: Convergence at 17 iterations, n = 9, L2 relative residual: iterated = 2.502566e-11, true = 2.502566e-11 (requested = 1.000000e-10)
GCR: Convergence at 17 iterations, n = 10, L2 relative residual: iterated = 2.275529e-11, true = 2.275529e-11 (requested = 1.000000e-10)
GCR: Convergence at 17 iterations, n = 11, L2 relative residual: iterated = 2.208929e-11, true = 2.208929e-11 (requested = 1.000000e-10)
PyQUDA INFO: Time = 1.645 secs, Performance = 14459.102 GFLOPS
GCR: Convergence at 17 iterations, n = 0, L2 relative residual: iterated = 5.936499e-11, true = 5.936499e-11 (requested = 1.000000e-10)
GCR: Convergence at 17 iterations, n = 1, L2 relative residual: iterated = 3.852841e-11, true = 3.852841e-11 (requested = 1.000000e-10)
GCR: Convergence at 17 iterations, n = 2, L2 relative residual: iterated = 7.133758e-11, true = 7.133758e-11 (requested = 1.000000e-10)
GCR: Convergence at 17 iterations, n = 3, L2 relative residual: iterated = 5.162809e-11, true = 5.162809e-11 (requested = 1.000000e-10)
GCR: Convergence at 17 iterations, n = 4, L2 relative residual: iterated = 6.945203e-11, true = 6.945203e-11 (requested = 1.000000e-10)
GCR: Convergence at 17 iterations, n = 5, L2 relative residual: iterated = 3.451124e-11, true = 3.451124e-11 (requested = 1.000000e-10)
GCR: Convergence at 17 iterations, n = 6, L2 relative residual: iterated = 3.515451e-11, true = 3.515451e-11 (requested = 1.000000e-10)
GCR: Convergence at 17 iterations, n = 7, L2 relative residual: iterated = 4.895964e-11, true = 4.895964e-11 (requested = 1.000000e-10)
GCR: Convergence at 17 iterations, n = 8, L2 relative residual: iterated = 2.740596e-11, true = 2.740596e-11 (requested = 1.000000e-10)
GCR: Convergence at 17 iterations, n = 9, L2 relative residual: iterated = 4.269681e-11, true = 4.269681e-11 (requested = 1.000000e-10)
GCR: Convergence at 17 iterations, n = 10, L2 relative residual: iterated = 2.860921e-11, true = 2.860921e-11 (requested = 1.000000e-10)
GCR: Convergence at 17 iterations, n = 11, L2 relative residual: iterated = 3.572331e-11, true = 3.572331e-11 (requested = 1.000000e-10)
PyQUDA INFO: Time = 1.676 secs, Performance = 14155.083 GFLOPS
PyQUDA INFO: INVERT 2 propagagors: 3.323451677992125 secs
PyQUDA INFO: DOING SINK GAUSSIAN SMEARING
PyQUDA INFO: SINK GAUSSIAN SMEAR: 0.961442301995703 secs
PyQUDA INFO: GPU used 44.4 GB, cupy pool 32.8 GB, cupy live 10.1 GB
PyQUDA INFO: CONTRACT ALL: 3.326265178009635 secs
PyQUDA INFO: UNTIL CONTRACTION: 8.732943169001373 secs
PyQUDA INFO: INNER LOOP STARTS
PyQUDA INFO: SOURCE POSITION = [np.int64(16), np.int64(0), np.int64(0), np.int64(64)]
PyQUDA INFO: DOING SRC GAUSSIAN SMEARING
PyQUDA INFO: SOURCE GAUSSIAN SMEAR: 0.8137208089901833 secs
PyQUDA INFO: RELOADING GAUGE
PyQUDA INFO: RELOADING GAUGE: 0.2641143689979799 secs
PyQUDA INFO: SOLVING DIRAC EQ
GCR: Convergence at 17 iterations, n = 0, L2 relative residual: iterated = 3.327424e-11, true = 3.327424e-11 (requested = 1.000000e-10)
GCR: Convergence at 17 iterations, n = 1, L2 relative residual: iterated = 7.874532e-11, true = 7.874532e-11 (requested = 1.000000e-10)
GCR: Convergence at 17 iterations, n = 2, L2 relative residual: iterated = 3.662426e-11, true = 3.662426e-11 (requested = 1.000000e-10)
GCR: Convergence at 17 iterations, n = 3, L2 relative residual: iterated = 7.257123e-11, true = 7.257123e-11 (requested = 1.000000e-10)
GCR: Convergence at 17 iterations, n = 4, L2 relative residual: iterated = 4.063856e-11, true = 4.063856e-11 (requested = 1.000000e-10)
GCR: Convergence at 17 iterations, n = 5, L2 relative residual: iterated = 5.733757e-11, true = 5.733757e-11 (requested = 1.000000e-10)
GCR: Convergence at 17 iterations, n = 6, L2 relative residual: iterated = 2.829039e-11, true = 2.829039e-11 (requested = 1.000000e-10)
GCR: Convergence at 17 iterations, n = 7, L2 relative residual: iterated = 3.991734e-11, true = 3.991734e-11 (requested = 1.000000e-10)
GCR: Convergence at 17 iterations, n = 8, L2 relative residual: iterated = 2.885565e-11, true = 2.885565e-11 (requested = 1.000000e-10)
GCR: Convergence at 17 iterations, n = 9, L2 relative residual: iterated = 3.353058e-11, true = 3.353058e-11 (requested = 1.000000e-10)
GCR: Convergence at 17 iterations, n = 10, L2 relative residual: iterated = 2.498623e-11, true = 2.498623e-11 (requested = 1.000000e-10)
GCR: Convergence at 17 iterations, n = 11, L2 relative residual: iterated = 3.088870e-11, true = 3.088870e-11 (requested = 1.000000e-10)
PyQUDA INFO: Time = 1.650 secs, Performance = 14463.841 GFLOPS
GCR: Convergence at 17 iterations, n = 0, L2 relative residual: iterated = 4.442866e-11, true = 4.442866e-11 (requested = 1.000000e-10)
GCR: Convergence at 17 iterations, n = 1, L2 relative residual: iterated = 9.436057e-11, true = 9.436057e-11 (requested = 1.000000e-10)
GCR: Convergence at 17 iterations, n = 2, L2 relative residual: iterated = 3.546207e-11, true = 3.546207e-11 (requested = 1.000000e-10)
GCR: Convergence at 17 iterations, n = 3, L2 relative residual: iterated = 6.298040e-11, true = 6.298040e-11 (requested = 1.000000e-10)
GCR: Convergence at 17 iterations, n = 4, L2 relative residual: iterated = 2.231090e-11, true = 2.231090e-11 (requested = 1.000000e-10)
GCR: Convergence at 17 iterations, n = 5, L2 relative residual: iterated = 7.116168e-11, true = 7.116168e-11 (requested = 1.000000e-10)
GCR: Convergence at 17 iterations, n = 6, L2 relative residual: iterated = 3.010856e-11, true = 3.010856e-11 (requested = 1.000000e-10)
GCR: Convergence at 17 iterations, n = 7, L2 relative residual: iterated = 3.216800e-11, true = 3.216800e-11 (requested = 1.000000e-10)
GCR: Convergence at 17 iterations, n = 8, L2 relative residual: iterated = 2.985582e-11, true = 2.985582e-11 (requested = 1.000000e-10)
GCR: Convergence at 17 iterations, n = 9, L2 relative residual: iterated = 3.334058e-11, true = 3.334058e-11 (requested = 1.000000e-10)
GCR: Convergence at 17 iterations, n = 10, L2 relative residual: iterated = 2.465830e-11, true = 2.465830e-11 (requested = 1.000000e-10)
GCR: Convergence at 17 iterations, n = 11, L2 relative residual: iterated = 3.049192e-11, true = 3.049192e-11 (requested = 1.000000e-10)
PyQUDA INFO: Time = 1.684 secs, Performance = 14159.742 GFLOPS
PyQUDA INFO: INVERT 2 propagagors: 3.336209333006991 secs
PyQUDA INFO: DOING SINK GAUSSIAN SMEARING
PyQUDA INFO: SINK GAUSSIAN SMEAR: 0.9590205469867215 secs
PyQUDA INFO: GPU used 44.4 GB, cupy pool 32.8 GB, cupy live 10.1 GB
PyQUDA INFO: CONTRACT ALL: 3.327444075010135 secs
PyQUDA INFO: UNTIL CONTRACTION: 8.74372190500435 secs
PyQUDA INFO: INNER LOOP STARTS
PyQUDA INFO: SOURCE POSITION = [np.int64(16), np.int64(0), np.int64(16), np.int64(64)]
PyQUDA INFO: DOING SRC GAUSSIAN SMEARING
PyQUDA INFO: SOURCE GAUSSIAN SMEAR: 0.8099869180005044 secs
PyQUDA INFO: RELOADING GAUGE
PyQUDA INFO: RELOADING GAUGE: 0.2604180280031869 secs
PyQUDA INFO: SOLVING DIRAC EQ
GCR: Convergence at 17 iterations, n = 0, L2 relative residual: iterated = 3.586324e-11, true = 3.586324e-11 (requested = 1.000000e-10)
GCR: Convergence at 17 iterations, n = 1, L2 relative residual: iterated = 3.261384e-11, true = 3.261384e-11 (requested = 1.000000e-10)
GCR: Convergence at 17 iterations, n = 2, L2 relative residual: iterated = 3.526080e-11, true = 3.526080e-11 (requested = 1.000000e-10)
GCR: Convergence at 17 iterations, n = 3, L2 relative residual: iterated = 5.108346e-11, true = 5.108346e-11 (requested = 1.000000e-10)
GCR: Convergence at 17 iterations, n = 4, L2 relative residual: iterated = 3.178390e-11, true = 3.178390e-11 (requested = 1.000000e-10)
GCR: Convergence at 17 iterations, n = 5, L2 relative residual: iterated = 2.719756e-11, true = 2.719756e-11 (requested = 1.000000e-10)
GCR: Convergence at 17 iterations, n = 6, L2 relative residual: iterated = 3.154636e-11, true = 3.154636e-11 (requested = 1.000000e-10)
GCR: Convergence at 17 iterations, n = 7, L2 relative residual: iterated = 2.907720e-11, true = 2.907720e-11 (requested = 1.000000e-10)
GCR: Convergence at 17 iterations, n = 8, L2 relative residual: iterated = 2.378103e-11, true = 2.378103e-11 (requested = 1.000000e-10)
GCR: Convergence at 17 iterations, n = 9, L2 relative residual: iterated = 2.917512e-11, true = 2.917512e-11 (requested = 1.000000e-10)
GCR: Convergence at 17 iterations, n = 10, L2 relative residual: iterated = 3.822445e-11, true = 3.822445e-11 (requested = 1.000000e-10)
GCR: Convergence at 17 iterations, n = 11, L2 relative residual: iterated = 4.312114e-11, true = 4.312114e-11 (requested = 1.000000e-10)
PyQUDA INFO: Time = 1.635 secs, Performance = 14406.911 GFLOPS
GCR: Convergence at 17 iterations, n = 0, L2 relative residual: iterated = 3.637606e-11, true = 3.637606e-11 (requested = 1.000000e-10)
GCR: Convergence at 17 iterations, n = 1, L2 relative residual: iterated = 2.781033e-11, true = 2.781033e-11 (requested = 1.000000e-10)
GCR: Convergence at 17 iterations, n = 2, L2 relative residual: iterated = 4.261684e-11, true = 4.261684e-11 (requested = 1.000000e-10)
GCR: Convergence at 17 iterations, n = 3, L2 relative residual: iterated = 3.473891e-11, true = 3.473891e-11 (requested = 1.000000e-10)
GCR: Convergence at 17 iterations, n = 4, L2 relative residual: iterated = 2.436625e-11, true = 2.436625e-11 (requested = 1.000000e-10)
GCR: Convergence at 17 iterations, n = 5, L2 relative residual: iterated = 4.735334e-11, true = 4.735334e-11 (requested = 1.000000e-10)
GCR: Convergence at 17 iterations, n = 6, L2 relative residual: iterated = 3.637399e-11, true = 3.637399e-11 (requested = 1.000000e-10)
GCR: Convergence at 17 iterations, n = 7, L2 relative residual: iterated = 3.269542e-11, true = 3.269542e-11 (requested = 1.000000e-10)
GCR: Convergence at 17 iterations, n = 8, L2 relative residual: iterated = 3.512224e-11, true = 3.512224e-11 (requested = 1.000000e-10)
GCR: Convergence at 17 iterations, n = 9, L2 relative residual: iterated = 3.894832e-11, true = 3.894832e-11 (requested = 1.000000e-10)
GCR: Convergence at 17 iterations, n = 10, L2 relative residual: iterated = 2.872254e-11, true = 2.872254e-11 (requested = 1.000000e-10)
GCR: Convergence at 17 iterations, n = 11, L2 relative residual: iterated = 4.086604e-11, true = 4.086604e-11 (requested = 1.000000e-10)
PyQUDA INFO: Time = 1.669 secs, Performance = 14112.867 GFLOPS
PyQUDA INFO: INVERT 2 propagagors: 3.306956412998261 secs
PyQUDA INFO: DOING SINK GAUSSIAN SMEARING
PyQUDA INFO: SINK GAUSSIAN SMEAR: 0.8381902190012624 secs
PyQUDA INFO: GPU used 44.4 GB, cupy pool 32.8 GB, cupy live 10.1 GB
PyQUDA INFO: CONTRACT ALL: 3.3259702210052637 secs
PyQUDA INFO: UNTIL CONTRACTION: 8.584125278008287 secs
PyQUDA INFO: INNER LOOP STARTS
PyQUDA INFO: SOURCE POSITION = [np.int64(16), np.int64(16), np.int64(0), np.int64(64)]
PyQUDA INFO: DOING SRC GAUSSIAN SMEARING
PyQUDA INFO: SOURCE GAUSSIAN SMEAR: 0.8128699780063471 secs
PyQUDA INFO: RELOADING GAUGE
PyQUDA INFO: RELOADING GAUGE: 0.2592027499922551 secs
PyQUDA INFO: SOLVING DIRAC EQ
GCR: Convergence at 17 iterations, n = 0, L2 relative residual: iterated = 3.793362e-11, true = 3.793362e-11 (requested = 1.000000e-10)
GCR: Convergence at 17 iterations, n = 1, L2 relative residual: iterated = 6.056387e-11, true = 6.056387e-11 (requested = 1.000000e-10)
GCR: Convergence at 17 iterations, n = 2, L2 relative residual: iterated = 3.632763e-11, true = 3.632763e-11 (requested = 1.000000e-10)
GCR: Convergence at 17 iterations, n = 3, L2 relative residual: iterated = 2.101564e-11, true = 2.101564e-11 (requested = 1.000000e-10)
GCR: Convergence at 17 iterations, n = 4, L2 relative residual: iterated = 3.635277e-11, true = 3.635277e-11 (requested = 1.000000e-10)
GCR: Convergence at 17 iterations, n = 5, L2 relative residual: iterated = 5.356467e-11, true = 5.356467e-11 (requested = 1.000000e-10)
GCR: Convergence at 17 iterations, n = 6, L2 relative residual: iterated = 2.798021e-11, true = 2.798021e-11 (requested = 1.000000e-10)
GCR: Convergence at 17 iterations, n = 7, L2 relative residual: iterated = 4.586263e-11, true = 4.586263e-11 (requested = 1.000000e-10)
GCR: Convergence at 17 iterations, n = 8, L2 relative residual: iterated = 3.938013e-11, true = 3.938013e-11 (requested = 1.000000e-10)
GCR: Convergence at 17 iterations, n = 9, L2 relative residual: iterated = 3.544656e-11, true = 3.544656e-11 (requested = 1.000000e-10)
GCR: Convergence at 17 iterations, n = 10, L2 relative residual: iterated = 3.476708e-11, true = 3.476708e-11 (requested = 1.000000e-10)
GCR: Convergence at 17 iterations, n = 11, L2 relative residual: iterated = 2.756123e-11, true = 2.756123e-11 (requested = 1.000000e-10)
PyQUDA INFO: Time = 1.656 secs, Performance = 14365.373 GFLOPS
GCR: Convergence at 17 iterations, n = 0, L2 relative residual: iterated = 3.704810e-11, true = 3.704810e-11 (requested = 1.000000e-10)
GCR: Convergence at 17 iterations, n = 1, L2 relative residual: iterated = 6.157310e-11, true = 6.157310e-11 (requested = 1.000000e-10)
GCR: Convergence at 17 iterations, n = 2, L2 relative residual: iterated = 3.458029e-11, true = 3.458029e-11 (requested = 1.000000e-10)
GCR: Convergence at 17 iterations, n = 3, L2 relative residual: iterated = 4.196417e-11, true = 4.196417e-11 (requested = 1.000000e-10)
GCR: Convergence at 17 iterations, n = 4, L2 relative residual: iterated = 5.689540e-11, true = 5.689540e-11 (requested = 1.000000e-10)
GCR: Convergence at 17 iterations, n = 5, L2 relative residual: iterated = 4.975001e-11, true = 4.975001e-11 (requested = 1.000000e-10)
GCR: Convergence at 17 iterations, n = 6, L2 relative residual: iterated = 4.950865e-11, true = 4.950865e-11 (requested = 1.000000e-10)
GCR: Convergence at 17 iterations, n = 7, L2 relative residual: iterated = 2.355411e-11, true = 2.355411e-11 (requested = 1.000000e-10)
GCR: Convergence at 17 iterations, n = 8, L2 relative residual: iterated = 6.787259e-11, true = 6.787259e-11 (requested = 1.000000e-10)
GCR: Convergence at 17 iterations, n = 9, L2 relative residual: iterated = 5.085365e-11, true = 5.085365e-11 (requested = 1.000000e-10)
GCR: Convergence at 17 iterations, n = 10, L2 relative residual: iterated = 2.614862e-11, true = 2.614862e-11 (requested = 1.000000e-10)
GCR: Convergence at 17 iterations, n = 11, L2 relative residual: iterated = 3.485371e-11, true = 3.485371e-11 (requested = 1.000000e-10)
PyQUDA INFO: Time = 1.681 secs, Performance = 14162.343 GFLOPS
PyQUDA INFO: INVERT 2 propagagors: 3.3396917979989666 secs
PyQUDA INFO: DOING SINK GAUSSIAN SMEARING
PyQUDA INFO: SINK GAUSSIAN SMEAR: 0.8291711000056239 secs
PyQUDA INFO: GPU used 44.4 GB, cupy pool 32.8 GB, cupy live 10.1 GB
PyQUDA INFO: CONTRACT ALL: 3.3268373659957433 secs
PyQUDA INFO: UNTIL CONTRACTION: 8.610783848009305 secs
PyQUDA INFO: INNER LOOP STARTS
PyQUDA INFO: SOURCE POSITION = [np.int64(16), np.int64(16), np.int64(16), np.int64(64)]
PyQUDA INFO: DOING SRC GAUSSIAN SMEARING
PyQUDA INFO: SOURCE GAUSSIAN SMEAR: 0.816009677000693 secs
PyQUDA INFO: RELOADING GAUGE
PyQUDA INFO: RELOADING GAUGE: 0.2614594920014497 secs
PyQUDA INFO: SOLVING DIRAC EQ
GCR: Convergence at 17 iterations, n = 0, L2 relative residual: iterated = 4.789411e-11, true = 4.789411e-11 (requested = 1.000000e-10)
GCR: Convergence at 17 iterations, n = 1, L2 relative residual: iterated = 4.263273e-11, true = 4.263273e-11 (requested = 1.000000e-10)
GCR: Convergence at 17 iterations, n = 2, L2 relative residual: iterated = 2.658606e-11, true = 2.658606e-11 (requested = 1.000000e-10)
GCR: Convergence at 17 iterations, n = 3, L2 relative residual: iterated = 3.343193e-11, true = 3.343193e-11 (requested = 1.000000e-10)
GCR: Convergence at 17 iterations, n = 4, L2 relative residual: iterated = 3.937243e-11, true = 3.937243e-11 (requested = 1.000000e-10)
GCR: Convergence at 17 iterations, n = 5, L2 relative residual: iterated = 4.363484e-11, true = 4.363484e-11 (requested = 1.000000e-10)
GCR: Convergence at 17 iterations, n = 6, L2 relative residual: iterated = 9.198691e-11, true = 9.198691e-11 (requested = 1.000000e-10)
GCR: Convergence at 17 iterations, n = 7, L2 relative residual: iterated = 4.200261e-11, true = 4.200261e-11 (requested = 1.000000e-10)
GCR: Convergence at 17 iterations, n = 8, L2 relative residual: iterated = 9.089327e-11, true = 9.089327e-11 (requested = 1.000000e-10)
GCR: Convergence at 17 iterations, n = 9, L2 relative residual: iterated = 7.196621e-11, true = 7.196621e-11 (requested = 1.000000e-10)
GCR: Convergence at 17 iterations, n = 10, L2 relative residual: iterated = 4.625274e-11, true = 4.625274e-11 (requested = 1.000000e-10)
GCR: Convergence at 17 iterations, n = 11, L2 relative residual: iterated = 8.561681e-11, true = 8.561681e-11 (requested = 1.000000e-10)
PyQUDA INFO: Time = 1.630 secs, Performance = 14436.122 GFLOPS
GCR: Convergence at 17 iterations, n = 0, L2 relative residual: iterated = 3.103455e-11, true = 3.103455e-11 (requested = 1.000000e-10)
GCR: Convergence at 17 iterations, n = 1, L2 relative residual: iterated = 4.304094e-11, true = 4.304094e-11 (requested = 1.000000e-10)
GCR: Convergence at 17 iterations, n = 2, L2 relative residual: iterated = 3.028085e-11, true = 3.028085e-11 (requested = 1.000000e-10)
GCR: Convergence at 17 iterations, n = 3, L2 relative residual: iterated = 2.963257e-11, true = 2.963257e-11 (requested = 1.000000e-10)
GCR: Convergence at 17 iterations, n = 4, L2 relative residual: iterated = 2.307108e-11, true = 2.307108e-11 (requested = 1.000000e-10)
GCR: Convergence at 17 iterations, n = 5, L2 relative residual: iterated = 2.673790e-11, true = 2.673790e-11 (requested = 1.000000e-10)
GCR: Convergence at 17 iterations, n = 6, L2 relative residual: iterated = 5.748726e-11, true = 5.748726e-11 (requested = 1.000000e-10)
GCR: Convergence at 17 iterations, n = 7, L2 relative residual: iterated = 3.319138e-11, true = 3.319138e-11 (requested = 1.000000e-10)
GCR: Convergence at 17 iterations, n = 8, L2 relative residual: iterated = 5.124060e-11, true = 5.124060e-11 (requested = 1.000000e-10)
GCR: Convergence at 17 iterations, n = 9, L2 relative residual: iterated = 5.503955e-11, true = 5.503955e-11 (requested = 1.000000e-10)
GCR: Convergence at 17 iterations, n = 10, L2 relative residual: iterated = 4.675020e-11, true = 4.675020e-11 (requested = 1.000000e-10)
GCR: Convergence at 17 iterations, n = 11, L2 relative residual: iterated = 6.437138e-11, true = 6.437138e-11 (requested = 1.000000e-10)
PyQUDA INFO: Time = 1.682 secs, Performance = 14188.445 GFLOPS
PyQUDA INFO: INVERT 2 propagagors: 3.3137945700000273 secs
PyQUDA INFO: DOING SINK GAUSSIAN SMEARING
PyQUDA INFO: SINK GAUSSIAN SMEAR: 0.8395824890030781 secs
PyQUDA INFO: GPU used 44.4 GB, cupy pool 32.8 GB, cupy live 10.1 GB
PyQUDA INFO: CONTRACT ALL: 3.326383364998037 secs
PyQUDA INFO: UNTIL CONTRACTION: 8.600227914997959 secs
PyQUDA INFO: SAVING SECTION:0.5921941200067522 secs
PyQUDA INFO: END CFG #204: GPU used 44.4 GB, cupy pool 32.8 GB, cupy live 10.1 GB
PyQUDA INFO: READ GAUGE #234: 2.9185099210008048 secs
PyQUDA INFO: DOING HYP SMEARING
PyQUDA INFO: plaq_hyp_before = [0.5839709641727673, 0.5839715535147699, 0.5839703748307647]
performGaugeSmearQuda: step 000 plaquette (mean 5.8397096417276728e-01, spatial 5.8397155351476993e-01 temporal 5.8397037483076475e-01) Q charge = -4.6134678849334207e+00
PyQUDA INFO: plaq_hyp_after = [0.946118512451033, 0.946121231807008, 0.9461157930950578]
PyQUDA INFO: HYP SMEAR: 0.6299253199977102 secs
PyQUDA INFO: DOING APE SMEARING
PyQUDA INFO: plaq_ape_before = [0.5839709641727673, 0.5839715535147699, 0.5839703748307647]
performGaugeSmearQuda: step 000 plaquette (mean 5.8397096417276728e-01, spatial 5.8397155351476993e-01 temporal 5.8397037483076475e-01) Q charge = -4.6134678849334207e+00
PyQUDA INFO: plaq_ape_after = [0.8194203507546614, 0.998848126500461, 0.6399925750088618]
PyQUDA INFO: APE SMEAR: 0.6263978659990244 secs
PyQUDA INFO: INNER LOOP STARTS
PyQUDA INFO: SOURCE POSITION = [np.int64(15), np.int64(15), np.int64(15), np.int64(25)]
PyQUDA INFO: DOING SRC GAUSSIAN SMEARING
PyQUDA INFO: SOURCE GAUSSIAN SMEAR: 0.8272797060053563 secs
PyQUDA INFO: RELOADING GAUGE
PyQUDA INFO: RELOADING GAUGE: 0.2521348550071707 secs
PyQUDA INFO: SOLVING DIRAC EQ
GCR: Convergence at 21 iterations, n = 0, L2 relative residual: iterated = 1.536218e-11, true = 1.536218e-11 (requested = 1.000000e-10)
GCR: Convergence at 21 iterations, n = 1, L2 relative residual: iterated = 3.845186e-11, true = 3.845186e-11 (requested = 1.000000e-10)
GCR: Convergence at 21 iterations, n = 2, L2 relative residual: iterated = 9.458258e-12, true = 9.458258e-12 (requested = 1.000000e-10)
GCR: Convergence at 21 iterations, n = 3, L2 relative residual: iterated = 1.078846e-11, true = 1.078846e-11 (requested = 1.000000e-10)
GCR: Convergence at 21 iterations, n = 4, L2 relative residual: iterated = 9.641202e-12, true = 9.641202e-12 (requested = 1.000000e-10)
GCR: Convergence at 21 iterations, n = 5, L2 relative residual: iterated = 1.734062e-11, true = 1.734062e-11 (requested = 1.000000e-10)
GCR: Convergence at 21 iterations, n = 6, L2 relative residual: iterated = 3.349178e-11, true = 3.349178e-11 (requested = 1.000000e-10)
GCR: Convergence at 21 iterations, n = 7, L2 relative residual: iterated = 2.173978e-11, true = 2.173978e-11 (requested = 1.000000e-10)
GCR: Convergence at 21 iterations, n = 8, L2 relative residual: iterated = 2.196939e-11, true = 2.196939e-11 (requested = 1.000000e-10)
GCR: Convergence at 21 iterations, n = 9, L2 relative residual: iterated = 3.044159e-11, true = 3.044159e-11 (requested = 1.000000e-10)
GCR: Convergence at 21 iterations, n = 10, L2 relative residual: iterated = 2.803695e-11, true = 2.803695e-11 (requested = 1.000000e-10)
GCR: Convergence at 21 iterations, n = 11, L2 relative residual: iterated = 1.611328e-11, true = 1.611328e-11 (requested = 1.000000e-10)
PyQUDA INFO: Time = 1.932 secs, Performance = 13900.419 GFLOPS
GCR: Convergence at 20 iterations, n = 0, L2 relative residual: iterated = 5.619148e-11, true = 5.619148e-11 (requested = 1.000000e-10)
GCR: Convergence at 20 iterations, n = 1, L2 relative residual: iterated = 4.664674e-11, true = 4.664674e-11 (requested = 1.000000e-10)
GCR: Convergence at 20 iterations, n = 2, L2 relative residual: iterated = 3.915464e-11, true = 3.915464e-11 (requested = 1.000000e-10)
GCR: Convergence at 20 iterations, n = 3, L2 relative residual: iterated = 8.413059e-11, true = 8.413059e-11 (requested = 1.000000e-10)
GCR: Convergence at 20 iterations, n = 4, L2 relative residual: iterated = 3.352577e-11, true = 3.352577e-11 (requested = 1.000000e-10)
GCR: Convergence at 20 iterations, n = 5, L2 relative residual: iterated = 8.956628e-11, true = 8.956628e-11 (requested = 1.000000e-10)
GCR: Convergence at 20 iterations, n = 6, L2 relative residual: iterated = 6.636807e-11, true = 6.636807e-11 (requested = 1.000000e-10)
GCR: Convergence at 20 iterations, n = 7, L2 relative residual: iterated = 6.715922e-11, true = 6.715922e-11 (requested = 1.000000e-10)
GCR: Convergence at 20 iterations, n = 8, L2 relative residual: iterated = 8.114265e-11, true = 8.114265e-11 (requested = 1.000000e-10)
GCR: Convergence at 20 iterations, n = 9, L2 relative residual: iterated = 7.540309e-11, true = 7.540309e-11 (requested = 1.000000e-10)
GCR: Convergence at 20 iterations, n = 10, L2 relative residual: iterated = 5.837966e-11, true = 5.837966e-11 (requested = 1.000000e-10)
GCR: Convergence at 20 iterations, n = 11, L2 relative residual: iterated = 7.636147e-11, true = 7.636147e-11 (requested = 1.000000e-10)
PyQUDA INFO: Time = 1.782 secs, Performance = 14330.574 GFLOPS
PyQUDA INFO: INVERT 2 propagagors: 3.715558797994163 secs
PyQUDA INFO: DOING SINK GAUSSIAN SMEARING
PyQUDA INFO: SINK GAUSSIAN SMEAR: 0.8328597290092148 secs
PyQUDA INFO: GPU used 44.3 GB, cupy pool 32.8 GB, cupy live 10.1 GB
PyQUDA INFO: CONTRACT ALL: 3.327190130003146 secs
PyQUDA INFO: UNTIL CONTRACTION: 8.998185135991662 secs
PyQUDA INFO: INNER LOOP STARTS
PyQUDA INFO: SOURCE POSITION = [np.int64(15), np.int64(15), np.int64(31), np.int64(25)]
PyQUDA INFO: DOING SRC GAUSSIAN SMEARING
PyQUDA INFO: SOURCE GAUSSIAN SMEAR: 0.810437300009653 secs
PyQUDA INFO: RELOADING GAUGE
PyQUDA INFO: RELOADING GAUGE: 0.2599369840027066 secs
PyQUDA INFO: SOLVING DIRAC EQ
GCR: Convergence at 20 iterations, n = 0, L2 relative residual: iterated = 4.553547e-11, true = 4.553547e-11 (requested = 1.000000e-10)
GCR: Convergence at 20 iterations, n = 1, L2 relative residual: iterated = 7.410356e-11, true = 7.410356e-11 (requested = 1.000000e-10)
GCR: Convergence at 20 iterations, n = 2, L2 relative residual: iterated = 5.800064e-11, true = 5.800064e-11 (requested = 1.000000e-10)
GCR: Convergence at 20 iterations, n = 3, L2 relative residual: iterated = 6.364625e-11, true = 6.364625e-11 (requested = 1.000000e-10)
GCR: Convergence at 20 iterations, n = 4, L2 relative residual: iterated = 6.821387e-11, true = 6.821387e-11 (requested = 1.000000e-10)
GCR: Convergence at 20 iterations, n = 5, L2 relative residual: iterated = 6.813687e-11, true = 6.813687e-11 (requested = 1.000000e-10)
GCR: Convergence at 20 iterations, n = 6, L2 relative residual: iterated = 7.406389e-11, true = 7.406389e-11 (requested = 1.000000e-10)
GCR: Convergence at 20 iterations, n = 7, L2 relative residual: iterated = 6.892686e-11, true = 6.892686e-11 (requested = 1.000000e-10)
GCR: Convergence at 20 iterations, n = 8, L2 relative residual: iterated = 7.336969e-11, true = 7.336969e-11 (requested = 1.000000e-10)
GCR: Convergence at 20 iterations, n = 9, L2 relative residual: iterated = 9.788500e-11, true = 9.788500e-11 (requested = 1.000000e-10)
GCR: Convergence at 20 iterations, n = 10, L2 relative residual: iterated = 6.143136e-11, true = 6.143136e-11 (requested = 1.000000e-10)
GCR: Convergence at 20 iterations, n = 11, L2 relative residual: iterated = 4.083590e-11, true = 4.083590e-11 (requested = 1.000000e-10)
PyQUDA INFO: Time = 1.742 secs, Performance = 14645.794 GFLOPS
GCR: Convergence at 20 iterations, n = 0, L2 relative residual: iterated = 4.551029e-11, true = 4.551029e-11 (requested = 1.000000e-10)
GCR: Convergence at 20 iterations, n = 1, L2 relative residual: iterated = 5.753253e-11, true = 5.753253e-11 (requested = 1.000000e-10)
GCR: Convergence at 20 iterations, n = 2, L2 relative residual: iterated = 6.381418e-11, true = 6.381418e-11 (requested = 1.000000e-10)
GCR: Convergence at 20 iterations, n = 3, L2 relative residual: iterated = 6.248743e-11, true = 6.248743e-11 (requested = 1.000000e-10)
GCR: Convergence at 20 iterations, n = 4, L2 relative residual: iterated = 6.355855e-11, true = 6.355855e-11 (requested = 1.000000e-10)
GCR: Convergence at 20 iterations, n = 5, L2 relative residual: iterated = 6.492880e-11, true = 6.492880e-11 (requested = 1.000000e-10)
GCR: Convergence at 20 iterations, n = 6, L2 relative residual: iterated = 4.686137e-11, true = 4.686137e-11 (requested = 1.000000e-10)
GCR: Convergence at 20 iterations, n = 7, L2 relative residual: iterated = 4.036211e-11, true = 4.036211e-11 (requested = 1.000000e-10)
GCR: Convergence at 20 iterations, n = 8, L2 relative residual: iterated = 7.831246e-11, true = 7.831246e-11 (requested = 1.000000e-10)
GCR: Convergence at 20 iterations, n = 9, L2 relative residual: iterated = 6.951453e-11, true = 6.951453e-11 (requested = 1.000000e-10)
GCR: Convergence at 20 iterations, n = 10, L2 relative residual: iterated = 6.832002e-11, true = 6.832002e-11 (requested = 1.000000e-10)
GCR: Convergence at 20 iterations, n = 11, L2 relative residual: iterated = 5.341691e-11, true = 5.341691e-11 (requested = 1.000000e-10)
PyQUDA INFO: Time = 1.783 secs, Performance = 14312.460 GFLOPS
PyQUDA INFO: INVERT 2 propagagors: 3.5272097999986727 secs
PyQUDA INFO: DOING SINK GAUSSIAN SMEARING
PyQUDA INFO: SINK GAUSSIAN SMEAR: 0.9546943300083512 secs
PyQUDA INFO: GPU used 44.3 GB, cupy pool 32.8 GB, cupy live 10.1 GB
PyQUDA INFO: CONTRACT ALL: 3.3261771609977586 secs
PyQUDA INFO: UNTIL CONTRACTION: 8.921996278004372 secs
PyQUDA INFO: INNER LOOP STARTS
PyQUDA INFO: SOURCE POSITION = [np.int64(15), np.int64(31), np.int64(15), np.int64(25)]
PyQUDA INFO: DOING SRC GAUSSIAN SMEARING
PyQUDA INFO: SOURCE GAUSSIAN SMEAR: 0.8134128079982474 secs
PyQUDA INFO: RELOADING GAUGE
PyQUDA INFO: RELOADING GAUGE: 0.2597231770050712 secs
PyQUDA INFO: SOLVING DIRAC EQ
GCR: Convergence at 20 iterations, n = 0, L2 relative residual: iterated = 4.878673e-11, true = 4.878673e-11 (requested = 1.000000e-10)
GCR: Convergence at 20 iterations, n = 1, L2 relative residual: iterated = 4.760675e-11, true = 4.760675e-11 (requested = 1.000000e-10)
GCR: Convergence at 20 iterations, n = 2, L2 relative residual: iterated = 5.589153e-11, true = 5.589153e-11 (requested = 1.000000e-10)
GCR: Convergence at 20 iterations, n = 3, L2 relative residual: iterated = 4.053447e-11, true = 4.053447e-11 (requested = 1.000000e-10)
GCR: Convergence at 20 iterations, n = 4, L2 relative residual: iterated = 4.439599e-11, true = 4.439599e-11 (requested = 1.000000e-10)
GCR: Convergence at 20 iterations, n = 5, L2 relative residual: iterated = 6.101485e-11, true = 6.101485e-11 (requested = 1.000000e-10)
GCR: Convergence at 20 iterations, n = 6, L2 relative residual: iterated = 4.554259e-11, true = 4.554259e-11 (requested = 1.000000e-10)
GCR: Convergence at 20 iterations, n = 7, L2 relative residual: iterated = 3.116179e-11, true = 3.116179e-11 (requested = 1.000000e-10)
GCR: Convergence at 20 iterations, n = 8, L2 relative residual: iterated = 3.434271e-11, true = 3.434271e-11 (requested = 1.000000e-10)
GCR: Convergence at 20 iterations, n = 9, L2 relative residual: iterated = 3.637974e-11, true = 3.637974e-11 (requested = 1.000000e-10)
GCR: Convergence at 20 iterations, n = 10, L2 relative residual: iterated = 4.065783e-11, true = 4.065783e-11 (requested = 1.000000e-10)
GCR: Convergence at 20 iterations, n = 11, L2 relative residual: iterated = 4.455493e-11, true = 4.455493e-11 (requested = 1.000000e-10)
PyQUDA INFO: Time = 1.753 secs, Performance = 14560.514 GFLOPS
GCR: Convergence at 20 iterations, n = 0, L2 relative residual: iterated = 6.284806e-11, true = 6.284806e-11 (requested = 1.000000e-10)
GCR: Convergence at 20 iterations, n = 1, L2 relative residual: iterated = 3.722553e-11, true = 3.722553e-11 (requested = 1.000000e-10)
GCR: Convergence at 20 iterations, n = 2, L2 relative residual: iterated = 4.148297e-11, true = 4.148297e-11 (requested = 1.000000e-10)
GCR: Convergence at 20 iterations, n = 3, L2 relative residual: iterated = 5.147414e-11, true = 5.147414e-11 (requested = 1.000000e-10)
GCR: Convergence at 20 iterations, n = 4, L2 relative residual: iterated = 4.590911e-11, true = 4.590911e-11 (requested = 1.000000e-10)
GCR: Convergence at 20 iterations, n = 5, L2 relative residual: iterated = 5.344683e-11, true = 5.344683e-11 (requested = 1.000000e-10)
GCR: Convergence at 20 iterations, n = 6, L2 relative residual: iterated = 4.943595e-11, true = 4.943595e-11 (requested = 1.000000e-10)
GCR: Convergence at 20 iterations, n = 7, L2 relative residual: iterated = 3.304329e-11, true = 3.304329e-11 (requested = 1.000000e-10)
GCR: Convergence at 20 iterations, n = 8, L2 relative residual: iterated = 2.701816e-11, true = 2.701816e-11 (requested = 1.000000e-10)
GCR: Convergence at 20 iterations, n = 9, L2 relative residual: iterated = 3.562651e-11, true = 3.562651e-11 (requested = 1.000000e-10)
GCR: Convergence at 20 iterations, n = 10, L2 relative residual: iterated = 5.231259e-11, true = 5.231259e-11 (requested = 1.000000e-10)
GCR: Convergence at 20 iterations, n = 11, L2 relative residual: iterated = 2.079142e-11, true = 2.079142e-11 (requested = 1.000000e-10)
PyQUDA INFO: Time = 1.782 secs, Performance = 14326.272 GFLOPS
PyQUDA INFO: INVERT 2 propagagors: 3.5374326940072933 secs
PyQUDA INFO: DOING SINK GAUSSIAN SMEARING
PyQUDA INFO: SINK GAUSSIAN SMEAR: 0.8349190269946121 secs
PyQUDA INFO: GPU used 44.3 GB, cupy pool 32.8 GB, cupy live 10.1 GB
PyQUDA INFO: CONTRACT ALL: 3.3268248239910463 secs
PyQUDA INFO: UNTIL CONTRACTION: 8.815798144991277 secs
PyQUDA INFO: INNER LOOP STARTS
PyQUDA INFO: SOURCE POSITION = [np.int64(15), np.int64(31), np.int64(31), np.int64(25)]
PyQUDA INFO: DOING SRC GAUSSIAN SMEARING
PyQUDA INFO: SOURCE GAUSSIAN SMEAR: 0.8185167960036779 secs
PyQUDA INFO: RELOADING GAUGE
PyQUDA INFO: RELOADING GAUGE: 0.2590411840064917 secs
PyQUDA INFO: SOLVING DIRAC EQ
GCR: Convergence at 21 iterations, n = 0, L2 relative residual: iterated = 1.436710e-11, true = 1.436710e-11 (requested = 1.000000e-10)
GCR: Convergence at 21 iterations, n = 1, L2 relative residual: iterated = 3.508224e-11, true = 3.508224e-11 (requested = 1.000000e-10)
GCR: Convergence at 21 iterations, n = 2, L2 relative residual: iterated = 2.704769e-11, true = 2.704769e-11 (requested = 1.000000e-10)
GCR: Convergence at 21 iterations, n = 3, L2 relative residual: iterated = 3.030829e-11, true = 3.030829e-11 (requested = 1.000000e-10)
GCR: Convergence at 21 iterations, n = 4, L2 relative residual: iterated = 2.785118e-11, true = 2.785118e-11 (requested = 1.000000e-10)
GCR: Convergence at 21 iterations, n = 5, L2 relative residual: iterated = 2.325408e-11, true = 2.325408e-11 (requested = 1.000000e-10)
GCR: Convergence at 21 iterations, n = 6, L2 relative residual: iterated = 2.194276e-11, true = 2.194276e-11 (requested = 1.000000e-10)
GCR: Convergence at 21 iterations, n = 7, L2 relative residual: iterated = 2.400869e-11, true = 2.400869e-11 (requested = 1.000000e-10)
GCR: Convergence at 21 iterations, n = 8, L2 relative residual: iterated = 1.933432e-11, true = 1.933432e-11 (requested = 1.000000e-10)
GCR: Convergence at 21 iterations, n = 9, L2 relative residual: iterated = 1.271122e-11, true = 1.271122e-11 (requested = 1.000000e-10)
GCR: Convergence at 21 iterations, n = 10, L2 relative residual: iterated = 1.506569e-11, true = 1.506569e-11 (requested = 1.000000e-10)
GCR: Convergence at 21 iterations, n = 11, L2 relative residual: iterated = 2.020627e-11, true = 2.020627e-11 (requested = 1.000000e-10)
PyQUDA INFO: Time = 1.820 secs, Performance = 14738.579 GFLOPS
GCR: Convergence at 20 iterations, n = 0, L2 relative residual: iterated = 3.956978e-11, true = 3.956978e-11 (requested = 1.000000e-10)
GCR: Convergence at 20 iterations, n = 1, L2 relative residual: iterated = 6.635565e-11, true = 6.635565e-11 (requested = 1.000000e-10)
GCR: Convergence at 20 iterations, n = 2, L2 relative residual: iterated = 7.756436e-11, true = 7.756436e-11 (requested = 1.000000e-10)
GCR: Convergence at 20 iterations, n = 3, L2 relative residual: iterated = 9.768432e-11, true = 9.768432e-11 (requested = 1.000000e-10)
GCR: Convergence at 20 iterations, n = 4, L2 relative residual: iterated = 3.211184e-11, true = 3.211184e-11 (requested = 1.000000e-10)
GCR: Convergence at 20 iterations, n = 5, L2 relative residual: iterated = 5.216617e-11, true = 5.216617e-11 (requested = 1.000000e-10)
GCR: Convergence at 20 iterations, n = 6, L2 relative residual: iterated = 4.545997e-11, true = 4.545997e-11 (requested = 1.000000e-10)
GCR: Convergence at 20 iterations, n = 7, L2 relative residual: iterated = 3.925869e-11, true = 3.925869e-11 (requested = 1.000000e-10)
GCR: Convergence at 20 iterations, n = 8, L2 relative residual: iterated = 4.265815e-11, true = 4.265815e-11 (requested = 1.000000e-10)
GCR: Convergence at 20 iterations, n = 9, L2 relative residual: iterated = 4.657951e-11, true = 4.657951e-11 (requested = 1.000000e-10)
GCR: Convergence at 20 iterations, n = 10, L2 relative residual: iterated = 4.318226e-11, true = 4.318226e-11 (requested = 1.000000e-10)
GCR: Convergence at 20 iterations, n = 11, L2 relative residual: iterated = 5.116475e-11, true = 5.116475e-11 (requested = 1.000000e-10)
PyQUDA INFO: Time = 1.778 secs, Performance = 14354.117 GFLOPS
PyQUDA INFO: INVERT 2 propagagors: 3.600795793987345 secs
PyQUDA INFO: DOING SINK GAUSSIAN SMEARING
PyQUDA INFO: SINK GAUSSIAN SMEAR: 0.9680533929931698 secs
PyQUDA INFO: GPU used 44.3 GB, cupy pool 32.8 GB, cupy live 10.1 GB
PyQUDA INFO: CONTRACT ALL: 3.3256692860013572 secs
PyQUDA INFO: UNTIL CONTRACTION: 9.015009463008028 secs
PyQUDA INFO: INNER LOOP STARTS
PyQUDA INFO: SOURCE POSITION = [np.int64(31), np.int64(15), np.int64(15), np.int64(25)]
PyQUDA INFO: DOING SRC GAUSSIAN SMEARING
PyQUDA INFO: SOURCE GAUSSIAN SMEAR: 0.8155102169985184 secs
PyQUDA INFO: RELOADING GAUGE
PyQUDA INFO: RELOADING GAUGE: 0.2591215620050207 secs
PyQUDA INFO: SOLVING DIRAC EQ
GCR: Convergence at 20 iterations, n = 0, L2 relative residual: iterated = 5.098969e-11, true = 5.098969e-11 (requested = 1.000000e-10)
GCR: Convergence at 20 iterations, n = 1, L2 relative residual: iterated = 3.820834e-11, true = 3.820834e-11 (requested = 1.000000e-10)
GCR: Convergence at 20 iterations, n = 2, L2 relative residual: iterated = 3.866418e-11, true = 3.866418e-11 (requested = 1.000000e-10)
GCR: Convergence at 20 iterations, n = 3, L2 relative residual: iterated = 3.431001e-11, true = 3.431001e-11 (requested = 1.000000e-10)
GCR: Convergence at 20 iterations, n = 4, L2 relative residual: iterated = 4.540600e-11, true = 4.540600e-11 (requested = 1.000000e-10)
GCR: Convergence at 20 iterations, n = 5, L2 relative residual: iterated = 5.944711e-11, true = 5.944711e-11 (requested = 1.000000e-10)
GCR: Convergence at 20 iterations, n = 6, L2 relative residual: iterated = 5.201204e-11, true = 5.201204e-11 (requested = 1.000000e-10)
GCR: Convergence at 20 iterations, n = 7, L2 relative residual: iterated = 5.367336e-11, true = 5.367336e-11 (requested = 1.000000e-10)
GCR: Convergence at 20 iterations, n = 8, L2 relative residual: iterated = 7.673089e-11, true = 7.673089e-11 (requested = 1.000000e-10)
GCR: Convergence at 20 iterations, n = 9, L2 relative residual: iterated = 5.008151e-11, true = 5.008151e-11 (requested = 1.000000e-10)
GCR: Convergence at 20 iterations, n = 10, L2 relative residual: iterated = 6.105484e-11, true = 6.105484e-11 (requested = 1.000000e-10)
GCR: Convergence at 20 iterations, n = 11, L2 relative residual: iterated = 7.306865e-11, true = 7.306865e-11 (requested = 1.000000e-10)
PyQUDA INFO: Time = 1.746 secs, Performance = 14630.597 GFLOPS
GCR: Convergence at 20 iterations, n = 0, L2 relative residual: iterated = 5.882823e-11, true = 5.882823e-11 (requested = 1.000000e-10)
GCR: Convergence at 20 iterations, n = 1, L2 relative residual: iterated = 5.127599e-11, true = 5.127599e-11 (requested = 1.000000e-10)
GCR: Convergence at 20 iterations, n = 2, L2 relative residual: iterated = 4.587583e-11, true = 4.587583e-11 (requested = 1.000000e-10)
GCR: Convergence at 20 iterations, n = 3, L2 relative residual: iterated = 4.292223e-11, true = 4.292223e-11 (requested = 1.000000e-10)
GCR: Convergence at 20 iterations, n = 4, L2 relative residual: iterated = 6.078017e-11, true = 6.078017e-11 (requested = 1.000000e-10)
GCR: Convergence at 20 iterations, n = 5, L2 relative residual: iterated = 3.308197e-11, true = 3.308197e-11 (requested = 1.000000e-10)
GCR: Convergence at 20 iterations, n = 6, L2 relative residual: iterated = 7.430633e-11, true = 7.430633e-11 (requested = 1.000000e-10)
GCR: Convergence at 20 iterations, n = 7, L2 relative residual: iterated = 4.699162e-11, true = 4.699162e-11 (requested = 1.000000e-10)
GCR: Convergence at 20 iterations, n = 8, L2 relative residual: iterated = 5.153788e-11, true = 5.153788e-11 (requested = 1.000000e-10)
GCR: Convergence at 20 iterations, n = 9, L2 relative residual: iterated = 6.004096e-11, true = 6.004096e-11 (requested = 1.000000e-10)
GCR: Convergence at 20 iterations, n = 10, L2 relative residual: iterated = 8.718013e-11, true = 8.718013e-11 (requested = 1.000000e-10)
GCR: Convergence at 20 iterations, n = 11, L2 relative residual: iterated = 3.387632e-11, true = 3.387632e-11 (requested = 1.000000e-10)
PyQUDA INFO: Time = 1.779 secs, Performance = 14352.879 GFLOPS
PyQUDA INFO: INVERT 2 propagagors: 3.5269044029992074 secs
PyQUDA INFO: DOING SINK GAUSSIAN SMEARING
PyQUDA INFO: SINK GAUSSIAN SMEAR: 0.9671468610031297 secs
PyQUDA INFO: GPU used 44.3 GB, cupy pool 32.8 GB, cupy live 10.1 GB
PyQUDA INFO: CONTRACT ALL: 3.326569486001972 secs
PyQUDA INFO: UNTIL CONTRACTION: 8.938057050007046 secs
PyQUDA INFO: INNER LOOP STARTS
PyQUDA INFO: SOURCE POSITION = [np.int64(31), np.int64(15), np.int64(31), np.int64(25)]
PyQUDA INFO: DOING SRC GAUSSIAN SMEARING
PyQUDA INFO: SOURCE GAUSSIAN SMEAR: 0.8179708499956178 secs
PyQUDA INFO: RELOADING GAUGE
PyQUDA INFO: RELOADING GAUGE: 0.2617599799996242 secs
PyQUDA INFO: SOLVING DIRAC EQ
GCR: Convergence at 21 iterations, n = 0, L2 relative residual: iterated = 1.959655e-11, true = 1.959655e-11 (requested = 1.000000e-10)
GCR: Convergence at 21 iterations, n = 1, L2 relative residual: iterated = 2.274332e-11, true = 2.274332e-11 (requested = 1.000000e-10)
GCR: Convergence at 21 iterations, n = 2, L2 relative residual: iterated = 2.879813e-11, true = 2.879813e-11 (requested = 1.000000e-10)
GCR: Convergence at 21 iterations, n = 3, L2 relative residual: iterated = 1.785646e-11, true = 1.785646e-11 (requested = 1.000000e-10)
GCR: Convergence at 21 iterations, n = 4, L2 relative residual: iterated = 3.375370e-11, true = 3.375370e-11 (requested = 1.000000e-10)
GCR: Convergence at 21 iterations, n = 5, L2 relative residual: iterated = 2.179146e-11, true = 2.179146e-11 (requested = 1.000000e-10)
GCR: Convergence at 21 iterations, n = 6, L2 relative residual: iterated = 2.762909e-11, true = 2.762909e-11 (requested = 1.000000e-10)
GCR: Convergence at 21 iterations, n = 7, L2 relative residual: iterated = 3.910899e-11, true = 3.910899e-11 (requested = 1.000000e-10)
GCR: Convergence at 21 iterations, n = 8, L2 relative residual: iterated = 2.677393e-11, true = 2.677393e-11 (requested = 1.000000e-10)
GCR: Convergence at 21 iterations, n = 9, L2 relative residual: iterated = 2.352730e-11, true = 2.352730e-11 (requested = 1.000000e-10)
GCR: Convergence at 21 iterations, n = 10, L2 relative residual: iterated = 2.583096e-11, true = 2.583096e-11 (requested = 1.000000e-10)
GCR: Convergence at 21 iterations, n = 11, L2 relative residual: iterated = 3.163750e-11, true = 3.163750e-11 (requested = 1.000000e-10)
PyQUDA INFO: Time = 1.824 secs, Performance = 14708.877 GFLOPS
GCR: Convergence at 20 iterations, n = 0, L2 relative residual: iterated = 5.438636e-11, true = 5.438636e-11 (requested = 1.000000e-10)
GCR: Convergence at 20 iterations, n = 1, L2 relative residual: iterated = 2.704940e-11, true = 2.704940e-11 (requested = 1.000000e-10)
GCR: Convergence at 20 iterations, n = 2, L2 relative residual: iterated = 2.851910e-11, true = 2.851910e-11 (requested = 1.000000e-10)
GCR: Convergence at 20 iterations, n = 3, L2 relative residual: iterated = 4.334883e-11, true = 4.334883e-11 (requested = 1.000000e-10)
GCR: Convergence at 20 iterations, n = 4, L2 relative residual: iterated = 3.454058e-11, true = 3.454058e-11 (requested = 1.000000e-10)
GCR: Convergence at 20 iterations, n = 5, L2 relative residual: iterated = 3.747625e-11, true = 3.747625e-11 (requested = 1.000000e-10)
GCR: Convergence at 20 iterations, n = 6, L2 relative residual: iterated = 4.686326e-11, true = 4.686326e-11 (requested = 1.000000e-10)
GCR: Convergence at 20 iterations, n = 7, L2 relative residual: iterated = 4.873880e-11, true = 4.873880e-11 (requested = 1.000000e-10)
GCR: Convergence at 20 iterations, n = 8, L2 relative residual: iterated = 4.792498e-11, true = 4.792498e-11 (requested = 1.000000e-10)
GCR: Convergence at 20 iterations, n = 9, L2 relative residual: iterated = 5.413417e-11, true = 5.413417e-11 (requested = 1.000000e-10)
GCR: Convergence at 20 iterations, n = 10, L2 relative residual: iterated = 3.644659e-11, true = 3.644659e-11 (requested = 1.000000e-10)
GCR: Convergence at 20 iterations, n = 11, L2 relative residual: iterated = 7.018061e-11, true = 7.018061e-11 (requested = 1.000000e-10)
PyQUDA INFO: Time = 1.784 secs, Performance = 14322.637 GFLOPS
PyQUDA INFO: INVERT 2 propagagors: 3.610389376000967 secs
PyQUDA INFO: DOING SINK GAUSSIAN SMEARING
PyQUDA INFO: SINK GAUSSIAN SMEAR: 0.96850395599904 secs
PyQUDA INFO: GPU used 44.3 GB, cupy pool 32.8 GB, cupy live 10.1 GB
PyQUDA INFO: CONTRACT ALL: 3.32581149500038 secs
PyQUDA INFO: UNTIL CONTRACTION: 9.027498436000315 secs
PyQUDA INFO: INNER LOOP STARTS
PyQUDA INFO: SOURCE POSITION = [np.int64(31), np.int64(31), np.int64(15), np.int64(25)]
PyQUDA INFO: DOING SRC GAUSSIAN SMEARING
PyQUDA INFO: SOURCE GAUSSIAN SMEAR: 0.8161832199984929 secs
PyQUDA INFO: RELOADING GAUGE
PyQUDA INFO: RELOADING GAUGE: 0.2538908800052013 secs
PyQUDA INFO: SOLVING DIRAC EQ
GCR: Convergence at 20 iterations, n = 0, L2 relative residual: iterated = 4.479733e-11, true = 4.479733e-11 (requested = 1.000000e-10)
GCR: Convergence at 20 iterations, n = 1, L2 relative residual: iterated = 5.864247e-11, true = 5.864247e-11 (requested = 1.000000e-10)
GCR: Convergence at 20 iterations, n = 2, L2 relative residual: iterated = 7.190330e-11, true = 7.190330e-11 (requested = 1.000000e-10)
GCR: Convergence at 20 iterations, n = 3, L2 relative residual: iterated = 4.536089e-11, true = 4.536089e-11 (requested = 1.000000e-10)
GCR: Convergence at 20 iterations, n = 4, L2 relative residual: iterated = 6.043957e-11, true = 6.043957e-11 (requested = 1.000000e-10)
GCR: Convergence at 20 iterations, n = 5, L2 relative residual: iterated = 5.506768e-11, true = 5.506768e-11 (requested = 1.000000e-10)
GCR: Convergence at 20 iterations, n = 6, L2 relative residual: iterated = 4.130548e-11, true = 4.130548e-11 (requested = 1.000000e-10)
GCR: Convergence at 20 iterations, n = 7, L2 relative residual: iterated = 4.402290e-11, true = 4.402290e-11 (requested = 1.000000e-10)
GCR: Convergence at 20 iterations, n = 8, L2 relative residual: iterated = 3.024646e-11, true = 3.024646e-11 (requested = 1.000000e-10)
GCR: Convergence at 20 iterations, n = 9, L2 relative residual: iterated = 4.200758e-11, true = 4.200758e-11 (requested = 1.000000e-10)
GCR: Convergence at 20 iterations, n = 10, L2 relative residual: iterated = 5.389023e-11, true = 5.389023e-11 (requested = 1.000000e-10)
GCR: Convergence at 20 iterations, n = 11, L2 relative residual: iterated = 5.285224e-11, true = 5.285224e-11 (requested = 1.000000e-10)
PyQUDA INFO: Time = 1.745 secs, Performance = 14625.647 GFLOPS
GCR: Convergence at 20 iterations, n = 0, L2 relative residual: iterated = 5.559604e-11, true = 5.559604e-11 (requested = 1.000000e-10)
GCR: Convergence at 20 iterations, n = 1, L2 relative residual: iterated = 5.987790e-11, true = 5.987790e-11 (requested = 1.000000e-10)
GCR: Convergence at 20 iterations, n = 2, L2 relative residual: iterated = 4.689155e-11, true = 4.689155e-11 (requested = 1.000000e-10)
GCR: Convergence at 20 iterations, n = 3, L2 relative residual: iterated = 4.496630e-11, true = 4.496630e-11 (requested = 1.000000e-10)
GCR: Convergence at 20 iterations, n = 4, L2 relative residual: iterated = 7.237025e-11, true = 7.237025e-11 (requested = 1.000000e-10)
GCR: Convergence at 20 iterations, n = 5, L2 relative residual: iterated = 4.284742e-11, true = 4.284742e-11 (requested = 1.000000e-10)
GCR: Convergence at 20 iterations, n = 6, L2 relative residual: iterated = 3.793684e-11, true = 3.793684e-11 (requested = 1.000000e-10)
GCR: Convergence at 20 iterations, n = 7, L2 relative residual: iterated = 3.047780e-11, true = 3.047780e-11 (requested = 1.000000e-10)
GCR: Convergence at 20 iterations, n = 8, L2 relative residual: iterated = 3.671556e-11, true = 3.671556e-11 (requested = 1.000000e-10)
GCR: Convergence at 20 iterations, n = 9, L2 relative residual: iterated = 3.217583e-11, true = 3.217583e-11 (requested = 1.000000e-10)
GCR: Convergence at 20 iterations, n = 10, L2 relative residual: iterated = 3.589940e-11, true = 3.589940e-11 (requested = 1.000000e-10)
GCR: Convergence at 20 iterations, n = 11, L2 relative residual: iterated = 3.460762e-11, true = 3.460762e-11 (requested = 1.000000e-10)
PyQUDA INFO: Time = 1.780 secs, Performance = 14347.194 GFLOPS
PyQUDA INFO: INVERT 2 propagagors: 3.526741377005237 secs
PyQUDA INFO: DOING SINK GAUSSIAN SMEARING
PyQUDA INFO: SINK GAUSSIAN SMEAR: 0.9800090360076865 secs
PyQUDA INFO: GPU used 44.3 GB, cupy pool 32.8 GB, cupy live 10.1 GB
PyQUDA INFO: CONTRACT ALL: 3.3264075279876124 secs
PyQUDA INFO: UNTIL CONTRACTION: 8.946927533004782 secs
PyQUDA INFO: INNER LOOP STARTS
PyQUDA INFO: SOURCE POSITION = [np.int64(31), np.int64(31), np.int64(31), np.int64(25)]
PyQUDA INFO: DOING SRC GAUSSIAN SMEARING
PyQUDA INFO: SOURCE GAUSSIAN SMEAR: 0.8168005129991798 secs
PyQUDA INFO: RELOADING GAUGE
PyQUDA INFO: RELOADING GAUGE: 0.26134245499270037 secs
PyQUDA INFO: SOLVING DIRAC EQ
GCR: Convergence at 20 iterations, n = 0, L2 relative residual: iterated = 2.982896e-11, true = 2.982896e-11 (requested = 1.000000e-10)
GCR: Convergence at 20 iterations, n = 1, L2 relative residual: iterated = 3.771390e-11, true = 3.771390e-11 (requested = 1.000000e-10)
GCR: Convergence at 20 iterations, n = 2, L2 relative residual: iterated = 3.396107e-11, true = 3.396107e-11 (requested = 1.000000e-10)
GCR: Convergence at 20 iterations, n = 3, L2 relative residual: iterated = 2.535156e-11, true = 2.535156e-11 (requested = 1.000000e-10)
GCR: Convergence at 20 iterations, n = 4, L2 relative residual: iterated = 2.975161e-11, true = 2.975161e-11 (requested = 1.000000e-10)
GCR: Convergence at 20 iterations, n = 5, L2 relative residual: iterated = 4.448115e-11, true = 4.448115e-11 (requested = 1.000000e-10)
GCR: Convergence at 20 iterations, n = 6, L2 relative residual: iterated = 4.700554e-11, true = 4.700554e-11 (requested = 1.000000e-10)
GCR: Convergence at 20 iterations, n = 7, L2 relative residual: iterated = 6.102379e-11, true = 6.102379e-11 (requested = 1.000000e-10)
GCR: Convergence at 20 iterations, n = 8, L2 relative residual: iterated = 3.350599e-11, true = 3.350599e-11 (requested = 1.000000e-10)
GCR: Convergence at 20 iterations, n = 9, L2 relative residual: iterated = 3.919675e-11, true = 3.919675e-11 (requested = 1.000000e-10)
GCR: Convergence at 20 iterations, n = 10, L2 relative residual: iterated = 3.689397e-11, true = 3.689397e-11 (requested = 1.000000e-10)
GCR: Convergence at 20 iterations, n = 11, L2 relative residual: iterated = 4.806960e-11, true = 4.806960e-11 (requested = 1.000000e-10)
PyQUDA INFO: Time = 1.750 secs, Performance = 14632.209 GFLOPS
GCR: Convergence at 20 iterations, n = 0, L2 relative residual: iterated = 5.379913e-11, true = 5.379913e-11 (requested = 1.000000e-10)
GCR: Convergence at 20 iterations, n = 1, L2 relative residual: iterated = 5.315178e-11, true = 5.315178e-11 (requested = 1.000000e-10)
GCR: Convergence at 20 iterations, n = 2, L2 relative residual: iterated = 5.095536e-11, true = 5.095536e-11 (requested = 1.000000e-10)
GCR: Convergence at 20 iterations, n = 3, L2 relative residual: iterated = 3.524364e-11, true = 3.524364e-11 (requested = 1.000000e-10)
GCR: Convergence at 20 iterations, n = 4, L2 relative residual: iterated = 4.320872e-11, true = 4.320872e-11 (requested = 1.000000e-10)
GCR: Convergence at 20 iterations, n = 5, L2 relative residual: iterated = 5.024790e-11, true = 5.024790e-11 (requested = 1.000000e-10)
GCR: Convergence at 20 iterations, n = 6, L2 relative residual: iterated = 5.788651e-11, true = 5.788651e-11 (requested = 1.000000e-10)
GCR: Convergence at 20 iterations, n = 7, L2 relative residual: iterated = 5.997439e-11, true = 5.997439e-11 (requested = 1.000000e-10)
GCR: Convergence at 20 iterations, n = 8, L2 relative residual: iterated = 4.649034e-11, true = 4.649034e-11 (requested = 1.000000e-10)
GCR: Convergence at 20 iterations, n = 9, L2 relative residual: iterated = 4.215242e-11, true = 4.215242e-11 (requested = 1.000000e-10)
GCR: Convergence at 20 iterations, n = 10, L2 relative residual: iterated = 4.110228e-11, true = 4.110228e-11 (requested = 1.000000e-10)
GCR: Convergence at 20 iterations, n = 11, L2 relative residual: iterated = 6.584524e-11, true = 6.584524e-11 (requested = 1.000000e-10)
PyQUDA INFO: Time = 1.780 secs, Performance = 14346.404 GFLOPS
PyQUDA INFO: INVERT 2 propagagors: 3.5319867380021606 secs
PyQUDA INFO: DOING SINK GAUSSIAN SMEARING
PyQUDA INFO: SINK GAUSSIAN SMEAR: 0.8333791549957823 secs
PyQUDA INFO: GPU used 44.3 GB, cupy pool 32.8 GB, cupy live 10.1 GB
PyQUDA INFO: CONTRACT ALL: 3.3259963930031518 secs
PyQUDA INFO: UNTIL CONTRACTION: 8.812584223007434 secs
PyQUDA INFO: INNER LOOP STARTS
PyQUDA INFO: SOURCE POSITION = [np.int64(15), np.int64(15), np.int64(15), np.int64(57)]
PyQUDA INFO: DOING SRC GAUSSIAN SMEARING
PyQUDA INFO: SOURCE GAUSSIAN SMEAR: 0.8181588370061945 secs
PyQUDA INFO: RELOADING GAUGE
PyQUDA INFO: RELOADING GAUGE: 0.25203372100077104 secs
PyQUDA INFO: SOLVING DIRAC EQ
GCR: Convergence at 20 iterations, n = 0, L2 relative residual: iterated = 4.438238e-11, true = 4.438238e-11 (requested = 1.000000e-10)
GCR: Convergence at 20 iterations, n = 1, L2 relative residual: iterated = 7.723735e-11, true = 7.723735e-11 (requested = 1.000000e-10)
GCR: Convergence at 20 iterations, n = 2, L2 relative residual: iterated = 5.432351e-11, true = 5.432351e-11 (requested = 1.000000e-10)
GCR: Convergence at 20 iterations, n = 3, L2 relative residual: iterated = 6.285165e-11, true = 6.285165e-11 (requested = 1.000000e-10)
GCR: Convergence at 20 iterations, n = 4, L2 relative residual: iterated = 2.805232e-11, true = 2.805232e-11 (requested = 1.000000e-10)
GCR: Convergence at 20 iterations, n = 5, L2 relative residual: iterated = 6.848105e-11, true = 6.848105e-11 (requested = 1.000000e-10)
GCR: Convergence at 20 iterations, n = 6, L2 relative residual: iterated = 5.688751e-11, true = 5.688751e-11 (requested = 1.000000e-10)
GCR: Convergence at 20 iterations, n = 7, L2 relative residual: iterated = 4.334910e-11, true = 4.334910e-11 (requested = 1.000000e-10)
GCR: Convergence at 20 iterations, n = 8, L2 relative residual: iterated = 4.334690e-11, true = 4.334690e-11 (requested = 1.000000e-10)
GCR: Convergence at 20 iterations, n = 9, L2 relative residual: iterated = 4.633965e-11, true = 4.633965e-11 (requested = 1.000000e-10)
GCR: Convergence at 20 iterations, n = 10, L2 relative residual: iterated = 4.123660e-11, true = 4.123660e-11 (requested = 1.000000e-10)
GCR: Convergence at 20 iterations, n = 11, L2 relative residual: iterated = 5.621389e-11, true = 5.621389e-11 (requested = 1.000000e-10)
PyQUDA INFO: Time = 1.750 secs, Performance = 14598.865 GFLOPS
GCR: Convergence at 20 iterations, n = 0, L2 relative residual: iterated = 3.571771e-11, true = 3.571771e-11 (requested = 1.000000e-10)
GCR: Convergence at 20 iterations, n = 1, L2 relative residual: iterated = 9.221856e-11, true = 9.221856e-11 (requested = 1.000000e-10)
GCR: Convergence at 20 iterations, n = 2, L2 relative residual: iterated = 3.679909e-11, true = 3.679909e-11 (requested = 1.000000e-10)
GCR: Convergence at 20 iterations, n = 3, L2 relative residual: iterated = 4.186078e-11, true = 4.186078e-11 (requested = 1.000000e-10)
GCR: Convergence at 20 iterations, n = 4, L2 relative residual: iterated = 3.667637e-11, true = 3.667637e-11 (requested = 1.000000e-10)
GCR: Convergence at 20 iterations, n = 5, L2 relative residual: iterated = 6.828649e-11, true = 6.828649e-11 (requested = 1.000000e-10)
GCR: Convergence at 20 iterations, n = 6, L2 relative residual: iterated = 5.057793e-11, true = 5.057793e-11 (requested = 1.000000e-10)
GCR: Convergence at 20 iterations, n = 7, L2 relative residual: iterated = 6.725071e-11, true = 6.725071e-11 (requested = 1.000000e-10)
GCR: Convergence at 20 iterations, n = 8, L2 relative residual: iterated = 3.747434e-11, true = 3.747434e-11 (requested = 1.000000e-10)
GCR: Convergence at 20 iterations, n = 9, L2 relative residual: iterated = 3.984647e-11, true = 3.984647e-11 (requested = 1.000000e-10)
GCR: Convergence at 20 iterations, n = 10, L2 relative residual: iterated = 5.012259e-11, true = 5.012259e-11 (requested = 1.000000e-10)
GCR: Convergence at 20 iterations, n = 11, L2 relative residual: iterated = 4.351618e-11, true = 4.351618e-11 (requested = 1.000000e-10)
PyQUDA INFO: Time = 1.777 secs, Performance = 14359.366 GFLOPS
PyQUDA INFO: INVERT 2 propagagors: 3.5291614000016125 secs
PyQUDA INFO: DOING SINK GAUSSIAN SMEARING
PyQUDA INFO: SINK GAUSSIAN SMEAR: 0.9739917239930946 secs
PyQUDA INFO: GPU used 44.3 GB, cupy pool 32.8 GB, cupy live 10.1 GB
PyQUDA INFO: CONTRACT ALL: 3.327642864009249 secs
PyQUDA INFO: UNTIL CONTRACTION: 8.943775250008912 secs
PyQUDA INFO: INNER LOOP STARTS
PyQUDA INFO: SOURCE POSITION = [np.int64(15), np.int64(15), np.int64(31), np.int64(57)]
PyQUDA INFO: DOING SRC GAUSSIAN SMEARING
PyQUDA INFO: SOURCE GAUSSIAN SMEAR: 0.8146818669920322 secs
PyQUDA INFO: RELOADING GAUGE
PyQUDA INFO: RELOADING GAUGE: 0.26038710700231604 secs
PyQUDA INFO: SOLVING DIRAC EQ
GCR: Convergence at 20 iterations, n = 0, L2 relative residual: iterated = 3.942420e-11, true = 3.942420e-11 (requested = 1.000000e-10)
GCR: Convergence at 20 iterations, n = 1, L2 relative residual: iterated = 4.971736e-11, true = 4.971736e-11 (requested = 1.000000e-10)
GCR: Convergence at 20 iterations, n = 2, L2 relative residual: iterated = 7.726593e-11, true = 7.726593e-11 (requested = 1.000000e-10)
GCR: Convergence at 20 iterations, n = 3, L2 relative residual: iterated = 6.678536e-11, true = 6.678536e-11 (requested = 1.000000e-10)
GCR: Convergence at 20 iterations, n = 4, L2 relative residual: iterated = 6.542040e-11, true = 6.542040e-11 (requested = 1.000000e-10)
GCR: Convergence at 20 iterations, n = 5, L2 relative residual: iterated = 4.327331e-11, true = 4.327331e-11 (requested = 1.000000e-10)
GCR: Convergence at 20 iterations, n = 6, L2 relative residual: iterated = 8.473187e-11, true = 8.473187e-11 (requested = 1.000000e-10)
GCR: Convergence at 20 iterations, n = 7, L2 relative residual: iterated = 4.979782e-11, true = 4.979782e-11 (requested = 1.000000e-10)
GCR: Convergence at 20 iterations, n = 8, L2 relative residual: iterated = 4.225927e-11, true = 4.225927e-11 (requested = 1.000000e-10)
GCR: Convergence at 20 iterations, n = 9, L2 relative residual: iterated = 7.195457e-11, true = 7.195457e-11 (requested = 1.000000e-10)
GCR: Convergence at 20 iterations, n = 10, L2 relative residual: iterated = 5.178935e-11, true = 5.178935e-11 (requested = 1.000000e-10)
GCR: Convergence at 20 iterations, n = 11, L2 relative residual: iterated = 8.422987e-11, true = 8.422987e-11 (requested = 1.000000e-10)
PyQUDA INFO: Time = 1.745 secs, Performance = 14626.317 GFLOPS
GCR: Convergence at 20 iterations, n = 0, L2 relative residual: iterated = 2.812713e-11, true = 2.812713e-11 (requested = 1.000000e-10)
GCR: Convergence at 20 iterations, n = 1, L2 relative residual: iterated = 7.005280e-11, true = 7.005280e-11 (requested = 1.000000e-10)
GCR: Convergence at 20 iterations, n = 2, L2 relative residual: iterated = 6.972408e-11, true = 6.972408e-11 (requested = 1.000000e-10)
GCR: Convergence at 20 iterations, n = 3, L2 relative residual: iterated = 5.916396e-11, true = 5.916396e-11 (requested = 1.000000e-10)
GCR: Convergence at 20 iterations, n = 4, L2 relative residual: iterated = 6.402623e-11, true = 6.402623e-11 (requested = 1.000000e-10)
GCR: Convergence at 20 iterations, n = 5, L2 relative residual: iterated = 4.688634e-11, true = 4.688634e-11 (requested = 1.000000e-10)
GCR: Convergence at 20 iterations, n = 6, L2 relative residual: iterated = 7.238013e-11, true = 7.238013e-11 (requested = 1.000000e-10)
GCR: Convergence at 20 iterations, n = 7, L2 relative residual: iterated = 8.371621e-11, true = 8.371621e-11 (requested = 1.000000e-10)
GCR: Convergence at 20 iterations, n = 8, L2 relative residual: iterated = 8.965912e-11, true = 8.965912e-11 (requested = 1.000000e-10)
GCR: Convergence at 20 iterations, n = 9, L2 relative residual: iterated = 6.747449e-11, true = 6.747449e-11 (requested = 1.000000e-10)
GCR: Convergence at 20 iterations, n = 10, L2 relative residual: iterated = 6.160756e-11, true = 6.160756e-11 (requested = 1.000000e-10)
GCR: Convergence at 20 iterations, n = 11, L2 relative residual: iterated = 5.380395e-11, true = 5.380395e-11 (requested = 1.000000e-10)
PyQUDA INFO: Time = 1.785 secs, Performance = 14338.289 GFLOPS
PyQUDA INFO: INVERT 2 propagagors: 3.532528091003769 secs
PyQUDA INFO: DOING SINK GAUSSIAN SMEARING
PyQUDA INFO: SINK GAUSSIAN SMEAR: 0.9700114690058399 secs
PyQUDA INFO: GPU used 44.3 GB, cupy pool 32.8 GB, cupy live 10.1 GB
PyQUDA INFO: CONTRACT ALL: 3.325482547006686 secs
PyQUDA INFO: UNTIL CONTRACTION: 8.946041392002371 secs
PyQUDA INFO: INNER LOOP STARTS
PyQUDA INFO: SOURCE POSITION = [np.int64(15), np.int64(31), np.int64(15), np.int64(57)]
PyQUDA INFO: DOING SRC GAUSSIAN SMEARING
PyQUDA INFO: SOURCE GAUSSIAN SMEAR: 0.8174697539943736 secs
PyQUDA INFO: RELOADING GAUGE
PyQUDA INFO: RELOADING GAUGE: 0.2596918280032696 secs
PyQUDA INFO: SOLVING DIRAC EQ
GCR: Convergence at 20 iterations, n = 0, L2 relative residual: iterated = 4.729455e-11, true = 4.729455e-11 (requested = 1.000000e-10)
GCR: Convergence at 20 iterations, n = 1, L2 relative residual: iterated = 4.382139e-11, true = 4.382139e-11 (requested = 1.000000e-10)
GCR: Convergence at 20 iterations, n = 2, L2 relative residual: iterated = 3.980471e-11, true = 3.980471e-11 (requested = 1.000000e-10)
GCR: Convergence at 20 iterations, n = 3, L2 relative residual: iterated = 3.192966e-11, true = 3.192966e-11 (requested = 1.000000e-10)
GCR: Convergence at 20 iterations, n = 4, L2 relative residual: iterated = 3.260395e-11, true = 3.260395e-11 (requested = 1.000000e-10)
GCR: Convergence at 20 iterations, n = 5, L2 relative residual: iterated = 4.156242e-11, true = 4.156242e-11 (requested = 1.000000e-10)
GCR: Convergence at 20 iterations, n = 6, L2 relative residual: iterated = 5.166257e-11, true = 5.166257e-11 (requested = 1.000000e-10)
GCR: Convergence at 20 iterations, n = 7, L2 relative residual: iterated = 2.924595e-11, true = 2.924595e-11 (requested = 1.000000e-10)
GCR: Convergence at 20 iterations, n = 8, L2 relative residual: iterated = 5.614472e-11, true = 5.614472e-11 (requested = 1.000000e-10)
GCR: Convergence at 20 iterations, n = 9, L2 relative residual: iterated = 4.407409e-11, true = 4.407409e-11 (requested = 1.000000e-10)
GCR: Convergence at 20 iterations, n = 10, L2 relative residual: iterated = 4.483317e-11, true = 4.483317e-11 (requested = 1.000000e-10)
GCR: Convergence at 20 iterations, n = 11, L2 relative residual: iterated = 4.122511e-11, true = 4.122511e-11 (requested = 1.000000e-10)
PyQUDA INFO: Time = 1.747 secs, Performance = 14620.439 GFLOPS
GCR: Convergence at 20 iterations, n = 0, L2 relative residual: iterated = 3.773332e-11, true = 3.773332e-11 (requested = 1.000000e-10)
GCR: Convergence at 20 iterations, n = 1, L2 relative residual: iterated = 3.434406e-11, true = 3.434406e-11 (requested = 1.000000e-10)
GCR: Convergence at 20 iterations, n = 2, L2 relative residual: iterated = 3.291123e-11, true = 3.291123e-11 (requested = 1.000000e-10)
GCR: Convergence at 20 iterations, n = 3, L2 relative residual: iterated = 3.412348e-11, true = 3.412348e-11 (requested = 1.000000e-10)
GCR: Convergence at 20 iterations, n = 4, L2 relative residual: iterated = 4.616804e-11, true = 4.616804e-11 (requested = 1.000000e-10)
GCR: Convergence at 20 iterations, n = 5, L2 relative residual: iterated = 5.406233e-11, true = 5.406233e-11 (requested = 1.000000e-10)
GCR: Convergence at 20 iterations, n = 6, L2 relative residual: iterated = 4.622335e-11, true = 4.622335e-11 (requested = 1.000000e-10)
GCR: Convergence at 20 iterations, n = 7, L2 relative residual: iterated = 3.914091e-11, true = 3.914091e-11 (requested = 1.000000e-10)
GCR: Convergence at 20 iterations, n = 8, L2 relative residual: iterated = 2.520622e-11, true = 2.520622e-11 (requested = 1.000000e-10)
GCR: Convergence at 20 iterations, n = 9, L2 relative residual: iterated = 4.098064e-11, true = 4.098064e-11 (requested = 1.000000e-10)
GCR: Convergence at 20 iterations, n = 10, L2 relative residual: iterated = 4.751641e-11, true = 4.751641e-11 (requested = 1.000000e-10)
GCR: Convergence at 20 iterations, n = 11, L2 relative residual: iterated = 3.285855e-11, true = 3.285855e-11 (requested = 1.000000e-10)
PyQUDA INFO: Time = 1.782 secs, Performance = 14344.311 GFLOPS
PyQUDA INFO: INVERT 2 propagagors: 3.53119358800177 secs
PyQUDA INFO: DOING SINK GAUSSIAN SMEARING
PyQUDA INFO: SINK GAUSSIAN SMEAR: 0.8316994619963225 secs
PyQUDA INFO: GPU used 44.3 GB, cupy pool 32.8 GB, cupy live 10.1 GB
PyQUDA INFO: CONTRACT ALL: 3.3275566889933543 secs
PyQUDA INFO: UNTIL CONTRACTION: 8.811170385000878 secs
PyQUDA INFO: INNER LOOP STARTS
PyQUDA INFO: SOURCE POSITION = [np.int64(15), np.int64(31), np.int64(31), np.int64(57)]
PyQUDA INFO: DOING SRC GAUSSIAN SMEARING
PyQUDA INFO: SOURCE GAUSSIAN SMEAR: 0.8178240799898049 secs
PyQUDA INFO: RELOADING GAUGE
PyQUDA INFO: RELOADING GAUGE: 0.2610921430023154 secs
PyQUDA INFO: SOLVING DIRAC EQ
GCR: Convergence at 20 iterations, n = 0, L2 relative residual: iterated = 5.947570e-11, true = 5.947570e-11 (requested = 1.000000e-10)
GCR: Convergence at 20 iterations, n = 1, L2 relative residual: iterated = 2.826925e-11, true = 2.826925e-11 (requested = 1.000000e-10)
GCR: Convergence at 20 iterations, n = 2, L2 relative residual: iterated = 7.414534e-11, true = 7.414534e-11 (requested = 1.000000e-10)
GCR: Convergence at 20 iterations, n = 3, L2 relative residual: iterated = 4.518548e-11, true = 4.518548e-11 (requested = 1.000000e-10)
GCR: Convergence at 20 iterations, n = 4, L2 relative residual: iterated = 4.599624e-11, true = 4.599624e-11 (requested = 1.000000e-10)
GCR: Convergence at 20 iterations, n = 5, L2 relative residual: iterated = 3.565614e-11, true = 3.565614e-11 (requested = 1.000000e-10)
GCR: Convergence at 20 iterations, n = 6, L2 relative residual: iterated = 7.039559e-11, true = 7.039559e-11 (requested = 1.000000e-10)
GCR: Convergence at 20 iterations, n = 7, L2 relative residual: iterated = 4.990579e-11, true = 4.990579e-11 (requested = 1.000000e-10)
GCR: Convergence at 20 iterations, n = 8, L2 relative residual: iterated = 3.185858e-11, true = 3.185858e-11 (requested = 1.000000e-10)
GCR: Convergence at 20 iterations, n = 9, L2 relative residual: iterated = 2.905624e-11, true = 2.905624e-11 (requested = 1.000000e-10)
GCR: Convergence at 20 iterations, n = 10, L2 relative residual: iterated = 2.391149e-11, true = 2.391149e-11 (requested = 1.000000e-10)
GCR: Convergence at 20 iterations, n = 11, L2 relative residual: iterated = 4.134999e-11, true = 4.134999e-11 (requested = 1.000000e-10)
PyQUDA INFO: Time = 1.748 secs, Performance = 14616.440 GFLOPS
GCR: Convergence at 21 iterations, n = 0, L2 relative residual: iterated = 1.943579e-11, true = 1.943579e-11 (requested = 1.000000e-10)
GCR: Convergence at 21 iterations, n = 1, L2 relative residual: iterated = 2.794584e-11, true = 2.794584e-11 (requested = 1.000000e-10)
GCR: Convergence at 21 iterations, n = 2, L2 relative residual: iterated = 1.577283e-11, true = 1.577283e-11 (requested = 1.000000e-10)
GCR: Convergence at 21 iterations, n = 3, L2 relative residual: iterated = 1.642369e-11, true = 1.642369e-11 (requested = 1.000000e-10)
GCR: Convergence at 21 iterations, n = 4, L2 relative residual: iterated = 3.974493e-11, true = 3.974493e-11 (requested = 1.000000e-10)
GCR: Convergence at 21 iterations, n = 5, L2 relative residual: iterated = 1.762534e-11, true = 1.762534e-11 (requested = 1.000000e-10)
GCR: Convergence at 21 iterations, n = 6, L2 relative residual: iterated = 1.407981e-11, true = 1.407981e-11 (requested = 1.000000e-10)
GCR: Convergence at 21 iterations, n = 7, L2 relative residual: iterated = 1.555343e-11, true = 1.555343e-11 (requested = 1.000000e-10)
GCR: Convergence at 21 iterations, n = 8, L2 relative residual: iterated = 1.187212e-11, true = 1.187212e-11 (requested = 1.000000e-10)
GCR: Convergence at 21 iterations, n = 9, L2 relative residual: iterated = 1.649567e-11, true = 1.649567e-11 (requested = 1.000000e-10)
GCR: Convergence at 21 iterations, n = 10, L2 relative residual: iterated = 1.870622e-11, true = 1.870622e-11 (requested = 1.000000e-10)
GCR: Convergence at 21 iterations, n = 11, L2 relative residual: iterated = 2.623359e-11, true = 2.623359e-11 (requested = 1.000000e-10)
PyQUDA INFO: Time = 1.857 secs, Performance = 14458.111 GFLOPS
PyQUDA INFO: INVERT 2 propagagors: 3.607898854999803 secs
PyQUDA INFO: DOING SINK GAUSSIAN SMEARING
PyQUDA INFO: SINK GAUSSIAN SMEAR: 0.9612821939954301 secs
PyQUDA INFO: GPU used 44.3 GB, cupy pool 32.8 GB, cupy live 10.1 GB
PyQUDA INFO: CONTRACT ALL: 3.3254804930038517 secs
PyQUDA INFO: UNTIL CONTRACTION: 9.016441717001726 secs
PyQUDA INFO: INNER LOOP STARTS
PyQUDA INFO: SOURCE POSITION = [np.int64(31), np.int64(15), np.int64(15), np.int64(57)]
PyQUDA INFO: DOING SRC GAUSSIAN SMEARING
PyQUDA INFO: SOURCE GAUSSIAN SMEAR: 0.8165845329931471 secs
PyQUDA INFO: RELOADING GAUGE
PyQUDA INFO: RELOADING GAUGE: 0.2536098319978919 secs
PyQUDA INFO: SOLVING DIRAC EQ
GCR: Convergence at 20 iterations, n = 0, L2 relative residual: iterated = 3.640709e-11, true = 3.640709e-11 (requested = 1.000000e-10)
GCR: Convergence at 20 iterations, n = 1, L2 relative residual: iterated = 6.411203e-11, true = 6.411203e-11 (requested = 1.000000e-10)
GCR: Convergence at 20 iterations, n = 2, L2 relative residual: iterated = 4.924240e-11, true = 4.924240e-11 (requested = 1.000000e-10)
GCR: Convergence at 20 iterations, n = 3, L2 relative residual: iterated = 3.733178e-11, true = 3.733178e-11 (requested = 1.000000e-10)
GCR: Convergence at 20 iterations, n = 4, L2 relative residual: iterated = 4.722070e-11, true = 4.722070e-11 (requested = 1.000000e-10)
GCR: Convergence at 20 iterations, n = 5, L2 relative residual: iterated = 4.465040e-11, true = 4.465040e-11 (requested = 1.000000e-10)
GCR: Convergence at 20 iterations, n = 6, L2 relative residual: iterated = 2.167725e-11, true = 2.167725e-11 (requested = 1.000000e-10)
GCR: Convergence at 20 iterations, n = 7, L2 relative residual: iterated = 2.096984e-11, true = 2.096984e-11 (requested = 1.000000e-10)
GCR: Convergence at 20 iterations, n = 8, L2 relative residual: iterated = 1.813526e-11, true = 1.813526e-11 (requested = 1.000000e-10)
GCR: Convergence at 20 iterations, n = 9, L2 relative residual: iterated = 2.767494e-11, true = 2.767494e-11 (requested = 1.000000e-10)
GCR: Convergence at 20 iterations, n = 10, L2 relative residual: iterated = 3.837755e-11, true = 3.837755e-11 (requested = 1.000000e-10)
GCR: Convergence at 20 iterations, n = 11, L2 relative residual: iterated = 3.078408e-11, true = 3.078408e-11 (requested = 1.000000e-10)
PyQUDA INFO: Time = 1.748 secs, Performance = 14614.367 GFLOPS
GCR: Convergence at 20 iterations, n = 0, L2 relative residual: iterated = 6.673385e-11, true = 6.673385e-11 (requested = 1.000000e-10)
GCR: Convergence at 20 iterations, n = 1, L2 relative residual: iterated = 3.728364e-11, true = 3.728364e-11 (requested = 1.000000e-10)
GCR: Convergence at 20 iterations, n = 2, L2 relative residual: iterated = 3.519726e-11, true = 3.519726e-11 (requested = 1.000000e-10)
GCR: Convergence at 20 iterations, n = 3, L2 relative residual: iterated = 5.457327e-11, true = 5.457327e-11 (requested = 1.000000e-10)
GCR: Convergence at 20 iterations, n = 4, L2 relative residual: iterated = 2.219483e-11, true = 2.219483e-11 (requested = 1.000000e-10)
GCR: Convergence at 20 iterations, n = 5, L2 relative residual: iterated = 5.176183e-11, true = 5.176183e-11 (requested = 1.000000e-10)
GCR: Convergence at 20 iterations, n = 6, L2 relative residual: iterated = 3.126078e-11, true = 3.126078e-11 (requested = 1.000000e-10)
GCR: Convergence at 20 iterations, n = 7, L2 relative residual: iterated = 2.972498e-11, true = 2.972498e-11 (requested = 1.000000e-10)
GCR: Convergence at 20 iterations, n = 8, L2 relative residual: iterated = 3.300992e-11, true = 3.300992e-11 (requested = 1.000000e-10)
GCR: Convergence at 20 iterations, n = 9, L2 relative residual: iterated = 2.478738e-11, true = 2.478738e-11 (requested = 1.000000e-10)
GCR: Convergence at 20 iterations, n = 10, L2 relative residual: iterated = 2.535379e-11, true = 2.535379e-11 (requested = 1.000000e-10)
GCR: Convergence at 20 iterations, n = 11, L2 relative residual: iterated = 2.284739e-11, true = 2.284739e-11 (requested = 1.000000e-10)
PyQUDA INFO: Time = 1.779 secs, Performance = 14357.984 GFLOPS
PyQUDA INFO: INVERT 2 propagagors: 3.5289278700074647 secs
PyQUDA INFO: DOING SINK GAUSSIAN SMEARING
PyQUDA INFO: SINK GAUSSIAN SMEAR: 0.8333210849959869 secs
PyQUDA INFO: GPU used 44.3 GB, cupy pool 32.8 GB, cupy live 10.1 GB
PyQUDA INFO: CONTRACT ALL: 3.327063315999112 secs
PyQUDA INFO: UNTIL CONTRACTION: 8.80230629099242 secs
PyQUDA INFO: INNER LOOP STARTS
PyQUDA INFO: SOURCE POSITION = [np.int64(31), np.int64(15), np.int64(31), np.int64(57)]
PyQUDA INFO: DOING SRC GAUSSIAN SMEARING
PyQUDA INFO: SOURCE GAUSSIAN SMEAR: 0.8163146760052769 secs
PyQUDA INFO: RELOADING GAUGE
PyQUDA INFO: RELOADING GAUGE: 0.2507239130063681 secs
PyQUDA INFO: SOLVING DIRAC EQ
GCR: Convergence at 20 iterations, n = 0, L2 relative residual: iterated = 4.330760e-11, true = 4.330760e-11 (requested = 1.000000e-10)
GCR: Convergence at 20 iterations, n = 1, L2 relative residual: iterated = 2.601605e-11, true = 2.601605e-11 (requested = 1.000000e-10)
GCR: Convergence at 20 iterations, n = 2, L2 relative residual: iterated = 4.241956e-11, true = 4.241956e-11 (requested = 1.000000e-10)
GCR: Convergence at 20 iterations, n = 3, L2 relative residual: iterated = 4.701124e-11, true = 4.701124e-11 (requested = 1.000000e-10)
GCR: Convergence at 20 iterations, n = 4, L2 relative residual: iterated = 3.842364e-11, true = 3.842364e-11 (requested = 1.000000e-10)
GCR: Convergence at 20 iterations, n = 5, L2 relative residual: iterated = 4.647748e-11, true = 4.647748e-11 (requested = 1.000000e-10)
GCR: Convergence at 20 iterations, n = 6, L2 relative residual: iterated = 2.960729e-11, true = 2.960729e-11 (requested = 1.000000e-10)
GCR: Convergence at 20 iterations, n = 7, L2 relative residual: iterated = 3.601924e-11, true = 3.601924e-11 (requested = 1.000000e-10)
GCR: Convergence at 20 iterations, n = 8, L2 relative residual: iterated = 3.271857e-11, true = 3.271857e-11 (requested = 1.000000e-10)
GCR: Convergence at 20 iterations, n = 9, L2 relative residual: iterated = 5.351799e-11, true = 5.351799e-11 (requested = 1.000000e-10)
GCR: Convergence at 20 iterations, n = 10, L2 relative residual: iterated = 3.190880e-11, true = 3.190880e-11 (requested = 1.000000e-10)
GCR: Convergence at 20 iterations, n = 11, L2 relative residual: iterated = 2.905103e-11, true = 2.905103e-11 (requested = 1.000000e-10)
PyQUDA INFO: Time = 1.787 secs, Performance = 14298.462 GFLOPS
GCR: Convergence at 20 iterations, n = 0, L2 relative residual: iterated = 4.126671e-11, true = 4.126671e-11 (requested = 1.000000e-10)
GCR: Convergence at 20 iterations, n = 1, L2 relative residual: iterated = 4.164805e-11, true = 4.164805e-11 (requested = 1.000000e-10)
GCR: Convergence at 20 iterations, n = 2, L2 relative residual: iterated = 4.469307e-11, true = 4.469307e-11 (requested = 1.000000e-10)
GCR: Convergence at 20 iterations, n = 3, L2 relative residual: iterated = 3.749323e-11, true = 3.749323e-11 (requested = 1.000000e-10)
GCR: Convergence at 20 iterations, n = 4, L2 relative residual: iterated = 2.694340e-11, true = 2.694340e-11 (requested = 1.000000e-10)
GCR: Convergence at 20 iterations, n = 5, L2 relative residual: iterated = 4.605853e-11, true = 4.605853e-11 (requested = 1.000000e-10)
GCR: Convergence at 20 iterations, n = 6, L2 relative residual: iterated = 3.750560e-11, true = 3.750560e-11 (requested = 1.000000e-10)
GCR: Convergence at 20 iterations, n = 7, L2 relative residual: iterated = 4.031846e-11, true = 4.031846e-11 (requested = 1.000000e-10)
GCR: Convergence at 20 iterations, n = 8, L2 relative residual: iterated = 4.427343e-11, true = 4.427343e-11 (requested = 1.000000e-10)
GCR: Convergence at 20 iterations, n = 9, L2 relative residual: iterated = 3.552380e-11, true = 3.552380e-11 (requested = 1.000000e-10)
GCR: Convergence at 20 iterations, n = 10, L2 relative residual: iterated = 2.751379e-11, true = 2.751379e-11 (requested = 1.000000e-10)
GCR: Convergence at 20 iterations, n = 11, L2 relative residual: iterated = 3.522391e-11, true = 3.522391e-11 (requested = 1.000000e-10)
PyQUDA INFO: Time = 1.777 secs, Performance = 14370.425 GFLOPS
PyQUDA INFO: INVERT 2 propagagors: 3.565285312011838 secs
PyQUDA INFO: DOING SINK GAUSSIAN SMEARING
PyQUDA INFO: SINK GAUSSIAN SMEAR: 0.9650722029909957 secs
PyQUDA INFO: GPU used 44.3 GB, cupy pool 32.8 GB, cupy live 10.1 GB
PyQUDA INFO: CONTRACT ALL: 3.325587491999613 secs
PyQUDA INFO: UNTIL CONTRACTION: 8.965629414000432 secs
PyQUDA INFO: INNER LOOP STARTS
PyQUDA INFO: SOURCE POSITION = [np.int64(31), np.int64(31), np.int64(15), np.int64(57)]
PyQUDA INFO: DOING SRC GAUSSIAN SMEARING
PyQUDA INFO: SOURCE GAUSSIAN SMEAR: 0.8170726580137853 secs
PyQUDA INFO: RELOADING GAUGE
PyQUDA INFO: RELOADING GAUGE: 0.25003887999628205 secs
PyQUDA INFO: SOLVING DIRAC EQ
GCR: Convergence at 21 iterations, n = 0, L2 relative residual: iterated = 1.279939e-11, true = 1.279939e-11 (requested = 1.000000e-10)
GCR: Convergence at 21 iterations, n = 1, L2 relative residual: iterated = 1.780988e-11, true = 1.780988e-11 (requested = 1.000000e-10)
GCR: Convergence at 21 iterations, n = 2, L2 relative residual: iterated = 1.422567e-11, true = 1.422567e-11 (requested = 1.000000e-10)
GCR: Convergence at 21 iterations, n = 3, L2 relative residual: iterated = 1.803053e-11, true = 1.803053e-11 (requested = 1.000000e-10)
GCR: Convergence at 21 iterations, n = 4, L2 relative residual: iterated = 1.844087e-11, true = 1.844087e-11 (requested = 1.000000e-10)
GCR: Convergence at 21 iterations, n = 5, L2 relative residual: iterated = 1.211027e-11, true = 1.211027e-11 (requested = 1.000000e-10)
GCR: Convergence at 21 iterations, n = 6, L2 relative residual: iterated = 3.676963e-11, true = 3.676963e-11 (requested = 1.000000e-10)
GCR: Convergence at 21 iterations, n = 7, L2 relative residual: iterated = 1.258142e-11, true = 1.258142e-11 (requested = 1.000000e-10)
GCR: Convergence at 21 iterations, n = 8, L2 relative residual: iterated = 2.069594e-11, true = 2.069594e-11 (requested = 1.000000e-10)
GCR: Convergence at 21 iterations, n = 9, L2 relative residual: iterated = 1.797432e-11, true = 1.797432e-11 (requested = 1.000000e-10)
GCR: Convergence at 21 iterations, n = 10, L2 relative residual: iterated = 1.542397e-11, true = 1.542397e-11 (requested = 1.000000e-10)
GCR: Convergence at 21 iterations, n = 11, L2 relative residual: iterated = 2.920120e-11, true = 2.920120e-11 (requested = 1.000000e-10)
PyQUDA INFO: Time = 1.827 secs, Performance = 14700.216 GFLOPS
GCR: Convergence at 21 iterations, n = 0, L2 relative residual: iterated = 1.511909e-11, true = 1.511909e-11 (requested = 1.000000e-10)
GCR: Convergence at 21 iterations, n = 1, L2 relative residual: iterated = 1.270185e-11, true = 1.270185e-11 (requested = 1.000000e-10)
GCR: Convergence at 21 iterations, n = 2, L2 relative residual: iterated = 2.367106e-11, true = 2.367106e-11 (requested = 1.000000e-10)
GCR: Convergence at 21 iterations, n = 3, L2 relative residual: iterated = 1.490407e-11, true = 1.490407e-11 (requested = 1.000000e-10)
GCR: Convergence at 21 iterations, n = 4, L2 relative residual: iterated = 1.159734e-11, true = 1.159734e-11 (requested = 1.000000e-10)
GCR: Convergence at 21 iterations, n = 5, L2 relative residual: iterated = 9.256098e-12, true = 9.256098e-12 (requested = 1.000000e-10)
GCR: Convergence at 21 iterations, n = 6, L2 relative residual: iterated = 3.705252e-11, true = 3.705252e-11 (requested = 1.000000e-10)
GCR: Convergence at 21 iterations, n = 7, L2 relative residual: iterated = 1.812626e-11, true = 1.812626e-11 (requested = 1.000000e-10)
GCR: Convergence at 21 iterations, n = 8, L2 relative residual: iterated = 2.593684e-11, true = 2.593684e-11 (requested = 1.000000e-10)
GCR: Convergence at 21 iterations, n = 9, L2 relative residual: iterated = 1.686841e-11, true = 1.686841e-11 (requested = 1.000000e-10)
GCR: Convergence at 21 iterations, n = 10, L2 relative residual: iterated = 1.709316e-11, true = 1.709316e-11 (requested = 1.000000e-10)
GCR: Convergence at 21 iterations, n = 11, L2 relative residual: iterated = 2.190316e-11, true = 2.190316e-11 (requested = 1.000000e-10)
PyQUDA INFO: Time = 1.852 secs, Performance = 14495.017 GFLOPS
PyQUDA INFO: INVERT 2 propagagors: 3.680441256990889 secs
PyQUDA INFO: DOING SINK GAUSSIAN SMEARING
PyQUDA INFO: SINK GAUSSIAN SMEAR: 0.837775417996454 secs
PyQUDA INFO: GPU used 44.3 GB, cupy pool 32.8 GB, cupy live 10.1 GB
PyQUDA INFO: CONTRACT ALL: 3.327376112996717 secs
PyQUDA INFO: UNTIL CONTRACTION: 8.956337192008505 secs
PyQUDA INFO: INNER LOOP STARTS
PyQUDA INFO: SOURCE POSITION = [np.int64(31), np.int64(31), np.int64(31), np.int64(57)]
PyQUDA INFO: DOING SRC GAUSSIAN SMEARING
PyQUDA INFO: SOURCE GAUSSIAN SMEAR: 0.8187052410066826 secs
PyQUDA INFO: RELOADING GAUGE
PyQUDA INFO: RELOADING GAUGE: 0.2630074320040876 secs
PyQUDA INFO: SOLVING DIRAC EQ
GCR: Convergence at 20 iterations, n = 0, L2 relative residual: iterated = 4.591340e-11, true = 4.591340e-11 (requested = 1.000000e-10)
GCR: Convergence at 20 iterations, n = 1, L2 relative residual: iterated = 2.176538e-11, true = 2.176538e-11 (requested = 1.000000e-10)
GCR: Convergence at 20 iterations, n = 2, L2 relative residual: iterated = 3.690622e-11, true = 3.690622e-11 (requested = 1.000000e-10)
GCR: Convergence at 20 iterations, n = 3, L2 relative residual: iterated = 3.852945e-11, true = 3.852945e-11 (requested = 1.000000e-10)
GCR: Convergence at 20 iterations, n = 4, L2 relative residual: iterated = 3.932773e-11, true = 3.932773e-11 (requested = 1.000000e-10)
GCR: Convergence at 20 iterations, n = 5, L2 relative residual: iterated = 3.331546e-11, true = 3.331546e-11 (requested = 1.000000e-10)
GCR: Convergence at 20 iterations, n = 6, L2 relative residual: iterated = 6.824326e-11, true = 6.824326e-11 (requested = 1.000000e-10)
GCR: Convergence at 20 iterations, n = 7, L2 relative residual: iterated = 7.803749e-11, true = 7.803749e-11 (requested = 1.000000e-10)
GCR: Convergence at 20 iterations, n = 8, L2 relative residual: iterated = 6.888608e-11, true = 6.888608e-11 (requested = 1.000000e-10)
GCR: Convergence at 20 iterations, n = 9, L2 relative residual: iterated = 4.946634e-11, true = 4.946634e-11 (requested = 1.000000e-10)
GCR: Convergence at 20 iterations, n = 10, L2 relative residual: iterated = 3.677547e-11, true = 3.677547e-11 (requested = 1.000000e-10)
GCR: Convergence at 20 iterations, n = 11, L2 relative residual: iterated = 6.281349e-11, true = 6.281349e-11 (requested = 1.000000e-10)
PyQUDA INFO: Time = 1.747 secs, Performance = 14621.117 GFLOPS
GCR: Convergence at 20 iterations, n = 0, L2 relative residual: iterated = 1.844313e-11, true = 1.844313e-11 (requested = 1.000000e-10)
GCR: Convergence at 20 iterations, n = 1, L2 relative residual: iterated = 2.395802e-11, true = 2.395802e-11 (requested = 1.000000e-10)
GCR: Convergence at 20 iterations, n = 2, L2 relative residual: iterated = 2.890525e-11, true = 2.890525e-11 (requested = 1.000000e-10)
GCR: Convergence at 20 iterations, n = 3, L2 relative residual: iterated = 2.836526e-11, true = 2.836526e-11 (requested = 1.000000e-10)
GCR: Convergence at 20 iterations, n = 4, L2 relative residual: iterated = 3.035963e-11, true = 3.035963e-11 (requested = 1.000000e-10)
GCR: Convergence at 20 iterations, n = 5, L2 relative residual: iterated = 1.973111e-11, true = 1.973111e-11 (requested = 1.000000e-10)
GCR: Convergence at 20 iterations, n = 6, L2 relative residual: iterated = 4.843043e-11, true = 4.843043e-11 (requested = 1.000000e-10)
GCR: Convergence at 20 iterations, n = 7, L2 relative residual: iterated = 3.387763e-11, true = 3.387763e-11 (requested = 1.000000e-10)
GCR: Convergence at 20 iterations, n = 8, L2 relative residual: iterated = 3.374971e-11, true = 3.374971e-11 (requested = 1.000000e-10)
GCR: Convergence at 20 iterations, n = 9, L2 relative residual: iterated = 4.146584e-11, true = 4.146584e-11 (requested = 1.000000e-10)
GCR: Convergence at 20 iterations, n = 10, L2 relative residual: iterated = 2.445649e-11, true = 2.445649e-11 (requested = 1.000000e-10)
GCR: Convergence at 20 iterations, n = 11, L2 relative residual: iterated = 6.112154e-11, true = 6.112154e-11 (requested = 1.000000e-10)
PyQUDA INFO: Time = 1.803 secs, Performance = 14349.923 GFLOPS
PyQUDA INFO: INVERT 2 propagagors: 3.5523916390084196 secs
PyQUDA INFO: DOING SINK GAUSSIAN SMEARING
PyQUDA INFO: SINK GAUSSIAN SMEAR: 0.8459578809997765 secs
PyQUDA INFO: GPU used 44.3 GB, cupy pool 32.8 GB, cupy live 10.1 GB
PyQUDA INFO: CONTRACT ALL: 3.326285844988888 secs
PyQUDA INFO: UNTIL CONTRACTION: 8.849404829001287 secs
PyQUDA INFO: INNER LOOP STARTS
PyQUDA INFO: SOURCE POSITION = [np.int64(15), np.int64(15), np.int64(15), np.int64(89)]
PyQUDA INFO: DOING SRC GAUSSIAN SMEARING
PyQUDA INFO: SOURCE GAUSSIAN SMEAR: 0.8190466670057504 secs
PyQUDA INFO: RELOADING GAUGE
PyQUDA INFO: RELOADING GAUGE: 0.25831783200555947 secs
PyQUDA INFO: SOLVING DIRAC EQ
GCR: Convergence at 20 iterations, n = 0, L2 relative residual: iterated = 3.386058e-11, true = 3.386058e-11 (requested = 1.000000e-10)
GCR: Convergence at 20 iterations, n = 1, L2 relative residual: iterated = 3.281152e-11, true = 3.281152e-11 (requested = 1.000000e-10)
GCR: Convergence at 20 iterations, n = 2, L2 relative residual: iterated = 5.443892e-11, true = 5.443892e-11 (requested = 1.000000e-10)
GCR: Convergence at 20 iterations, n = 3, L2 relative residual: iterated = 4.158955e-11, true = 4.158955e-11 (requested = 1.000000e-10)
GCR: Convergence at 20 iterations, n = 4, L2 relative residual: iterated = 4.719424e-11, true = 4.719424e-11 (requested = 1.000000e-10)
GCR: Convergence at 20 iterations, n = 5, L2 relative residual: iterated = 4.482244e-11, true = 4.482244e-11 (requested = 1.000000e-10)
GCR: Convergence at 20 iterations, n = 6, L2 relative residual: iterated = 5.595042e-11, true = 5.595042e-11 (requested = 1.000000e-10)
GCR: Convergence at 20 iterations, n = 7, L2 relative residual: iterated = 5.584532e-11, true = 5.584532e-11 (requested = 1.000000e-10)
GCR: Convergence at 20 iterations, n = 8, L2 relative residual: iterated = 4.943733e-11, true = 4.943733e-11 (requested = 1.000000e-10)
GCR: Convergence at 20 iterations, n = 9, L2 relative residual: iterated = 3.459435e-11, true = 3.459435e-11 (requested = 1.000000e-10)
GCR: Convergence at 20 iterations, n = 10, L2 relative residual: iterated = 4.934394e-11, true = 4.934394e-11 (requested = 1.000000e-10)
GCR: Convergence at 20 iterations, n = 11, L2 relative residual: iterated = 4.755666e-11, true = 4.755666e-11 (requested = 1.000000e-10)
PyQUDA INFO: Time = 1.746 secs, Performance = 14617.295 GFLOPS
GCR: Convergence at 20 iterations, n = 0, L2 relative residual: iterated = 4.339186e-11, true = 4.339186e-11 (requested = 1.000000e-10)
GCR: Convergence at 20 iterations, n = 1, L2 relative residual: iterated = 2.782986e-11, true = 2.782986e-11 (requested = 1.000000e-10)
GCR: Convergence at 20 iterations, n = 2, L2 relative residual: iterated = 3.088626e-11, true = 3.088626e-11 (requested = 1.000000e-10)
GCR: Convergence at 20 iterations, n = 3, L2 relative residual: iterated = 5.240923e-11, true = 5.240923e-11 (requested = 1.000000e-10)
GCR: Convergence at 20 iterations, n = 4, L2 relative residual: iterated = 3.161089e-11, true = 3.161089e-11 (requested = 1.000000e-10)
GCR: Convergence at 20 iterations, n = 5, L2 relative residual: iterated = 4.569468e-11, true = 4.569468e-11 (requested = 1.000000e-10)
GCR: Convergence at 20 iterations, n = 6, L2 relative residual: iterated = 3.963659e-11, true = 3.963659e-11 (requested = 1.000000e-10)
GCR: Convergence at 20 iterations, n = 7, L2 relative residual: iterated = 4.521358e-11, true = 4.521358e-11 (requested = 1.000000e-10)
GCR: Convergence at 20 iterations, n = 8, L2 relative residual: iterated = 3.281185e-11, true = 3.281185e-11 (requested = 1.000000e-10)
GCR: Convergence at 20 iterations, n = 9, L2 relative residual: iterated = 5.658590e-11, true = 5.658590e-11 (requested = 1.000000e-10)
GCR: Convergence at 20 iterations, n = 10, L2 relative residual: iterated = 5.781267e-11, true = 5.781267e-11 (requested = 1.000000e-10)
GCR: Convergence at 20 iterations, n = 11, L2 relative residual: iterated = 3.635859e-11, true = 3.635859e-11 (requested = 1.000000e-10)
PyQUDA INFO: Time = 1.780 secs, Performance = 14353.111 GFLOPS
PyQUDA INFO: INVERT 2 propagagors: 3.5277382409985876 secs
PyQUDA INFO: DOING SINK GAUSSIAN SMEARING
PyQUDA INFO: SINK GAUSSIAN SMEAR: 0.9594760629988741 secs
PyQUDA INFO: GPU used 44.3 GB, cupy pool 32.8 GB, cupy live 10.1 GB
PyQUDA INFO: CONTRACT ALL: 3.3269044879998546 secs
PyQUDA INFO: UNTIL CONTRACTION: 8.934263197006658 secs
PyQUDA INFO: INNER LOOP STARTS
PyQUDA INFO: SOURCE POSITION = [np.int64(15), np.int64(15), np.int64(31), np.int64(89)]
PyQUDA INFO: DOING SRC GAUSSIAN SMEARING
PyQUDA INFO: SOURCE GAUSSIAN SMEAR: 0.8194095530052437 secs
PyQUDA INFO: RELOADING GAUGE
PyQUDA INFO: RELOADING GAUGE: 0.2604306400025962 secs
PyQUDA INFO: SOLVING DIRAC EQ
GCR: Convergence at 20 iterations, n = 0, L2 relative residual: iterated = 4.421813e-11, true = 4.421813e-11 (requested = 1.000000e-10)
GCR: Convergence at 20 iterations, n = 1, L2 relative residual: iterated = 4.020101e-11, true = 4.020101e-11 (requested = 1.000000e-10)
GCR: Convergence at 20 iterations, n = 2, L2 relative residual: iterated = 3.927946e-11, true = 3.927946e-11 (requested = 1.000000e-10)
GCR: Convergence at 20 iterations, n = 3, L2 relative residual: iterated = 3.550125e-11, true = 3.550125e-11 (requested = 1.000000e-10)
GCR: Convergence at 20 iterations, n = 4, L2 relative residual: iterated = 3.926559e-11, true = 3.926559e-11 (requested = 1.000000e-10)
GCR: Convergence at 20 iterations, n = 5, L2 relative residual: iterated = 2.702211e-11, true = 2.702211e-11 (requested = 1.000000e-10)
GCR: Convergence at 20 iterations, n = 6, L2 relative residual: iterated = 4.459000e-11, true = 4.459000e-11 (requested = 1.000000e-10)
GCR: Convergence at 20 iterations, n = 7, L2 relative residual: iterated = 5.344321e-11, true = 5.344321e-11 (requested = 1.000000e-10)
GCR: Convergence at 20 iterations, n = 8, L2 relative residual: iterated = 5.373894e-11, true = 5.373894e-11 (requested = 1.000000e-10)
GCR: Convergence at 20 iterations, n = 9, L2 relative residual: iterated = 5.548737e-11, true = 5.548737e-11 (requested = 1.000000e-10)
GCR: Convergence at 20 iterations, n = 10, L2 relative residual: iterated = 4.636690e-11, true = 4.636690e-11 (requested = 1.000000e-10)
GCR: Convergence at 20 iterations, n = 11, L2 relative residual: iterated = 6.754737e-11, true = 6.754737e-11 (requested = 1.000000e-10)
PyQUDA INFO: Time = 1.746 secs, Performance = 14618.802 GFLOPS
GCR: Convergence at 20 iterations, n = 0, L2 relative residual: iterated = 6.033858e-11, true = 6.033858e-11 (requested = 1.000000e-10)
GCR: Convergence at 20 iterations, n = 1, L2 relative residual: iterated = 4.679166e-11, true = 4.679166e-11 (requested = 1.000000e-10)
GCR: Convergence at 20 iterations, n = 2, L2 relative residual: iterated = 3.830263e-11, true = 3.830263e-11 (requested = 1.000000e-10)
GCR: Convergence at 20 iterations, n = 3, L2 relative residual: iterated = 3.201108e-11, true = 3.201108e-11 (requested = 1.000000e-10)
GCR: Convergence at 20 iterations, n = 4, L2 relative residual: iterated = 4.188582e-11, true = 4.188582e-11 (requested = 1.000000e-10)
GCR: Convergence at 20 iterations, n = 5, L2 relative residual: iterated = 4.317744e-11, true = 4.317744e-11 (requested = 1.000000e-10)
GCR: Convergence at 20 iterations, n = 6, L2 relative residual: iterated = 8.059980e-11, true = 8.059980e-11 (requested = 1.000000e-10)
GCR: Convergence at 20 iterations, n = 7, L2 relative residual: iterated = 5.668546e-11, true = 5.668546e-11 (requested = 1.000000e-10)
GCR: Convergence at 20 iterations, n = 8, L2 relative residual: iterated = 6.871299e-11, true = 6.871299e-11 (requested = 1.000000e-10)
GCR: Convergence at 20 iterations, n = 9, L2 relative residual: iterated = 5.988096e-11, true = 5.988096e-11 (requested = 1.000000e-10)
GCR: Convergence at 20 iterations, n = 10, L2 relative residual: iterated = 5.062682e-11, true = 5.062682e-11 (requested = 1.000000e-10)
GCR: Convergence at 20 iterations, n = 11, L2 relative residual: iterated = 7.710321e-11, true = 7.710321e-11 (requested = 1.000000e-10)
PyQUDA INFO: Time = 1.780 secs, Performance = 14347.903 GFLOPS
PyQUDA INFO: INVERT 2 propagagors: 3.52764562300581 secs
PyQUDA INFO: DOING SINK GAUSSIAN SMEARING
PyQUDA INFO: SINK GAUSSIAN SMEAR: 0.8386026289954316 secs
PyQUDA INFO: GPU used 44.3 GB, cupy pool 32.8 GB, cupy live 10.1 GB
PyQUDA INFO: CONTRACT ALL: 3.325615931986249 secs
PyQUDA INFO: UNTIL CONTRACTION: 8.814518460989348 secs
PyQUDA INFO: INNER LOOP STARTS
PyQUDA INFO: SOURCE POSITION = [np.int64(15), np.int64(31), np.int64(15), np.int64(89)]
PyQUDA INFO: DOING SRC GAUSSIAN SMEARING
PyQUDA INFO: SOURCE GAUSSIAN SMEAR: 0.81748332400457 secs
PyQUDA INFO: RELOADING GAUGE
PyQUDA INFO: RELOADING GAUGE: 0.25577977899229154 secs
PyQUDA INFO: SOLVING DIRAC EQ
GCR: Convergence at 20 iterations, n = 0, L2 relative residual: iterated = 6.023756e-11, true = 6.023756e-11 (requested = 1.000000e-10)
GCR: Convergence at 20 iterations, n = 1, L2 relative residual: iterated = 7.891681e-11, true = 7.891681e-11 (requested = 1.000000e-10)
GCR: Convergence at 20 iterations, n = 2, L2 relative residual: iterated = 5.050352e-11, true = 5.050352e-11 (requested = 1.000000e-10)
GCR: Convergence at 20 iterations, n = 3, L2 relative residual: iterated = 6.384533e-11, true = 6.384533e-11 (requested = 1.000000e-10)
GCR: Convergence at 20 iterations, n = 4, L2 relative residual: iterated = 4.702156e-11, true = 4.702156e-11 (requested = 1.000000e-10)
GCR: Convergence at 20 iterations, n = 5, L2 relative residual: iterated = 2.876641e-11, true = 2.876641e-11 (requested = 1.000000e-10)
GCR: Convergence at 20 iterations, n = 6, L2 relative residual: iterated = 4.410934e-11, true = 4.410934e-11 (requested = 1.000000e-10)
GCR: Convergence at 20 iterations, n = 7, L2 relative residual: iterated = 5.089379e-11, true = 5.089379e-11 (requested = 1.000000e-10)
GCR: Convergence at 20 iterations, n = 8, L2 relative residual: iterated = 7.628144e-11, true = 7.628144e-11 (requested = 1.000000e-10)
GCR: Convergence at 20 iterations, n = 9, L2 relative residual: iterated = 2.799275e-11, true = 2.799275e-11 (requested = 1.000000e-10)
GCR: Convergence at 20 iterations, n = 10, L2 relative residual: iterated = 9.761012e-11, true = 9.761012e-11 (requested = 1.000000e-10)
GCR: Convergence at 20 iterations, n = 11, L2 relative residual: iterated = 4.175875e-11, true = 4.175875e-11 (requested = 1.000000e-10)
PyQUDA INFO: Time = 1.746 secs, Performance = 14620.335 GFLOPS
GCR: Convergence at 20 iterations, n = 0, L2 relative residual: iterated = 6.063086e-11, true = 6.063086e-11 (requested = 1.000000e-10)
GCR: Convergence at 20 iterations, n = 1, L2 relative residual: iterated = 5.339752e-11, true = 5.339752e-11 (requested = 1.000000e-10)
GCR: Convergence at 20 iterations, n = 2, L2 relative residual: iterated = 4.919318e-11, true = 4.919318e-11 (requested = 1.000000e-10)
GCR: Convergence at 20 iterations, n = 3, L2 relative residual: iterated = 6.793135e-11, true = 6.793135e-11 (requested = 1.000000e-10)
GCR: Convergence at 20 iterations, n = 4, L2 relative residual: iterated = 4.510596e-11, true = 4.510596e-11 (requested = 1.000000e-10)
GCR: Convergence at 20 iterations, n = 5, L2 relative residual: iterated = 6.841955e-11, true = 6.841955e-11 (requested = 1.000000e-10)
GCR: Convergence at 20 iterations, n = 6, L2 relative residual: iterated = 7.210696e-11, true = 7.210696e-11 (requested = 1.000000e-10)
GCR: Convergence at 20 iterations, n = 7, L2 relative residual: iterated = 3.481824e-11, true = 3.481824e-11 (requested = 1.000000e-10)
GCR: Convergence at 20 iterations, n = 8, L2 relative residual: iterated = 5.416219e-11, true = 5.416219e-11 (requested = 1.000000e-10)
GCR: Convergence at 20 iterations, n = 9, L2 relative residual: iterated = 6.170448e-11, true = 6.170448e-11 (requested = 1.000000e-10)
GCR: Convergence at 20 iterations, n = 10, L2 relative residual: iterated = 7.893557e-11, true = 7.893557e-11 (requested = 1.000000e-10)
GCR: Convergence at 20 iterations, n = 11, L2 relative residual: iterated = 5.023144e-11, true = 5.023144e-11 (requested = 1.000000e-10)
PyQUDA INFO: Time = 1.779 secs, Performance = 14345.355 GFLOPS
PyQUDA INFO: INVERT 2 propagagors: 3.5269806099968264 secs
PyQUDA INFO: DOING SINK GAUSSIAN SMEARING
PyQUDA INFO: SINK GAUSSIAN SMEAR: 0.8413972889975412 secs
PyQUDA INFO: GPU used 44.3 GB, cupy pool 32.8 GB, cupy live 10.1 GB
PyQUDA INFO: CONTRACT ALL: 3.327152065001428 secs
PyQUDA INFO: UNTIL CONTRACTION: 8.812002478007344 secs
PyQUDA INFO: INNER LOOP STARTS
PyQUDA INFO: SOURCE POSITION = [np.int64(15), np.int64(31), np.int64(31), np.int64(89)]
PyQUDA INFO: DOING SRC GAUSSIAN SMEARING
PyQUDA INFO: SOURCE GAUSSIAN SMEAR: 0.8194829120038776 secs
PyQUDA INFO: RELOADING GAUGE
PyQUDA INFO: RELOADING GAUGE: 0.2620429620001232 secs
PyQUDA INFO: SOLVING DIRAC EQ
GCR: Convergence at 20 iterations, n = 0, L2 relative residual: iterated = 5.753559e-11, true = 5.753559e-11 (requested = 1.000000e-10)
GCR: Convergence at 20 iterations, n = 1, L2 relative residual: iterated = 5.228256e-11, true = 5.228256e-11 (requested = 1.000000e-10)
GCR: Convergence at 20 iterations, n = 2, L2 relative residual: iterated = 3.741422e-11, true = 3.741422e-11 (requested = 1.000000e-10)
GCR: Convergence at 20 iterations, n = 3, L2 relative residual: iterated = 3.129799e-11, true = 3.129799e-11 (requested = 1.000000e-10)
GCR: Convergence at 20 iterations, n = 4, L2 relative residual: iterated = 3.956147e-11, true = 3.956147e-11 (requested = 1.000000e-10)
GCR: Convergence at 20 iterations, n = 5, L2 relative residual: iterated = 5.741357e-11, true = 5.741357e-11 (requested = 1.000000e-10)
GCR: Convergence at 20 iterations, n = 6, L2 relative residual: iterated = 7.720061e-11, true = 7.720061e-11 (requested = 1.000000e-10)
GCR: Convergence at 20 iterations, n = 7, L2 relative residual: iterated = 5.757178e-11, true = 5.757178e-11 (requested = 1.000000e-10)
GCR: Convergence at 20 iterations, n = 8, L2 relative residual: iterated = 4.223082e-11, true = 4.223082e-11 (requested = 1.000000e-10)
GCR: Convergence at 20 iterations, n = 9, L2 relative residual: iterated = 3.475399e-11, true = 3.475399e-11 (requested = 1.000000e-10)
GCR: Convergence at 20 iterations, n = 10, L2 relative residual: iterated = 5.630523e-11, true = 5.630523e-11 (requested = 1.000000e-10)
GCR: Convergence at 20 iterations, n = 11, L2 relative residual: iterated = 4.921086e-11, true = 4.921086e-11 (requested = 1.000000e-10)
PyQUDA INFO: Time = 1.743 secs, Performance = 14644.378 GFLOPS
GCR: Convergence at 20 iterations, n = 0, L2 relative residual: iterated = 4.069712e-11, true = 4.069712e-11 (requested = 1.000000e-10)
GCR: Convergence at 20 iterations, n = 1, L2 relative residual: iterated = 4.099271e-11, true = 4.099271e-11 (requested = 1.000000e-10)
GCR: Convergence at 20 iterations, n = 2, L2 relative residual: iterated = 3.431583e-11, true = 3.431583e-11 (requested = 1.000000e-10)
GCR: Convergence at 20 iterations, n = 3, L2 relative residual: iterated = 3.078866e-11, true = 3.078866e-11 (requested = 1.000000e-10)
GCR: Convergence at 20 iterations, n = 4, L2 relative residual: iterated = 3.500745e-11, true = 3.500745e-11 (requested = 1.000000e-10)
GCR: Convergence at 20 iterations, n = 5, L2 relative residual: iterated = 5.898355e-11, true = 5.898355e-11 (requested = 1.000000e-10)
GCR: Convergence at 20 iterations, n = 6, L2 relative residual: iterated = 4.058833e-11, true = 4.058833e-11 (requested = 1.000000e-10)
GCR: Convergence at 20 iterations, n = 7, L2 relative residual: iterated = 3.423886e-11, true = 3.423886e-11 (requested = 1.000000e-10)
GCR: Convergence at 20 iterations, n = 8, L2 relative residual: iterated = 3.825082e-11, true = 3.825082e-11 (requested = 1.000000e-10)
GCR: Convergence at 20 iterations, n = 9, L2 relative residual: iterated = 5.074883e-11, true = 5.074883e-11 (requested = 1.000000e-10)
GCR: Convergence at 20 iterations, n = 10, L2 relative residual: iterated = 6.290834e-11, true = 6.290834e-11 (requested = 1.000000e-10)
GCR: Convergence at 20 iterations, n = 11, L2 relative residual: iterated = 4.144382e-11, true = 4.144382e-11 (requested = 1.000000e-10)
PyQUDA INFO: Time = 1.779 secs, Performance = 14351.750 GFLOPS
PyQUDA INFO: INVERT 2 propagagors: 3.52396932800184 secs
PyQUDA INFO: DOING SINK GAUSSIAN SMEARING
PyQUDA INFO: SINK GAUSSIAN SMEAR: 0.8458112780062947 secs
PyQUDA INFO: GPU used 44.3 GB, cupy pool 32.8 GB, cupy live 10.1 GB
PyQUDA INFO: CONTRACT ALL: 3.325434532001964 secs
PyQUDA INFO: UNTIL CONTRACTION: 8.820158831003937 secs
PyQUDA INFO: INNER LOOP STARTS
PyQUDA INFO: SOURCE POSITION = [np.int64(31), np.int64(15), np.int64(15), np.int64(89)]
PyQUDA INFO: DOING SRC GAUSSIAN SMEARING
PyQUDA INFO: SOURCE GAUSSIAN SMEAR: 0.8244146239885595 secs
PyQUDA INFO: RELOADING GAUGE
PyQUDA INFO: RELOADING GAUGE: 0.2613499269937165 secs
PyQUDA INFO: SOLVING DIRAC EQ
GCR: Convergence at 20 iterations, n = 0, L2 relative residual: iterated = 4.984220e-11, true = 4.984220e-11 (requested = 1.000000e-10)
GCR: Convergence at 20 iterations, n = 1, L2 relative residual: iterated = 7.608437e-11, true = 7.608437e-11 (requested = 1.000000e-10)
GCR: Convergence at 20 iterations, n = 2, L2 relative residual: iterated = 4.943081e-11, true = 4.943081e-11 (requested = 1.000000e-10)
GCR: Convergence at 20 iterations, n = 3, L2 relative residual: iterated = 5.410387e-11, true = 5.410387e-11 (requested = 1.000000e-10)
GCR: Convergence at 20 iterations, n = 4, L2 relative residual: iterated = 5.311514e-11, true = 5.311514e-11 (requested = 1.000000e-10)
GCR: Convergence at 20 iterations, n = 5, L2 relative residual: iterated = 5.652657e-11, true = 5.652657e-11 (requested = 1.000000e-10)
GCR: Convergence at 20 iterations, n = 6, L2 relative residual: iterated = 5.778634e-11, true = 5.778634e-11 (requested = 1.000000e-10)
GCR: Convergence at 20 iterations, n = 7, L2 relative residual: iterated = 5.866766e-11, true = 5.866766e-11 (requested = 1.000000e-10)
GCR: Convergence at 20 iterations, n = 8, L2 relative residual: iterated = 6.490332e-11, true = 6.490332e-11 (requested = 1.000000e-10)
GCR: Convergence at 20 iterations, n = 9, L2 relative residual: iterated = 4.194346e-11, true = 4.194346e-11 (requested = 1.000000e-10)
GCR: Convergence at 20 iterations, n = 10, L2 relative residual: iterated = 6.862975e-11, true = 6.862975e-11 (requested = 1.000000e-10)
GCR: Convergence at 20 iterations, n = 11, L2 relative residual: iterated = 5.168666e-11, true = 5.168666e-11 (requested = 1.000000e-10)
PyQUDA INFO: Time = 1.745 secs, Performance = 14622.424 GFLOPS
GCR: Convergence at 20 iterations, n = 0, L2 relative residual: iterated = 4.904773e-11, true = 4.904773e-11 (requested = 1.000000e-10)
GCR: Convergence at 20 iterations, n = 1, L2 relative residual: iterated = 4.451245e-11, true = 4.451245e-11 (requested = 1.000000e-10)
GCR: Convergence at 20 iterations, n = 2, L2 relative residual: iterated = 5.152806e-11, true = 5.152806e-11 (requested = 1.000000e-10)
GCR: Convergence at 20 iterations, n = 3, L2 relative residual: iterated = 6.332390e-11, true = 6.332390e-11 (requested = 1.000000e-10)
GCR: Convergence at 20 iterations, n = 4, L2 relative residual: iterated = 7.267986e-11, true = 7.267986e-11 (requested = 1.000000e-10)
GCR: Convergence at 20 iterations, n = 5, L2 relative residual: iterated = 5.139067e-11, true = 5.139067e-11 (requested = 1.000000e-10)
GCR: Convergence at 20 iterations, n = 6, L2 relative residual: iterated = 5.869144e-11, true = 5.869144e-11 (requested = 1.000000e-10)
GCR: Convergence at 20 iterations, n = 7, L2 relative residual: iterated = 5.598759e-11, true = 5.598759e-11 (requested = 1.000000e-10)
GCR: Convergence at 20 iterations, n = 8, L2 relative residual: iterated = 5.188263e-11, true = 5.188263e-11 (requested = 1.000000e-10)
GCR: Convergence at 20 iterations, n = 9, L2 relative residual: iterated = 9.179125e-11, true = 9.179125e-11 (requested = 1.000000e-10)
GCR: Convergence at 20 iterations, n = 10, L2 relative residual: iterated = 7.522312e-11, true = 7.522312e-11 (requested = 1.000000e-10)
GCR: Convergence at 20 iterations, n = 11, L2 relative residual: iterated = 5.508335e-11, true = 5.508335e-11 (requested = 1.000000e-10)
PyQUDA INFO: Time = 1.774 secs, Performance = 14372.763 GFLOPS
PyQUDA INFO: INVERT 2 propagagors: 3.5210050639871042 secs
PyQUDA INFO: DOING SINK GAUSSIAN SMEARING
PyQUDA INFO: SINK GAUSSIAN SMEAR: 0.8356225550087402 secs
PyQUDA INFO: GPU used 44.3 GB, cupy pool 32.8 GB, cupy live 10.1 GB
PyQUDA INFO: CONTRACT ALL: 3.327518760008388 secs
PyQUDA INFO: UNTIL CONTRACTION: 8.812940924995928 secs
PyQUDA INFO: INNER LOOP STARTS
PyQUDA INFO: SOURCE POSITION = [np.int64(31), np.int64(15), np.int64(31), np.int64(89)]
PyQUDA INFO: DOING SRC GAUSSIAN SMEARING
PyQUDA INFO: SOURCE GAUSSIAN SMEAR: 0.819572735010297 secs
PyQUDA INFO: RELOADING GAUGE
PyQUDA INFO: RELOADING GAUGE: 0.2612536280066706 secs
PyQUDA INFO: SOLVING DIRAC EQ
GCR: Convergence at 20 iterations, n = 0, L2 relative residual: iterated = 4.139398e-11, true = 4.139398e-11 (requested = 1.000000e-10)
GCR: Convergence at 20 iterations, n = 1, L2 relative residual: iterated = 5.941273e-11, true = 5.941273e-11 (requested = 1.000000e-10)
GCR: Convergence at 20 iterations, n = 2, L2 relative residual: iterated = 3.320032e-11, true = 3.320032e-11 (requested = 1.000000e-10)
GCR: Convergence at 20 iterations, n = 3, L2 relative residual: iterated = 4.130477e-11, true = 4.130477e-11 (requested = 1.000000e-10)
GCR: Convergence at 20 iterations, n = 4, L2 relative residual: iterated = 6.032155e-11, true = 6.032155e-11 (requested = 1.000000e-10)
GCR: Convergence at 20 iterations, n = 5, L2 relative residual: iterated = 1.695572e-11, true = 1.695572e-11 (requested = 1.000000e-10)
GCR: Convergence at 20 iterations, n = 6, L2 relative residual: iterated = 7.631710e-11, true = 7.631710e-11 (requested = 1.000000e-10)
GCR: Convergence at 20 iterations, n = 7, L2 relative residual: iterated = 4.684649e-11, true = 4.684649e-11 (requested = 1.000000e-10)
GCR: Convergence at 20 iterations, n = 8, L2 relative residual: iterated = 4.837641e-11, true = 4.837641e-11 (requested = 1.000000e-10)
GCR: Convergence at 20 iterations, n = 9, L2 relative residual: iterated = 5.861840e-11, true = 5.861840e-11 (requested = 1.000000e-10)
GCR: Convergence at 20 iterations, n = 10, L2 relative residual: iterated = 7.048622e-11, true = 7.048622e-11 (requested = 1.000000e-10)
GCR: Convergence at 20 iterations, n = 11, L2 relative residual: iterated = 3.218629e-11, true = 3.218629e-11 (requested = 1.000000e-10)
PyQUDA INFO: Time = 1.751 secs, Performance = 14584.365 GFLOPS
GCR: Convergence at 20 iterations, n = 0, L2 relative residual: iterated = 3.733994e-11, true = 3.733994e-11 (requested = 1.000000e-10)
GCR: Convergence at 20 iterations, n = 1, L2 relative residual: iterated = 3.005138e-11, true = 3.005138e-11 (requested = 1.000000e-10)
GCR: Convergence at 20 iterations, n = 2, L2 relative residual: iterated = 7.572323e-11, true = 7.572323e-11 (requested = 1.000000e-10)
GCR: Convergence at 20 iterations, n = 3, L2 relative residual: iterated = 4.926290e-11, true = 4.926290e-11 (requested = 1.000000e-10)
GCR: Convergence at 20 iterations, n = 4, L2 relative residual: iterated = 4.397913e-11, true = 4.397913e-11 (requested = 1.000000e-10)
GCR: Convergence at 20 iterations, n = 5, L2 relative residual: iterated = 5.846332e-11, true = 5.846332e-11 (requested = 1.000000e-10)
GCR: Convergence at 20 iterations, n = 6, L2 relative residual: iterated = 9.616613e-11, true = 9.616613e-11 (requested = 1.000000e-10)
GCR: Convergence at 20 iterations, n = 7, L2 relative residual: iterated = 6.346598e-11, true = 6.346598e-11 (requested = 1.000000e-10)
GCR: Convergence at 20 iterations, n = 8, L2 relative residual: iterated = 7.048008e-11, true = 7.048008e-11 (requested = 1.000000e-10)
GCR: Convergence at 20 iterations, n = 9, L2 relative residual: iterated = 3.954471e-11, true = 3.954471e-11 (requested = 1.000000e-10)
GCR: Convergence at 20 iterations, n = 10, L2 relative residual: iterated = 8.069058e-11, true = 8.069058e-11 (requested = 1.000000e-10)
GCR: Convergence at 20 iterations, n = 11, L2 relative residual: iterated = 6.866063e-11, true = 6.866063e-11 (requested = 1.000000e-10)
PyQUDA INFO: Time = 1.780 secs, Performance = 14340.446 GFLOPS
PyQUDA INFO: INVERT 2 propagagors: 3.5325184730027104 secs
PyQUDA INFO: DOING SINK GAUSSIAN SMEARING
PyQUDA INFO: SINK GAUSSIAN SMEAR: 0.9680015259946231 secs
PyQUDA INFO: GPU used 44.3 GB, cupy pool 32.8 GB, cupy live 10.1 GB
PyQUDA INFO: CONTRACT ALL: 3.326415982010076 secs
PyQUDA INFO: UNTIL CONTRACTION: 8.950393032006104 secs
PyQUDA INFO: INNER LOOP STARTS
PyQUDA INFO: SOURCE POSITION = [np.int64(31), np.int64(31), np.int64(15), np.int64(89)]
PyQUDA INFO: DOING SRC GAUSSIAN SMEARING
PyQUDA INFO: SOURCE GAUSSIAN SMEAR: 0.8176559960120358 secs
PyQUDA INFO: RELOADING GAUGE
PyQUDA INFO: RELOADING GAUGE: 0.262882911003544 secs
PyQUDA INFO: SOLVING DIRAC EQ
GCR: Convergence at 20 iterations, n = 0, L2 relative residual: iterated = 4.611045e-11, true = 4.611045e-11 (requested = 1.000000e-10)
GCR: Convergence at 20 iterations, n = 1, L2 relative residual: iterated = 5.856649e-11, true = 5.856649e-11 (requested = 1.000000e-10)
GCR: Convergence at 20 iterations, n = 2, L2 relative residual: iterated = 4.126501e-11, true = 4.126501e-11 (requested = 1.000000e-10)
GCR: Convergence at 20 iterations, n = 3, L2 relative residual: iterated = 4.181535e-11, true = 4.181535e-11 (requested = 1.000000e-10)
GCR: Convergence at 20 iterations, n = 4, L2 relative residual: iterated = 3.005038e-11, true = 3.005038e-11 (requested = 1.000000e-10)
GCR: Convergence at 20 iterations, n = 5, L2 relative residual: iterated = 6.421070e-11, true = 6.421070e-11 (requested = 1.000000e-10)
GCR: Convergence at 20 iterations, n = 6, L2 relative residual: iterated = 3.420644e-11, true = 3.420644e-11 (requested = 1.000000e-10)
GCR: Convergence at 20 iterations, n = 7, L2 relative residual: iterated = 2.247414e-11, true = 2.247414e-11 (requested = 1.000000e-10)
GCR: Convergence at 20 iterations, n = 8, L2 relative residual: iterated = 4.606500e-11, true = 4.606500e-11 (requested = 1.000000e-10)
GCR: Convergence at 20 iterations, n = 9, L2 relative residual: iterated = 2.624427e-11, true = 2.624427e-11 (requested = 1.000000e-10)
GCR: Convergence at 20 iterations, n = 10, L2 relative residual: iterated = 2.764008e-11, true = 2.764008e-11 (requested = 1.000000e-10)
GCR: Convergence at 20 iterations, n = 11, L2 relative residual: iterated = 4.530931e-11, true = 4.530931e-11 (requested = 1.000000e-10)
PyQUDA INFO: Time = 1.747 secs, Performance = 14616.951 GFLOPS
GCR: Convergence at 20 iterations, n = 0, L2 relative residual: iterated = 6.216241e-11, true = 6.216241e-11 (requested = 1.000000e-10)
GCR: Convergence at 20 iterations, n = 1, L2 relative residual: iterated = 4.045153e-11, true = 4.045153e-11 (requested = 1.000000e-10)
GCR: Convergence at 20 iterations, n = 2, L2 relative residual: iterated = 4.960560e-11, true = 4.960560e-11 (requested = 1.000000e-10)
GCR: Convergence at 20 iterations, n = 3, L2 relative residual: iterated = 6.125165e-11, true = 6.125165e-11 (requested = 1.000000e-10)
GCR: Convergence at 20 iterations, n = 4, L2 relative residual: iterated = 7.569257e-11, true = 7.569257e-11 (requested = 1.000000e-10)
GCR: Convergence at 20 iterations, n = 5, L2 relative residual: iterated = 7.082738e-11, true = 7.082738e-11 (requested = 1.000000e-10)
GCR: Convergence at 20 iterations, n = 6, L2 relative residual: iterated = 4.473480e-11, true = 4.473480e-11 (requested = 1.000000e-10)
GCR: Convergence at 20 iterations, n = 7, L2 relative residual: iterated = 5.044110e-11, true = 5.044110e-11 (requested = 1.000000e-10)
GCR: Convergence at 20 iterations, n = 8, L2 relative residual: iterated = 3.568634e-11, true = 3.568634e-11 (requested = 1.000000e-10)
GCR: Convergence at 20 iterations, n = 9, L2 relative residual: iterated = 4.695054e-11, true = 4.695054e-11 (requested = 1.000000e-10)
GCR: Convergence at 20 iterations, n = 10, L2 relative residual: iterated = 3.903860e-11, true = 3.903860e-11 (requested = 1.000000e-10)
GCR: Convergence at 20 iterations, n = 11, L2 relative residual: iterated = 4.273658e-11, true = 4.273658e-11 (requested = 1.000000e-10)
PyQUDA INFO: Time = 1.780 secs, Performance = 14330.036 GFLOPS
PyQUDA INFO: INVERT 2 propagagors: 3.5291782679996686 secs
PyQUDA INFO: DOING SINK GAUSSIAN SMEARING
PyQUDA INFO: SINK GAUSSIAN SMEAR: 0.8439456869964488 secs
PyQUDA INFO: GPU used 44.3 GB, cupy pool 32.8 GB, cupy live 10.1 GB
PyQUDA INFO: CONTRACT ALL: 3.327686147997156 secs
PyQUDA INFO: UNTIL CONTRACTION: 8.824184306999086 secs
PyQUDA INFO: INNER LOOP STARTS
PyQUDA INFO: SOURCE POSITION = [np.int64(31), np.int64(31), np.int64(31), np.int64(89)]
PyQUDA INFO: DOING SRC GAUSSIAN SMEARING
PyQUDA INFO: SOURCE GAUSSIAN SMEAR: 0.8198008829931496 secs
PyQUDA INFO: RELOADING GAUGE
PyQUDA INFO: RELOADING GAUGE: 0.26115162900532596 secs
PyQUDA INFO: SOLVING DIRAC EQ
GCR: Convergence at 20 iterations, n = 0, L2 relative residual: iterated = 5.832762e-11, true = 5.832762e-11 (requested = 1.000000e-10)
GCR: Convergence at 20 iterations, n = 1, L2 relative residual: iterated = 6.781547e-11, true = 6.781547e-11 (requested = 1.000000e-10)
GCR: Convergence at 20 iterations, n = 2, L2 relative residual: iterated = 5.892655e-11, true = 5.892655e-11 (requested = 1.000000e-10)
GCR: Convergence at 20 iterations, n = 3, L2 relative residual: iterated = 4.050665e-11, true = 4.050665e-11 (requested = 1.000000e-10)
GCR: Convergence at 20 iterations, n = 4, L2 relative residual: iterated = 5.057144e-11, true = 5.057144e-11 (requested = 1.000000e-10)
GCR: Convergence at 20 iterations, n = 5, L2 relative residual: iterated = 2.710361e-11, true = 2.710361e-11 (requested = 1.000000e-10)
GCR: Convergence at 20 iterations, n = 6, L2 relative residual: iterated = 4.601983e-11, true = 4.601983e-11 (requested = 1.000000e-10)
GCR: Convergence at 20 iterations, n = 7, L2 relative residual: iterated = 5.569162e-11, true = 5.569162e-11 (requested = 1.000000e-10)
GCR: Convergence at 20 iterations, n = 8, L2 relative residual: iterated = 5.929488e-11, true = 5.929488e-11 (requested = 1.000000e-10)
GCR: Convergence at 20 iterations, n = 9, L2 relative residual: iterated = 7.359328e-11, true = 7.359328e-11 (requested = 1.000000e-10)
GCR: Convergence at 20 iterations, n = 10, L2 relative residual: iterated = 3.759307e-11, true = 3.759307e-11 (requested = 1.000000e-10)
GCR: Convergence at 20 iterations, n = 11, L2 relative residual: iterated = 6.501079e-11, true = 6.501079e-11 (requested = 1.000000e-10)
PyQUDA INFO: Time = 1.745 secs, Performance = 14634.285 GFLOPS
GCR: Convergence at 20 iterations, n = 0, L2 relative residual: iterated = 4.655152e-11, true = 4.655152e-11 (requested = 1.000000e-10)
GCR: Convergence at 20 iterations, n = 1, L2 relative residual: iterated = 4.989737e-11, true = 4.989737e-11 (requested = 1.000000e-10)
GCR: Convergence at 20 iterations, n = 2, L2 relative residual: iterated = 4.998731e-11, true = 4.998731e-11 (requested = 1.000000e-10)
GCR: Convergence at 20 iterations, n = 3, L2 relative residual: iterated = 4.396033e-11, true = 4.396033e-11 (requested = 1.000000e-10)
GCR: Convergence at 20 iterations, n = 4, L2 relative residual: iterated = 3.631891e-11, true = 3.631891e-11 (requested = 1.000000e-10)
GCR: Convergence at 20 iterations, n = 5, L2 relative residual: iterated = 6.890675e-11, true = 6.890675e-11 (requested = 1.000000e-10)
GCR: Convergence at 20 iterations, n = 6, L2 relative residual: iterated = 5.621225e-11, true = 5.621225e-11 (requested = 1.000000e-10)
GCR: Convergence at 20 iterations, n = 7, L2 relative residual: iterated = 4.847707e-11, true = 4.847707e-11 (requested = 1.000000e-10)
GCR: Convergence at 20 iterations, n = 8, L2 relative residual: iterated = 5.973092e-11, true = 5.973092e-11 (requested = 1.000000e-10)
GCR: Convergence at 20 iterations, n = 9, L2 relative residual: iterated = 4.788966e-11, true = 4.788966e-11 (requested = 1.000000e-10)
GCR: Convergence at 20 iterations, n = 10, L2 relative residual: iterated = 3.475294e-11, true = 3.475294e-11 (requested = 1.000000e-10)
GCR: Convergence at 20 iterations, n = 11, L2 relative residual: iterated = 6.436081e-11, true = 6.436081e-11 (requested = 1.000000e-10)
PyQUDA INFO: Time = 1.779 secs, Performance = 14345.008 GFLOPS
PyQUDA INFO: INVERT 2 propagagors: 3.52591639199818 secs
PyQUDA INFO: DOING SINK GAUSSIAN SMEARING
PyQUDA INFO: SINK GAUSSIAN SMEAR: 0.8411845459922915 secs
PyQUDA INFO: GPU used 44.3 GB, cupy pool 32.8 GB, cupy live 10.1 GB
PyQUDA INFO: CONTRACT ALL: 3.325971035999828 secs
PyQUDA INFO: UNTIL CONTRACTION: 8.818123150995234 secs
PyQUDA INFO: SAVING SECTION:0.5926651540066814 secs
PyQUDA INFO: END CFG #234: GPU used 44.3 GB, cupy pool 32.8 GB, cupy live 10.1 GB
PyQUDA INFO: READ GAUGE #264: 2.8890211260004435 secs
PyQUDA INFO: DOING HYP SMEARING
PyQUDA INFO: plaq_hyp_before = [0.5839422431310826, 0.5840341482488014, 0.5838503380133636]
performGaugeSmearQuda: step 000 plaquette (mean 5.8394224313108256e-01, spatial 5.8403414824880140e-01 temporal 5.8385033801336361e-01) Q charge = 4.0686440654839027e+00
PyQUDA INFO: plaq_hyp_after = [0.9461186384543904, 0.9461326470073282, 0.9461046299014525]
PyQUDA INFO: HYP SMEAR: 0.6329397289955523 secs
PyQUDA INFO: DOING APE SMEARING
PyQUDA INFO: plaq_ape_before = [0.5839422431310826, 0.5840341482488014, 0.5838503380133636]
performGaugeSmearQuda: step 000 plaquette (mean 5.8394224313108256e-01, spatial 5.8403414824880140e-01 temporal 5.8385033801336361e-01) Q charge = 4.0686440654839027e+00
PyQUDA INFO: plaq_ape_after = [0.8193807852102837, 0.9988429854163217, 0.6399185850042457]
PyQUDA INFO: APE SMEAR: 0.6635823550022906 secs
PyQUDA INFO: INNER LOOP STARTS
PyQUDA INFO: SOURCE POSITION = [np.int64(30), np.int64(30), np.int64(30), np.int64(50)]
PyQUDA INFO: DOING SRC GAUSSIAN SMEARING
PyQUDA INFO: SOURCE GAUSSIAN SMEAR: 0.8252924639964476 secs
PyQUDA INFO: RELOADING GAUGE
PyQUDA INFO: RELOADING GAUGE: 0.2600776900071651 secs
PyQUDA INFO: SOLVING DIRAC EQ
GCR: Convergence at 21 iterations, n = 0, L2 relative residual: iterated = 1.788591e-11, true = 1.788591e-11 (requested = 1.000000e-10)
GCR: Convergence at 21 iterations, n = 1, L2 relative residual: iterated = 3.585442e-11, true = 3.585442e-11 (requested = 1.000000e-10)
GCR: Convergence at 21 iterations, n = 2, L2 relative residual: iterated = 3.516174e-11, true = 3.516174e-11 (requested = 1.000000e-10)
GCR: Convergence at 21 iterations, n = 3, L2 relative residual: iterated = 5.104221e-11, true = 5.104221e-11 (requested = 1.000000e-10)
GCR: Convergence at 21 iterations, n = 4, L2 relative residual: iterated = 3.178453e-11, true = 3.178453e-11 (requested = 1.000000e-10)
GCR: Convergence at 21 iterations, n = 5, L2 relative residual: iterated = 3.552990e-11, true = 3.552990e-11 (requested = 1.000000e-10)
GCR: Convergence at 21 iterations, n = 6, L2 relative residual: iterated = 2.869749e-11, true = 2.869749e-11 (requested = 1.000000e-10)
GCR: Convergence at 21 iterations, n = 7, L2 relative residual: iterated = 1.596732e-11, true = 1.596732e-11 (requested = 1.000000e-10)
GCR: Convergence at 21 iterations, n = 8, L2 relative residual: iterated = 3.772486e-11, true = 3.772486e-11 (requested = 1.000000e-10)
GCR: Convergence at 21 iterations, n = 9, L2 relative residual: iterated = 2.955561e-11, true = 2.955561e-11 (requested = 1.000000e-10)
GCR: Convergence at 21 iterations, n = 10, L2 relative residual: iterated = 2.754163e-11, true = 2.754163e-11 (requested = 1.000000e-10)
GCR: Convergence at 21 iterations, n = 11, L2 relative residual: iterated = 2.623894e-11, true = 2.623894e-11 (requested = 1.000000e-10)
PyQUDA INFO: Time = 1.925 secs, Performance = 13919.509 GFLOPS
GCR: Convergence at 21 iterations, n = 0, L2 relative residual: iterated = 3.739690e-11, true = 3.739690e-11 (requested = 1.000000e-10)
GCR: Convergence at 21 iterations, n = 1, L2 relative residual: iterated = 5.489437e-11, true = 5.489437e-11 (requested = 1.000000e-10)
GCR: Convergence at 21 iterations, n = 2, L2 relative residual: iterated = 5.051562e-11, true = 5.051562e-11 (requested = 1.000000e-10)
GCR: Convergence at 21 iterations, n = 3, L2 relative residual: iterated = 5.248294e-11, true = 5.248294e-11 (requested = 1.000000e-10)
GCR: Convergence at 21 iterations, n = 4, L2 relative residual: iterated = 2.917519e-11, true = 2.917519e-11 (requested = 1.000000e-10)
GCR: Convergence at 21 iterations, n = 5, L2 relative residual: iterated = 2.760202e-11, true = 2.760202e-11 (requested = 1.000000e-10)
GCR: Convergence at 21 iterations, n = 6, L2 relative residual: iterated = 2.461507e-11, true = 2.461507e-11 (requested = 1.000000e-10)
GCR: Convergence at 21 iterations, n = 7, L2 relative residual: iterated = 3.232898e-11, true = 3.232898e-11 (requested = 1.000000e-10)
GCR: Convergence at 21 iterations, n = 8, L2 relative residual: iterated = 2.294082e-11, true = 2.294082e-11 (requested = 1.000000e-10)
GCR: Convergence at 21 iterations, n = 9, L2 relative residual: iterated = 3.149908e-11, true = 3.149908e-11 (requested = 1.000000e-10)
GCR: Convergence at 21 iterations, n = 10, L2 relative residual: iterated = 3.707389e-11, true = 3.707389e-11 (requested = 1.000000e-10)
GCR: Convergence at 21 iterations, n = 11, L2 relative residual: iterated = 2.371724e-11, true = 2.371724e-11 (requested = 1.000000e-10)
PyQUDA INFO: Time = 1.847 secs, Performance = 14504.755 GFLOPS
PyQUDA INFO: INVERT 2 propagagors: 3.7752465270023094 secs
PyQUDA INFO: DOING SINK GAUSSIAN SMEARING
PyQUDA INFO: SINK GAUSSIAN SMEAR: 0.9670659360126592 secs
PyQUDA INFO: GPU used 44.3 GB, cupy pool 32.8 GB, cupy live 10.1 GB
PyQUDA INFO: CONTRACT ALL: 3.3271348039997974 secs
PyQUDA INFO: UNTIL CONTRACTION: 9.198334991000593 secs
PyQUDA INFO: INNER LOOP STARTS
PyQUDA INFO: SOURCE POSITION = [np.int64(30), np.int64(30), np.int64(14), np.int64(50)]
PyQUDA INFO: DOING SRC GAUSSIAN SMEARING
PyQUDA INFO: SOURCE GAUSSIAN SMEAR: 0.8153932290006196 secs
PyQUDA INFO: RELOADING GAUGE
PyQUDA INFO: RELOADING GAUGE: 0.25995239200710785 secs
PyQUDA INFO: SOLVING DIRAC EQ
GCR: Convergence at 21 iterations, n = 0, L2 relative residual: iterated = 2.198300e-11, true = 2.198300e-11 (requested = 1.000000e-10)
GCR: Convergence at 21 iterations, n = 1, L2 relative residual: iterated = 4.096719e-11, true = 4.096719e-11 (requested = 1.000000e-10)
GCR: Convergence at 21 iterations, n = 2, L2 relative residual: iterated = 2.968080e-11, true = 2.968080e-11 (requested = 1.000000e-10)
GCR: Convergence at 21 iterations, n = 3, L2 relative residual: iterated = 3.015574e-11, true = 3.015574e-11 (requested = 1.000000e-10)
GCR: Convergence at 21 iterations, n = 4, L2 relative residual: iterated = 1.505947e-11, true = 1.505947e-11 (requested = 1.000000e-10)
GCR: Convergence at 21 iterations, n = 5, L2 relative residual: iterated = 2.373547e-11, true = 2.373547e-11 (requested = 1.000000e-10)
GCR: Convergence at 21 iterations, n = 6, L2 relative residual: iterated = 3.410000e-11, true = 3.410000e-11 (requested = 1.000000e-10)
GCR: Convergence at 21 iterations, n = 7, L2 relative residual: iterated = 1.853003e-11, true = 1.853003e-11 (requested = 1.000000e-10)
GCR: Convergence at 21 iterations, n = 8, L2 relative residual: iterated = 3.178616e-11, true = 3.178616e-11 (requested = 1.000000e-10)
GCR: Convergence at 21 iterations, n = 9, L2 relative residual: iterated = 2.263688e-11, true = 2.263688e-11 (requested = 1.000000e-10)
GCR: Convergence at 21 iterations, n = 10, L2 relative residual: iterated = 2.555318e-11, true = 2.555318e-11 (requested = 1.000000e-10)
GCR: Convergence at 21 iterations, n = 11, L2 relative residual: iterated = 3.075627e-11, true = 3.075627e-11 (requested = 1.000000e-10)
PyQUDA INFO: Time = 1.813 secs, Performance = 14777.982 GFLOPS
GCR: Convergence at 20 iterations, n = 0, L2 relative residual: iterated = 5.051260e-11, true = 5.051260e-11 (requested = 1.000000e-10)
GCR: Convergence at 20 iterations, n = 1, L2 relative residual: iterated = 8.550816e-11, true = 8.550816e-11 (requested = 1.000000e-10)
GCR: Convergence at 20 iterations, n = 2, L2 relative residual: iterated = 6.270007e-11, true = 6.270007e-11 (requested = 1.000000e-10)
GCR: Convergence at 20 iterations, n = 3, L2 relative residual: iterated = 5.360544e-11, true = 5.360544e-11 (requested = 1.000000e-10)
GCR: Convergence at 20 iterations, n = 4, L2 relative residual: iterated = 9.121716e-11, true = 9.121716e-11 (requested = 1.000000e-10)
GCR: Convergence at 20 iterations, n = 5, L2 relative residual: iterated = 5.451153e-11, true = 5.451153e-11 (requested = 1.000000e-10)
GCR: Convergence at 20 iterations, n = 6, L2 relative residual: iterated = 8.621472e-11, true = 8.621472e-11 (requested = 1.000000e-10)
GCR: Convergence at 20 iterations, n = 7, L2 relative residual: iterated = 6.559007e-11, true = 6.559007e-11 (requested = 1.000000e-10)
GCR: Convergence at 20 iterations, n = 8, L2 relative residual: iterated = 4.859284e-11, true = 4.859284e-11 (requested = 1.000000e-10)
GCR: Convergence at 20 iterations, n = 9, L2 relative residual: iterated = 7.728703e-11, true = 7.728703e-11 (requested = 1.000000e-10)
GCR: Convergence at 20 iterations, n = 10, L2 relative residual: iterated = 9.211529e-11, true = 9.211529e-11 (requested = 1.000000e-10)
GCR: Convergence at 20 iterations, n = 11, L2 relative residual: iterated = 5.937553e-11, true = 5.937553e-11 (requested = 1.000000e-10)
PyQUDA INFO: Time = 1.774 secs, Performance = 14370.576 GFLOPS
PyQUDA INFO: INVERT 2 propagagors: 3.590117294996162 secs
PyQUDA INFO: DOING SINK GAUSSIAN SMEARING
PyQUDA INFO: SINK GAUSSIAN SMEAR: 0.9665425809944281 secs
PyQUDA INFO: GPU used 44.3 GB, cupy pool 32.8 GB, cupy live 10.1 GB
PyQUDA INFO: CONTRACT ALL: 3.325311562002753 secs
PyQUDA INFO: UNTIL CONTRACTION: 9.000316899007885 secs
PyQUDA INFO: INNER LOOP STARTS
PyQUDA INFO: SOURCE POSITION = [np.int64(30), np.int64(14), np.int64(30), np.int64(50)]
PyQUDA INFO: DOING SRC GAUSSIAN SMEARING
PyQUDA INFO: SOURCE GAUSSIAN SMEAR: 0.815255231995252 secs
PyQUDA INFO: RELOADING GAUGE
PyQUDA INFO: RELOADING GAUGE: 0.2628700530040078 secs
PyQUDA INFO: SOLVING DIRAC EQ
GCR: Convergence at 21 iterations, n = 0, L2 relative residual: iterated = 1.776500e-11, true = 1.776500e-11 (requested = 1.000000e-10)
GCR: Convergence at 21 iterations, n = 1, L2 relative residual: iterated = 2.215908e-11, true = 2.215908e-11 (requested = 1.000000e-10)
GCR: Convergence at 21 iterations, n = 2, L2 relative residual: iterated = 1.956710e-11, true = 1.956710e-11 (requested = 1.000000e-10)
GCR: Convergence at 21 iterations, n = 3, L2 relative residual: iterated = 1.539061e-11, true = 1.539061e-11 (requested = 1.000000e-10)
GCR: Convergence at 21 iterations, n = 4, L2 relative residual: iterated = 1.898804e-11, true = 1.898804e-11 (requested = 1.000000e-10)
GCR: Convergence at 21 iterations, n = 5, L2 relative residual: iterated = 2.413451e-11, true = 2.413451e-11 (requested = 1.000000e-10)
GCR: Convergence at 21 iterations, n = 6, L2 relative residual: iterated = 1.811381e-11, true = 1.811381e-11 (requested = 1.000000e-10)
GCR: Convergence at 21 iterations, n = 7, L2 relative residual: iterated = 5.511822e-11, true = 5.511822e-11 (requested = 1.000000e-10)
GCR: Convergence at 21 iterations, n = 8, L2 relative residual: iterated = 3.521782e-11, true = 3.521782e-11 (requested = 1.000000e-10)
GCR: Convergence at 21 iterations, n = 9, L2 relative residual: iterated = 3.086877e-11, true = 3.086877e-11 (requested = 1.000000e-10)
GCR: Convergence at 21 iterations, n = 10, L2 relative residual: iterated = 2.137688e-11, true = 2.137688e-11 (requested = 1.000000e-10)
GCR: Convergence at 21 iterations, n = 11, L2 relative residual: iterated = 3.470701e-11, true = 3.470701e-11 (requested = 1.000000e-10)
PyQUDA INFO: Time = 1.815 secs, Performance = 14763.823 GFLOPS
GCR: Convergence at 21 iterations, n = 0, L2 relative residual: iterated = 2.194274e-11, true = 2.194274e-11 (requested = 1.000000e-10)
GCR: Convergence at 21 iterations, n = 1, L2 relative residual: iterated = 2.646323e-11, true = 2.646323e-11 (requested = 1.000000e-10)
GCR: Convergence at 21 iterations, n = 2, L2 relative residual: iterated = 2.376158e-11, true = 2.376158e-11 (requested = 1.000000e-10)
GCR: Convergence at 21 iterations, n = 3, L2 relative residual: iterated = 2.047488e-11, true = 2.047488e-11 (requested = 1.000000e-10)
GCR: Convergence at 21 iterations, n = 4, L2 relative residual: iterated = 2.586903e-11, true = 2.586903e-11 (requested = 1.000000e-10)
GCR: Convergence at 21 iterations, n = 5, L2 relative residual: iterated = 2.676208e-11, true = 2.676208e-11 (requested = 1.000000e-10)
GCR: Convergence at 21 iterations, n = 6, L2 relative residual: iterated = 2.440518e-11, true = 2.440518e-11 (requested = 1.000000e-10)
GCR: Convergence at 21 iterations, n = 7, L2 relative residual: iterated = 4.796077e-11, true = 4.796077e-11 (requested = 1.000000e-10)
GCR: Convergence at 21 iterations, n = 8, L2 relative residual: iterated = 2.315583e-11, true = 2.315583e-11 (requested = 1.000000e-10)
GCR: Convergence at 21 iterations, n = 9, L2 relative residual: iterated = 5.961239e-11, true = 5.961239e-11 (requested = 1.000000e-10)
GCR: Convergence at 21 iterations, n = 10, L2 relative residual: iterated = 1.485836e-11, true = 1.485836e-11 (requested = 1.000000e-10)
GCR: Convergence at 21 iterations, n = 11, L2 relative residual: iterated = 3.181559e-11, true = 3.181559e-11 (requested = 1.000000e-10)
PyQUDA INFO: Time = 1.846 secs, Performance = 14500.761 GFLOPS
PyQUDA INFO: INVERT 2 propagagors: 3.6636455910047516 secs
PyQUDA INFO: DOING SINK GAUSSIAN SMEARING
PyQUDA INFO: SINK GAUSSIAN SMEAR: 0.8428724550030893 secs
PyQUDA INFO: GPU used 44.3 GB, cupy pool 32.8 GB, cupy live 10.1 GB
PyQUDA INFO: CONTRACT ALL: 3.3280941569973947 secs
PyQUDA INFO: UNTIL CONTRACTION: 8.95626820900361 secs
PyQUDA INFO: INNER LOOP STARTS
PyQUDA INFO: SOURCE POSITION = [np.int64(30), np.int64(14), np.int64(14), np.int64(50)]
PyQUDA INFO: DOING SRC GAUSSIAN SMEARING
PyQUDA INFO: SOURCE GAUSSIAN SMEAR: 0.8176410000014585 secs
PyQUDA INFO: RELOADING GAUGE
PyQUDA INFO: RELOADING GAUGE: 0.26187887199921533 secs
PyQUDA INFO: SOLVING DIRAC EQ
GCR: Convergence at 21 iterations, n = 0, L2 relative residual: iterated = 3.120884e-11, true = 3.120884e-11 (requested = 1.000000e-10)
GCR: Convergence at 21 iterations, n = 1, L2 relative residual: iterated = 2.313856e-11, true = 2.313856e-11 (requested = 1.000000e-10)
GCR: Convergence at 21 iterations, n = 2, L2 relative residual: iterated = 3.384986e-11, true = 3.384986e-11 (requested = 1.000000e-10)
GCR: Convergence at 21 iterations, n = 3, L2 relative residual: iterated = 2.187075e-11, true = 2.187075e-11 (requested = 1.000000e-10)
GCR: Convergence at 21 iterations, n = 4, L2 relative residual: iterated = 4.344396e-11, true = 4.344396e-11 (requested = 1.000000e-10)
GCR: Convergence at 21 iterations, n = 5, L2 relative residual: iterated = 2.038254e-11, true = 2.038254e-11 (requested = 1.000000e-10)
GCR: Convergence at 21 iterations, n = 6, L2 relative residual: iterated = 3.172859e-11, true = 3.172859e-11 (requested = 1.000000e-10)
GCR: Convergence at 21 iterations, n = 7, L2 relative residual: iterated = 4.573989e-11, true = 4.573989e-11 (requested = 1.000000e-10)
GCR: Convergence at 21 iterations, n = 8, L2 relative residual: iterated = 3.946788e-11, true = 3.946788e-11 (requested = 1.000000e-10)
GCR: Convergence at 21 iterations, n = 9, L2 relative residual: iterated = 3.951490e-11, true = 3.951490e-11 (requested = 1.000000e-10)
GCR: Convergence at 21 iterations, n = 10, L2 relative residual: iterated = 3.561105e-11, true = 3.561105e-11 (requested = 1.000000e-10)
GCR: Convergence at 21 iterations, n = 11, L2 relative residual: iterated = 3.578519e-11, true = 3.578519e-11 (requested = 1.000000e-10)
PyQUDA INFO: Time = 1.818 secs, Performance = 14731.042 GFLOPS
GCR: Convergence at 21 iterations, n = 0, L2 relative residual: iterated = 2.666156e-11, true = 2.666156e-11 (requested = 1.000000e-10)
GCR: Convergence at 21 iterations, n = 1, L2 relative residual: iterated = 2.197699e-11, true = 2.197699e-11 (requested = 1.000000e-10)
GCR: Convergence at 21 iterations, n = 2, L2 relative residual: iterated = 2.928982e-11, true = 2.928982e-11 (requested = 1.000000e-10)
GCR: Convergence at 21 iterations, n = 3, L2 relative residual: iterated = 1.988189e-11, true = 1.988189e-11 (requested = 1.000000e-10)
GCR: Convergence at 21 iterations, n = 4, L2 relative residual: iterated = 1.970154e-11, true = 1.970154e-11 (requested = 1.000000e-10)
GCR: Convergence at 21 iterations, n = 5, L2 relative residual: iterated = 2.141554e-11, true = 2.141554e-11 (requested = 1.000000e-10)
GCR: Convergence at 21 iterations, n = 6, L2 relative residual: iterated = 1.876267e-11, true = 1.876267e-11 (requested = 1.000000e-10)
GCR: Convergence at 21 iterations, n = 7, L2 relative residual: iterated = 2.163919e-11, true = 2.163919e-11 (requested = 1.000000e-10)
GCR: Convergence at 21 iterations, n = 8, L2 relative residual: iterated = 4.005645e-11, true = 4.005645e-11 (requested = 1.000000e-10)
GCR: Convergence at 21 iterations, n = 9, L2 relative residual: iterated = 3.977746e-11, true = 3.977746e-11 (requested = 1.000000e-10)
GCR: Convergence at 21 iterations, n = 10, L2 relative residual: iterated = 2.408133e-11, true = 2.408133e-11 (requested = 1.000000e-10)
GCR: Convergence at 21 iterations, n = 11, L2 relative residual: iterated = 3.502092e-11, true = 3.502092e-11 (requested = 1.000000e-10)
PyQUDA INFO: Time = 1.849 secs, Performance = 14496.117 GFLOPS
PyQUDA INFO: INVERT 2 propagagors: 3.6697998360032216 secs
PyQUDA INFO: DOING SINK GAUSSIAN SMEARING
PyQUDA INFO: SINK GAUSSIAN SMEAR: 0.9444692880060757 secs
PyQUDA INFO: GPU used 44.3 GB, cupy pool 32.8 GB, cupy live 10.1 GB
PyQUDA INFO: CONTRACT ALL: 3.325626430014381 secs
PyQUDA INFO: UNTIL CONTRACTION: 9.063124926004093 secs
PyQUDA INFO: INNER LOOP STARTS
PyQUDA INFO: SOURCE POSITION = [np.int64(14), np.int64(30), np.int64(30), np.int64(50)]
PyQUDA INFO: DOING SRC GAUSSIAN SMEARING
PyQUDA INFO: SOURCE GAUSSIAN SMEAR: 0.8131031000084477 secs
PyQUDA INFO: RELOADING GAUGE
PyQUDA INFO: RELOADING GAUGE: 0.2536722049990203 secs
PyQUDA INFO: SOLVING DIRAC EQ
GCR: Convergence at 21 iterations, n = 0, L2 relative residual: iterated = 3.945468e-11, true = 3.945468e-11 (requested = 1.000000e-10)
GCR: Convergence at 21 iterations, n = 1, L2 relative residual: iterated = 3.229406e-11, true = 3.229406e-11 (requested = 1.000000e-10)
GCR: Convergence at 21 iterations, n = 2, L2 relative residual: iterated = 1.951546e-11, true = 1.951546e-11 (requested = 1.000000e-10)
GCR: Convergence at 21 iterations, n = 3, L2 relative residual: iterated = 4.823566e-11, true = 4.823566e-11 (requested = 1.000000e-10)
GCR: Convergence at 21 iterations, n = 4, L2 relative residual: iterated = 3.467588e-11, true = 3.467588e-11 (requested = 1.000000e-10)
GCR: Convergence at 21 iterations, n = 5, L2 relative residual: iterated = 3.544185e-11, true = 3.544185e-11 (requested = 1.000000e-10)
GCR: Convergence at 21 iterations, n = 6, L2 relative residual: iterated = 2.548116e-11, true = 2.548116e-11 (requested = 1.000000e-10)
GCR: Convergence at 21 iterations, n = 7, L2 relative residual: iterated = 1.866341e-11, true = 1.866341e-11 (requested = 1.000000e-10)
GCR: Convergence at 21 iterations, n = 8, L2 relative residual: iterated = 9.119941e-12, true = 9.119941e-12 (requested = 1.000000e-10)
GCR: Convergence at 21 iterations, n = 9, L2 relative residual: iterated = 1.749360e-11, true = 1.749360e-11 (requested = 1.000000e-10)
GCR: Convergence at 21 iterations, n = 10, L2 relative residual: iterated = 1.372715e-11, true = 1.372715e-11 (requested = 1.000000e-10)
GCR: Convergence at 21 iterations, n = 11, L2 relative residual: iterated = 1.432952e-11, true = 1.432952e-11 (requested = 1.000000e-10)
PyQUDA INFO: Time = 1.813 secs, Performance = 14756.507 GFLOPS
GCR: Convergence at 20 iterations, n = 0, L2 relative residual: iterated = 9.887862e-11, true = 9.887862e-11 (requested = 1.000000e-10)
GCR: Convergence at 20 iterations, n = 1, L2 relative residual: iterated = 7.153315e-11, true = 7.153315e-11 (requested = 1.000000e-10)
GCR: Convergence at 20 iterations, n = 2, L2 relative residual: iterated = 9.520602e-11, true = 9.520602e-11 (requested = 1.000000e-10)
GCR: Convergence at 20 iterations, n = 3, L2 relative residual: iterated = 5.623598e-11, true = 5.623598e-11 (requested = 1.000000e-10)
GCR: Convergence at 20 iterations, n = 4, L2 relative residual: iterated = 9.061781e-11, true = 9.061781e-11 (requested = 1.000000e-10)
GCR: Convergence at 20 iterations, n = 5, L2 relative residual: iterated = 7.073883e-11, true = 7.073883e-11 (requested = 1.000000e-10)
GCR: Convergence at 20 iterations, n = 6, L2 relative residual: iterated = 3.005467e-11, true = 3.005467e-11 (requested = 1.000000e-10)
GCR: Convergence at 20 iterations, n = 7, L2 relative residual: iterated = 5.020799e-11, true = 5.020799e-11 (requested = 1.000000e-10)
GCR: Convergence at 20 iterations, n = 8, L2 relative residual: iterated = 4.365217e-11, true = 4.365217e-11 (requested = 1.000000e-10)
GCR: Convergence at 20 iterations, n = 9, L2 relative residual: iterated = 4.686437e-11, true = 4.686437e-11 (requested = 1.000000e-10)
GCR: Convergence at 20 iterations, n = 10, L2 relative residual: iterated = 3.873328e-11, true = 3.873328e-11 (requested = 1.000000e-10)
GCR: Convergence at 20 iterations, n = 11, L2 relative residual: iterated = 8.639494e-11, true = 8.639494e-11 (requested = 1.000000e-10)
PyQUDA INFO: Time = 1.771 secs, Performance = 14383.405 GFLOPS
PyQUDA INFO: INVERT 2 propagagors: 3.5861901979951654 secs
PyQUDA INFO: DOING SINK GAUSSIAN SMEARING
PyQUDA INFO: SINK GAUSSIAN SMEAR: 0.9673958650091663 secs
PyQUDA INFO: GPU used 44.3 GB, cupy pool 32.8 GB, cupy live 10.1 GB
PyQUDA INFO: CONTRACT ALL: 3.3275189690029947 secs
PyQUDA INFO: UNTIL CONTRACTION: 8.991028885997366 secs
PyQUDA INFO: INNER LOOP STARTS
PyQUDA INFO: SOURCE POSITION = [np.int64(14), np.int64(30), np.int64(14), np.int64(50)]
PyQUDA INFO: DOING SRC GAUSSIAN SMEARING
PyQUDA INFO: SOURCE GAUSSIAN SMEAR: 0.8295186820032541 secs
PyQUDA INFO: RELOADING GAUGE
PyQUDA INFO: RELOADING GAUGE: 0.2621864389948314 secs
PyQUDA INFO: SOLVING DIRAC EQ
GCR: Convergence at 21 iterations, n = 0, L2 relative residual: iterated = 1.474569e-11, true = 1.474569e-11 (requested = 1.000000e-10)
GCR: Convergence at 21 iterations, n = 1, L2 relative residual: iterated = 1.477623e-11, true = 1.477623e-11 (requested = 1.000000e-10)
GCR: Convergence at 21 iterations, n = 2, L2 relative residual: iterated = 1.830288e-11, true = 1.830288e-11 (requested = 1.000000e-10)
GCR: Convergence at 21 iterations, n = 3, L2 relative residual: iterated = 3.328730e-11, true = 3.328730e-11 (requested = 1.000000e-10)
GCR: Convergence at 21 iterations, n = 4, L2 relative residual: iterated = 1.407074e-11, true = 1.407074e-11 (requested = 1.000000e-10)
GCR: Convergence at 21 iterations, n = 5, L2 relative residual: iterated = 1.742021e-11, true = 1.742021e-11 (requested = 1.000000e-10)
GCR: Convergence at 21 iterations, n = 6, L2 relative residual: iterated = 3.659267e-11, true = 3.659267e-11 (requested = 1.000000e-10)
GCR: Convergence at 21 iterations, n = 7, L2 relative residual: iterated = 3.144417e-11, true = 3.144417e-11 (requested = 1.000000e-10)
GCR: Convergence at 21 iterations, n = 8, L2 relative residual: iterated = 3.006555e-11, true = 3.006555e-11 (requested = 1.000000e-10)
GCR: Convergence at 21 iterations, n = 9, L2 relative residual: iterated = 3.145497e-11, true = 3.145497e-11 (requested = 1.000000e-10)
GCR: Convergence at 21 iterations, n = 10, L2 relative residual: iterated = 4.462446e-11, true = 4.462446e-11 (requested = 1.000000e-10)
GCR: Convergence at 21 iterations, n = 11, L2 relative residual: iterated = 3.834873e-11, true = 3.834873e-11 (requested = 1.000000e-10)
PyQUDA INFO: Time = 1.817 secs, Performance = 14738.240 GFLOPS
GCR: Convergence at 21 iterations, n = 0, L2 relative residual: iterated = 1.705957e-11, true = 1.705957e-11 (requested = 1.000000e-10)
GCR: Convergence at 21 iterations, n = 1, L2 relative residual: iterated = 1.884457e-11, true = 1.884457e-11 (requested = 1.000000e-10)
GCR: Convergence at 21 iterations, n = 2, L2 relative residual: iterated = 2.513909e-11, true = 2.513909e-11 (requested = 1.000000e-10)
GCR: Convergence at 21 iterations, n = 3, L2 relative residual: iterated = 1.515601e-11, true = 1.515601e-11 (requested = 1.000000e-10)
GCR: Convergence at 21 iterations, n = 4, L2 relative residual: iterated = 1.861651e-11, true = 1.861651e-11 (requested = 1.000000e-10)
GCR: Convergence at 21 iterations, n = 5, L2 relative residual: iterated = 1.860151e-11, true = 1.860151e-11 (requested = 1.000000e-10)
GCR: Convergence at 21 iterations, n = 6, L2 relative residual: iterated = 3.662327e-11, true = 3.662327e-11 (requested = 1.000000e-10)
GCR: Convergence at 21 iterations, n = 7, L2 relative residual: iterated = 4.662895e-11, true = 4.662895e-11 (requested = 1.000000e-10)
GCR: Convergence at 21 iterations, n = 8, L2 relative residual: iterated = 2.885212e-11, true = 2.885212e-11 (requested = 1.000000e-10)
GCR: Convergence at 21 iterations, n = 9, L2 relative residual: iterated = 2.429406e-11, true = 2.429406e-11 (requested = 1.000000e-10)
GCR: Convergence at 21 iterations, n = 10, L2 relative residual: iterated = 3.643253e-11, true = 3.643253e-11 (requested = 1.000000e-10)
GCR: Convergence at 21 iterations, n = 11, L2 relative residual: iterated = 4.383446e-11, true = 4.383446e-11 (requested = 1.000000e-10)
PyQUDA INFO: Time = 1.849 secs, Performance = 14501.645 GFLOPS
PyQUDA INFO: INVERT 2 propagagors: 3.6682894959958503 secs
PyQUDA INFO: DOING SINK GAUSSIAN SMEARING
PyQUDA INFO: SINK GAUSSIAN SMEAR: 0.9699492579966318 secs
PyQUDA INFO: GPU used 44.3 GB, cupy pool 32.8 GB, cupy live 10.1 GB
PyQUDA INFO: CONTRACT ALL: 3.3258143560087774 secs
PyQUDA INFO: UNTIL CONTRACTION: 9.098979854999925 secs
PyQUDA INFO: INNER LOOP STARTS
PyQUDA INFO: SOURCE POSITION = [np.int64(14), np.int64(14), np.int64(30), np.int64(50)]
PyQUDA INFO: DOING SRC GAUSSIAN SMEARING
PyQUDA INFO: SOURCE GAUSSIAN SMEAR: 0.8145018700015498 secs
PyQUDA INFO: RELOADING GAUGE
PyQUDA INFO: RELOADING GAUGE: 0.26079988399578724 secs
PyQUDA INFO: SOLVING DIRAC EQ
GCR: Convergence at 21 iterations, n = 0, L2 relative residual: iterated = 4.770144e-11, true = 4.770144e-11 (requested = 1.000000e-10)
GCR: Convergence at 21 iterations, n = 1, L2 relative residual: iterated = 3.442861e-11, true = 3.442861e-11 (requested = 1.000000e-10)
GCR: Convergence at 21 iterations, n = 2, L2 relative residual: iterated = 2.603641e-11, true = 2.603641e-11 (requested = 1.000000e-10)
GCR: Convergence at 21 iterations, n = 3, L2 relative residual: iterated = 2.401275e-11, true = 2.401275e-11 (requested = 1.000000e-10)
GCR: Convergence at 21 iterations, n = 4, L2 relative residual: iterated = 3.248750e-11, true = 3.248750e-11 (requested = 1.000000e-10)
GCR: Convergence at 21 iterations, n = 5, L2 relative residual: iterated = 3.529614e-11, true = 3.529614e-11 (requested = 1.000000e-10)
GCR: Convergence at 21 iterations, n = 6, L2 relative residual: iterated = 2.727243e-11, true = 2.727243e-11 (requested = 1.000000e-10)
GCR: Convergence at 21 iterations, n = 7, L2 relative residual: iterated = 2.009412e-11, true = 2.009412e-11 (requested = 1.000000e-10)
GCR: Convergence at 21 iterations, n = 8, L2 relative residual: iterated = 5.559219e-11, true = 5.559219e-11 (requested = 1.000000e-10)
GCR: Convergence at 21 iterations, n = 9, L2 relative residual: iterated = 3.391327e-11, true = 3.391327e-11 (requested = 1.000000e-10)
GCR: Convergence at 21 iterations, n = 10, L2 relative residual: iterated = 1.849227e-11, true = 1.849227e-11 (requested = 1.000000e-10)
GCR: Convergence at 21 iterations, n = 11, L2 relative residual: iterated = 3.384193e-11, true = 3.384193e-11 (requested = 1.000000e-10)
PyQUDA INFO: Time = 1.817 secs, Performance = 14717.495 GFLOPS
GCR: Convergence at 21 iterations, n = 0, L2 relative residual: iterated = 5.083182e-11, true = 5.083182e-11 (requested = 1.000000e-10)
GCR: Convergence at 21 iterations, n = 1, L2 relative residual: iterated = 2.042694e-11, true = 2.042694e-11 (requested = 1.000000e-10)
GCR: Convergence at 21 iterations, n = 2, L2 relative residual: iterated = 3.226836e-11, true = 3.226836e-11 (requested = 1.000000e-10)
GCR: Convergence at 21 iterations, n = 3, L2 relative residual: iterated = 3.705138e-11, true = 3.705138e-11 (requested = 1.000000e-10)
GCR: Convergence at 21 iterations, n = 4, L2 relative residual: iterated = 5.295592e-11, true = 5.295592e-11 (requested = 1.000000e-10)
GCR: Convergence at 21 iterations, n = 5, L2 relative residual: iterated = 3.920150e-11, true = 3.920150e-11 (requested = 1.000000e-10)
GCR: Convergence at 21 iterations, n = 6, L2 relative residual: iterated = 2.275004e-11, true = 2.275004e-11 (requested = 1.000000e-10)
GCR: Convergence at 21 iterations, n = 7, L2 relative residual: iterated = 4.497947e-11, true = 4.497947e-11 (requested = 1.000000e-10)
GCR: Convergence at 21 iterations, n = 8, L2 relative residual: iterated = 2.731116e-11, true = 2.731116e-11 (requested = 1.000000e-10)
GCR: Convergence at 21 iterations, n = 9, L2 relative residual: iterated = 4.555264e-11, true = 4.555264e-11 (requested = 1.000000e-10)
GCR: Convergence at 21 iterations, n = 10, L2 relative residual: iterated = 3.839892e-11, true = 3.839892e-11 (requested = 1.000000e-10)
GCR: Convergence at 21 iterations, n = 11, L2 relative residual: iterated = 2.256180e-11, true = 2.256180e-11 (requested = 1.000000e-10)
PyQUDA INFO: Time = 1.848 secs, Performance = 14466.023 GFLOPS
PyQUDA INFO: INVERT 2 propagagors: 3.6670827089983504 secs
PyQUDA INFO: DOING SINK GAUSSIAN SMEARING
PyQUDA INFO: SINK GAUSSIAN SMEAR: 0.9569936140032951 secs
PyQUDA INFO: GPU used 44.3 GB, cupy pool 32.8 GB, cupy live 10.1 GB
PyQUDA INFO: CONTRACT ALL: 3.3270018640032504 secs
PyQUDA INFO: UNTIL CONTRACTION: 9.069459586011362 secs
PyQUDA INFO: INNER LOOP STARTS
PyQUDA INFO: SOURCE POSITION = [np.int64(14), np.int64(14), np.int64(14), np.int64(50)]
PyQUDA INFO: DOING SRC GAUSSIAN SMEARING
PyQUDA INFO: SOURCE GAUSSIAN SMEAR: 0.8173289609985659 secs
PyQUDA INFO: RELOADING GAUGE
PyQUDA INFO: RELOADING GAUGE: 0.2622563379991334 secs
PyQUDA INFO: SOLVING DIRAC EQ
GCR: Convergence at 21 iterations, n = 0, L2 relative residual: iterated = 3.399192e-11, true = 3.399192e-11 (requested = 1.000000e-10)
GCR: Convergence at 21 iterations, n = 1, L2 relative residual: iterated = 3.312441e-11, true = 3.312441e-11 (requested = 1.000000e-10)
GCR: Convergence at 21 iterations, n = 2, L2 relative residual: iterated = 3.229201e-11, true = 3.229201e-11 (requested = 1.000000e-10)
GCR: Convergence at 21 iterations, n = 3, L2 relative residual: iterated = 4.713802e-11, true = 4.713802e-11 (requested = 1.000000e-10)
GCR: Convergence at 21 iterations, n = 4, L2 relative residual: iterated = 2.711486e-11, true = 2.711486e-11 (requested = 1.000000e-10)
GCR: Convergence at 21 iterations, n = 5, L2 relative residual: iterated = 1.443131e-11, true = 1.443131e-11 (requested = 1.000000e-10)
GCR: Convergence at 21 iterations, n = 6, L2 relative residual: iterated = 2.788458e-11, true = 2.788458e-11 (requested = 1.000000e-10)
GCR: Convergence at 21 iterations, n = 7, L2 relative residual: iterated = 2.082998e-11, true = 2.082998e-11 (requested = 1.000000e-10)
GCR: Convergence at 21 iterations, n = 8, L2 relative residual: iterated = 2.804190e-11, true = 2.804190e-11 (requested = 1.000000e-10)
GCR: Convergence at 21 iterations, n = 9, L2 relative residual: iterated = 2.579903e-11, true = 2.579903e-11 (requested = 1.000000e-10)
GCR: Convergence at 21 iterations, n = 10, L2 relative residual: iterated = 1.821693e-11, true = 1.821693e-11 (requested = 1.000000e-10)
GCR: Convergence at 21 iterations, n = 11, L2 relative residual: iterated = 2.437207e-11, true = 2.437207e-11 (requested = 1.000000e-10)
PyQUDA INFO: Time = 1.814 secs, Performance = 14767.043 GFLOPS
GCR: Convergence at 21 iterations, n = 0, L2 relative residual: iterated = 1.585417e-11, true = 1.585417e-11 (requested = 1.000000e-10)
GCR: Convergence at 21 iterations, n = 1, L2 relative residual: iterated = 2.614745e-11, true = 2.614745e-11 (requested = 1.000000e-10)
GCR: Convergence at 21 iterations, n = 2, L2 relative residual: iterated = 3.838009e-11, true = 3.838009e-11 (requested = 1.000000e-10)
GCR: Convergence at 21 iterations, n = 3, L2 relative residual: iterated = 2.794467e-11, true = 2.794467e-11 (requested = 1.000000e-10)
GCR: Convergence at 21 iterations, n = 4, L2 relative residual: iterated = 2.733622e-11, true = 2.733622e-11 (requested = 1.000000e-10)
GCR: Convergence at 21 iterations, n = 5, L2 relative residual: iterated = 3.543455e-11, true = 3.543455e-11 (requested = 1.000000e-10)
GCR: Convergence at 21 iterations, n = 6, L2 relative residual: iterated = 3.129820e-11, true = 3.129820e-11 (requested = 1.000000e-10)
GCR: Convergence at 21 iterations, n = 7, L2 relative residual: iterated = 3.709193e-11, true = 3.709193e-11 (requested = 1.000000e-10)
GCR: Convergence at 21 iterations, n = 8, L2 relative residual: iterated = 2.704256e-11, true = 2.704256e-11 (requested = 1.000000e-10)
GCR: Convergence at 21 iterations, n = 9, L2 relative residual: iterated = 2.311070e-11, true = 2.311070e-11 (requested = 1.000000e-10)
GCR: Convergence at 21 iterations, n = 10, L2 relative residual: iterated = 2.780066e-11, true = 2.780066e-11 (requested = 1.000000e-10)
GCR: Convergence at 21 iterations, n = 11, L2 relative residual: iterated = 3.220424e-11, true = 3.220424e-11 (requested = 1.000000e-10)
PyQUDA INFO: Time = 1.846 secs, Performance = 14504.013 GFLOPS
PyQUDA INFO: INVERT 2 propagagors: 3.6621419909934048 secs
PyQUDA INFO: DOING SINK GAUSSIAN SMEARING
PyQUDA INFO: SINK GAUSSIAN SMEAR: 0.8436078629893018 secs
PyQUDA INFO: GPU used 44.3 GB, cupy pool 32.8 GB, cupy live 10.1 GB
PyQUDA INFO: CONTRACT ALL: 3.3258048470015638 secs
PyQUDA INFO: UNTIL CONTRACTION: 8.954941536998376 secs
PyQUDA INFO: INNER LOOP STARTS
PyQUDA INFO: SOURCE POSITION = [np.int64(30), np.int64(30), np.int64(30), np.int64(82)]
PyQUDA INFO: DOING SRC GAUSSIAN SMEARING
PyQUDA INFO: SOURCE GAUSSIAN SMEAR: 0.8136908900050912 secs
PyQUDA INFO: RELOADING GAUGE
PyQUDA INFO: RELOADING GAUGE: 0.25324594299308956 secs
PyQUDA INFO: SOLVING DIRAC EQ
GCR: Convergence at 21 iterations, n = 0, L2 relative residual: iterated = 3.488030e-11, true = 3.488030e-11 (requested = 1.000000e-10)
GCR: Convergence at 21 iterations, n = 1, L2 relative residual: iterated = 3.052023e-11, true = 3.052023e-11 (requested = 1.000000e-10)
GCR: Convergence at 21 iterations, n = 2, L2 relative residual: iterated = 4.045638e-11, true = 4.045638e-11 (requested = 1.000000e-10)
GCR: Convergence at 21 iterations, n = 3, L2 relative residual: iterated = 3.698398e-11, true = 3.698398e-11 (requested = 1.000000e-10)
GCR: Convergence at 21 iterations, n = 4, L2 relative residual: iterated = 3.741909e-11, true = 3.741909e-11 (requested = 1.000000e-10)
GCR: Convergence at 21 iterations, n = 5, L2 relative residual: iterated = 3.997290e-11, true = 3.997290e-11 (requested = 1.000000e-10)
GCR: Convergence at 21 iterations, n = 6, L2 relative residual: iterated = 1.549730e-11, true = 1.549730e-11 (requested = 1.000000e-10)
GCR: Convergence at 21 iterations, n = 7, L2 relative residual: iterated = 2.104377e-11, true = 2.104377e-11 (requested = 1.000000e-10)
GCR: Convergence at 21 iterations, n = 8, L2 relative residual: iterated = 2.750142e-11, true = 2.750142e-11 (requested = 1.000000e-10)
GCR: Convergence at 21 iterations, n = 9, L2 relative residual: iterated = 2.473138e-11, true = 2.473138e-11 (requested = 1.000000e-10)
GCR: Convergence at 21 iterations, n = 10, L2 relative residual: iterated = 2.272046e-11, true = 2.272046e-11 (requested = 1.000000e-10)
GCR: Convergence at 21 iterations, n = 11, L2 relative residual: iterated = 2.660247e-11, true = 2.660247e-11 (requested = 1.000000e-10)
PyQUDA INFO: Time = 1.819 secs, Performance = 14714.464 GFLOPS
GCR: Convergence at 21 iterations, n = 0, L2 relative residual: iterated = 4.996587e-11, true = 4.996587e-11 (requested = 1.000000e-10)
GCR: Convergence at 21 iterations, n = 1, L2 relative residual: iterated = 5.316733e-11, true = 5.316733e-11 (requested = 1.000000e-10)
GCR: Convergence at 21 iterations, n = 2, L2 relative residual: iterated = 4.175644e-11, true = 4.175644e-11 (requested = 1.000000e-10)
GCR: Convergence at 21 iterations, n = 3, L2 relative residual: iterated = 4.042319e-11, true = 4.042319e-11 (requested = 1.000000e-10)
GCR: Convergence at 21 iterations, n = 4, L2 relative residual: iterated = 4.854487e-11, true = 4.854487e-11 (requested = 1.000000e-10)
GCR: Convergence at 21 iterations, n = 5, L2 relative residual: iterated = 5.508040e-11, true = 5.508040e-11 (requested = 1.000000e-10)
GCR: Convergence at 21 iterations, n = 6, L2 relative residual: iterated = 3.308464e-11, true = 3.308464e-11 (requested = 1.000000e-10)
GCR: Convergence at 21 iterations, n = 7, L2 relative residual: iterated = 3.656598e-11, true = 3.656598e-11 (requested = 1.000000e-10)
GCR: Convergence at 21 iterations, n = 8, L2 relative residual: iterated = 3.394165e-11, true = 3.394165e-11 (requested = 1.000000e-10)
GCR: Convergence at 21 iterations, n = 9, L2 relative residual: iterated = 3.985075e-11, true = 3.985075e-11 (requested = 1.000000e-10)
GCR: Convergence at 21 iterations, n = 10, L2 relative residual: iterated = 2.780559e-11, true = 2.780559e-11 (requested = 1.000000e-10)
GCR: Convergence at 21 iterations, n = 11, L2 relative residual: iterated = 2.597421e-11, true = 2.597421e-11 (requested = 1.000000e-10)
PyQUDA INFO: Time = 1.846 secs, Performance = 14483.161 GFLOPS
PyQUDA INFO: INVERT 2 propagagors: 3.6669525600009365 secs
PyQUDA INFO: DOING SINK GAUSSIAN SMEARING
PyQUDA INFO: SINK GAUSSIAN SMEAR: 0.9654954949946841 secs
PyQUDA INFO: GPU used 44.3 GB, cupy pool 32.8 GB, cupy live 10.1 GB
PyQUDA INFO: CONTRACT ALL: 3.326877804007381 secs
PyQUDA INFO: UNTIL CONTRACTION: 9.069308257006924 secs
PyQUDA INFO: INNER LOOP STARTS
PyQUDA INFO: SOURCE POSITION = [np.int64(30), np.int64(30), np.int64(14), np.int64(82)]
PyQUDA INFO: DOING SRC GAUSSIAN SMEARING
PyQUDA INFO: SOURCE GAUSSIAN SMEAR: 0.8154801839991705 secs
PyQUDA INFO: RELOADING GAUGE
PyQUDA INFO: RELOADING GAUGE: 0.26148867700248957 secs
PyQUDA INFO: SOLVING DIRAC EQ
GCR: Convergence at 21 iterations, n = 0, L2 relative residual: iterated = 1.942108e-11, true = 1.942108e-11 (requested = 1.000000e-10)
GCR: Convergence at 21 iterations, n = 1, L2 relative residual: iterated = 2.123845e-11, true = 2.123845e-11 (requested = 1.000000e-10)
GCR: Convergence at 21 iterations, n = 2, L2 relative residual: iterated = 3.838644e-11, true = 3.838644e-11 (requested = 1.000000e-10)
GCR: Convergence at 21 iterations, n = 3, L2 relative residual: iterated = 3.880595e-11, true = 3.880595e-11 (requested = 1.000000e-10)
GCR: Convergence at 21 iterations, n = 4, L2 relative residual: iterated = 2.483731e-11, true = 2.483731e-11 (requested = 1.000000e-10)
GCR: Convergence at 21 iterations, n = 5, L2 relative residual: iterated = 3.096338e-11, true = 3.096338e-11 (requested = 1.000000e-10)
GCR: Convergence at 21 iterations, n = 6, L2 relative residual: iterated = 3.591262e-11, true = 3.591262e-11 (requested = 1.000000e-10)
GCR: Convergence at 21 iterations, n = 7, L2 relative residual: iterated = 3.610008e-11, true = 3.610008e-11 (requested = 1.000000e-10)
GCR: Convergence at 21 iterations, n = 8, L2 relative residual: iterated = 4.920093e-11, true = 4.920093e-11 (requested = 1.000000e-10)
GCR: Convergence at 21 iterations, n = 9, L2 relative residual: iterated = 4.285854e-11, true = 4.285854e-11 (requested = 1.000000e-10)
GCR: Convergence at 21 iterations, n = 10, L2 relative residual: iterated = 5.394083e-11, true = 5.394083e-11 (requested = 1.000000e-10)
GCR: Convergence at 21 iterations, n = 11, L2 relative residual: iterated = 3.247777e-11, true = 3.247777e-11 (requested = 1.000000e-10)
PyQUDA INFO: Time = 1.820 secs, Performance = 14718.617 GFLOPS
GCR: Convergence at 21 iterations, n = 0, L2 relative residual: iterated = 2.114484e-11, true = 2.114484e-11 (requested = 1.000000e-10)
GCR: Convergence at 21 iterations, n = 1, L2 relative residual: iterated = 4.137784e-11, true = 4.137784e-11 (requested = 1.000000e-10)
GCR: Convergence at 21 iterations, n = 2, L2 relative residual: iterated = 3.945772e-11, true = 3.945772e-11 (requested = 1.000000e-10)
GCR: Convergence at 21 iterations, n = 3, L2 relative residual: iterated = 3.158410e-11, true = 3.158410e-11 (requested = 1.000000e-10)
GCR: Convergence at 21 iterations, n = 4, L2 relative residual: iterated = 2.176296e-11, true = 2.176296e-11 (requested = 1.000000e-10)
GCR: Convergence at 21 iterations, n = 5, L2 relative residual: iterated = 3.067292e-11, true = 3.067292e-11 (requested = 1.000000e-10)
GCR: Convergence at 21 iterations, n = 6, L2 relative residual: iterated = 4.670723e-11, true = 4.670723e-11 (requested = 1.000000e-10)
GCR: Convergence at 21 iterations, n = 7, L2 relative residual: iterated = 3.619603e-11, true = 3.619603e-11 (requested = 1.000000e-10)
GCR: Convergence at 21 iterations, n = 8, L2 relative residual: iterated = 3.042286e-11, true = 3.042286e-11 (requested = 1.000000e-10)
GCR: Convergence at 21 iterations, n = 9, L2 relative residual: iterated = 5.673936e-11, true = 5.673936e-11 (requested = 1.000000e-10)
GCR: Convergence at 21 iterations, n = 10, L2 relative residual: iterated = 4.127616e-11, true = 4.127616e-11 (requested = 1.000000e-10)
GCR: Convergence at 21 iterations, n = 11, L2 relative residual: iterated = 2.258282e-11, true = 2.258282e-11 (requested = 1.000000e-10)
PyQUDA INFO: Time = 1.847 secs, Performance = 14499.104 GFLOPS
PyQUDA INFO: INVERT 2 propagagors: 3.6696810919966083 secs
PyQUDA INFO: DOING SINK GAUSSIAN SMEARING
PyQUDA INFO: SINK GAUSSIAN SMEAR: 0.9662274060101481 secs
PyQUDA INFO: GPU used 44.3 GB, cupy pool 32.8 GB, cupy live 10.1 GB
PyQUDA INFO: CONTRACT ALL: 3.3259842750121607 secs
PyQUDA INFO: UNTIL CONTRACTION: 9.08213751600124 secs
PyQUDA INFO: INNER LOOP STARTS
PyQUDA INFO: SOURCE POSITION = [np.int64(30), np.int64(14), np.int64(30), np.int64(82)]
PyQUDA INFO: DOING SRC GAUSSIAN SMEARING
PyQUDA INFO: SOURCE GAUSSIAN SMEAR: 0.8137954109988641 secs
PyQUDA INFO: RELOADING GAUGE
PyQUDA INFO: RELOADING GAUGE: 0.26311141000769567 secs
PyQUDA INFO: SOLVING DIRAC EQ
GCR: Convergence at 21 iterations, n = 0, L2 relative residual: iterated = 5.812312e-11, true = 5.812312e-11 (requested = 1.000000e-10)
GCR: Convergence at 21 iterations, n = 1, L2 relative residual: iterated = 1.669355e-11, true = 1.669355e-11 (requested = 1.000000e-10)
GCR: Convergence at 21 iterations, n = 2, L2 relative residual: iterated = 3.501479e-11, true = 3.501479e-11 (requested = 1.000000e-10)
GCR: Convergence at 21 iterations, n = 3, L2 relative residual: iterated = 3.235162e-11, true = 3.235162e-11 (requested = 1.000000e-10)
GCR: Convergence at 21 iterations, n = 4, L2 relative residual: iterated = 3.833350e-11, true = 3.833350e-11 (requested = 1.000000e-10)
GCR: Convergence at 21 iterations, n = 5, L2 relative residual: iterated = 2.007639e-11, true = 2.007639e-11 (requested = 1.000000e-10)
GCR: Convergence at 21 iterations, n = 6, L2 relative residual: iterated = 2.700464e-11, true = 2.700464e-11 (requested = 1.000000e-10)
GCR: Convergence at 21 iterations, n = 7, L2 relative residual: iterated = 2.465335e-11, true = 2.465335e-11 (requested = 1.000000e-10)
GCR: Convergence at 21 iterations, n = 8, L2 relative residual: iterated = 3.507011e-11, true = 3.507011e-11 (requested = 1.000000e-10)
GCR: Convergence at 21 iterations, n = 9, L2 relative residual: iterated = 2.947212e-11, true = 2.947212e-11 (requested = 1.000000e-10)
GCR: Convergence at 21 iterations, n = 10, L2 relative residual: iterated = 2.891838e-11, true = 2.891838e-11 (requested = 1.000000e-10)
GCR: Convergence at 21 iterations, n = 11, L2 relative residual: iterated = 1.779790e-11, true = 1.779790e-11 (requested = 1.000000e-10)
PyQUDA INFO: Time = 1.813 secs, Performance = 14753.431 GFLOPS
GCR: Convergence at 21 iterations, n = 0, L2 relative residual: iterated = 3.372065e-11, true = 3.372065e-11 (requested = 1.000000e-10)
GCR: Convergence at 21 iterations, n = 1, L2 relative residual: iterated = 3.574517e-11, true = 3.574517e-11 (requested = 1.000000e-10)
GCR: Convergence at 21 iterations, n = 2, L2 relative residual: iterated = 1.475506e-11, true = 1.475506e-11 (requested = 1.000000e-10)
GCR: Convergence at 21 iterations, n = 3, L2 relative residual: iterated = 2.782480e-11, true = 2.782480e-11 (requested = 1.000000e-10)
GCR: Convergence at 21 iterations, n = 4, L2 relative residual: iterated = 3.859073e-11, true = 3.859073e-11 (requested = 1.000000e-10)
GCR: Convergence at 21 iterations, n = 5, L2 relative residual: iterated = 3.845670e-11, true = 3.845670e-11 (requested = 1.000000e-10)
GCR: Convergence at 21 iterations, n = 6, L2 relative residual: iterated = 1.895032e-11, true = 1.895032e-11 (requested = 1.000000e-10)
GCR: Convergence at 21 iterations, n = 7, L2 relative residual: iterated = 3.026850e-11, true = 3.026850e-11 (requested = 1.000000e-10)
GCR: Convergence at 21 iterations, n = 8, L2 relative residual: iterated = 3.327603e-11, true = 3.327603e-11 (requested = 1.000000e-10)
GCR: Convergence at 21 iterations, n = 9, L2 relative residual: iterated = 3.170520e-11, true = 3.170520e-11 (requested = 1.000000e-10)
GCR: Convergence at 21 iterations, n = 10, L2 relative residual: iterated = 4.515911e-11, true = 4.515911e-11 (requested = 1.000000e-10)
GCR: Convergence at 21 iterations, n = 11, L2 relative residual: iterated = 2.435873e-11, true = 2.435873e-11 (requested = 1.000000e-10)
PyQUDA INFO: Time = 1.850 secs, Performance = 14493.037 GFLOPS
PyQUDA INFO: INVERT 2 propagagors: 3.6647329539991915 secs
PyQUDA INFO: DOING SINK GAUSSIAN SMEARING
PyQUDA INFO: SINK GAUSSIAN SMEAR: 0.8449302009976236 secs
PyQUDA INFO: GPU used 44.3 GB, cupy pool 32.8 GB, cupy live 10.1 GB
PyQUDA INFO: CONTRACT ALL: 3.326743218000047 secs
PyQUDA INFO: UNTIL CONTRACTION: 8.95648837700719 secs
PyQUDA INFO: INNER LOOP STARTS
PyQUDA INFO: SOURCE POSITION = [np.int64(30), np.int64(14), np.int64(14), np.int64(82)]
PyQUDA INFO: DOING SRC GAUSSIAN SMEARING
PyQUDA INFO: SOURCE GAUSSIAN SMEAR: 0.8127233229897683 secs
PyQUDA INFO: RELOADING GAUGE
PyQUDA INFO: RELOADING GAUGE: 0.2606213069957448 secs
PyQUDA INFO: SOLVING DIRAC EQ
GCR: Convergence at 21 iterations, n = 0, L2 relative residual: iterated = 3.248541e-11, true = 3.248541e-11 (requested = 1.000000e-10)
GCR: Convergence at 21 iterations, n = 1, L2 relative residual: iterated = 6.152941e-11, true = 6.152941e-11 (requested = 1.000000e-10)
GCR: Convergence at 21 iterations, n = 2, L2 relative residual: iterated = 4.148625e-11, true = 4.148625e-11 (requested = 1.000000e-10)
GCR: Convergence at 21 iterations, n = 3, L2 relative residual: iterated = 5.002040e-11, true = 5.002040e-11 (requested = 1.000000e-10)
GCR: Convergence at 21 iterations, n = 4, L2 relative residual: iterated = 3.607003e-11, true = 3.607003e-11 (requested = 1.000000e-10)
GCR: Convergence at 21 iterations, n = 5, L2 relative residual: iterated = 3.728949e-11, true = 3.728949e-11 (requested = 1.000000e-10)
GCR: Convergence at 21 iterations, n = 6, L2 relative residual: iterated = 3.057403e-11, true = 3.057403e-11 (requested = 1.000000e-10)
GCR: Convergence at 21 iterations, n = 7, L2 relative residual: iterated = 3.559327e-11, true = 3.559327e-11 (requested = 1.000000e-10)
GCR: Convergence at 21 iterations, n = 8, L2 relative residual: iterated = 6.112421e-11, true = 6.112421e-11 (requested = 1.000000e-10)
GCR: Convergence at 21 iterations, n = 9, L2 relative residual: iterated = 5.201654e-11, true = 5.201654e-11 (requested = 1.000000e-10)
GCR: Convergence at 21 iterations, n = 10, L2 relative residual: iterated = 5.329488e-11, true = 5.329488e-11 (requested = 1.000000e-10)
GCR: Convergence at 21 iterations, n = 11, L2 relative residual: iterated = 2.330899e-11, true = 2.330899e-11 (requested = 1.000000e-10)
PyQUDA INFO: Time = 1.810 secs, Performance = 14784.225 GFLOPS
GCR: Convergence at 21 iterations, n = 0, L2 relative residual: iterated = 3.774708e-11, true = 3.774708e-11 (requested = 1.000000e-10)
GCR: Convergence at 21 iterations, n = 1, L2 relative residual: iterated = 3.708174e-11, true = 3.708174e-11 (requested = 1.000000e-10)
GCR: Convergence at 21 iterations, n = 2, L2 relative residual: iterated = 4.060010e-11, true = 4.060010e-11 (requested = 1.000000e-10)
GCR: Convergence at 21 iterations, n = 3, L2 relative residual: iterated = 3.772190e-11, true = 3.772190e-11 (requested = 1.000000e-10)
GCR: Convergence at 21 iterations, n = 4, L2 relative residual: iterated = 2.877326e-11, true = 2.877326e-11 (requested = 1.000000e-10)
GCR: Convergence at 21 iterations, n = 5, L2 relative residual: iterated = 2.628546e-11, true = 2.628546e-11 (requested = 1.000000e-10)
GCR: Convergence at 21 iterations, n = 6, L2 relative residual: iterated = 3.348310e-11, true = 3.348310e-11 (requested = 1.000000e-10)
GCR: Convergence at 21 iterations, n = 7, L2 relative residual: iterated = 2.982055e-11, true = 2.982055e-11 (requested = 1.000000e-10)
GCR: Convergence at 21 iterations, n = 8, L2 relative residual: iterated = 3.187993e-11, true = 3.187993e-11 (requested = 1.000000e-10)
GCR: Convergence at 21 iterations, n = 9, L2 relative residual: iterated = 3.860083e-11, true = 3.860083e-11 (requested = 1.000000e-10)
GCR: Convergence at 21 iterations, n = 10, L2 relative residual: iterated = 4.161892e-11, true = 4.161892e-11 (requested = 1.000000e-10)
GCR: Convergence at 21 iterations, n = 11, L2 relative residual: iterated = 2.433484e-11, true = 2.433484e-11 (requested = 1.000000e-10)
PyQUDA INFO: Time = 1.844 secs, Performance = 14486.093 GFLOPS
PyQUDA INFO: INVERT 2 propagagors: 3.656548520011711 secs
PyQUDA INFO: DOING SINK GAUSSIAN SMEARING
PyQUDA INFO: SINK GAUSSIAN SMEAR: 0.8285923249932239 secs
PyQUDA INFO: GPU used 44.3 GB, cupy pool 32.8 GB, cupy live 10.1 GB
PyQUDA INFO: CONTRACT ALL: 3.326083074003691 secs
PyQUDA INFO: UNTIL CONTRACTION: 8.928035917997477 secs
PyQUDA INFO: INNER LOOP STARTS
PyQUDA INFO: SOURCE POSITION = [np.int64(14), np.int64(30), np.int64(30), np.int64(82)]
PyQUDA INFO: DOING SRC GAUSSIAN SMEARING
PyQUDA INFO: SOURCE GAUSSIAN SMEAR: 0.8136799530038843 secs
PyQUDA INFO: RELOADING GAUGE
PyQUDA INFO: RELOADING GAUGE: 0.2609817030024715 secs
PyQUDA INFO: SOLVING DIRAC EQ
GCR: Convergence at 21 iterations, n = 0, L2 relative residual: iterated = 2.609424e-11, true = 2.609424e-11 (requested = 1.000000e-10)
GCR: Convergence at 21 iterations, n = 1, L2 relative residual: iterated = 3.074562e-11, true = 3.074562e-11 (requested = 1.000000e-10)
GCR: Convergence at 21 iterations, n = 2, L2 relative residual: iterated = 1.398557e-11, true = 1.398557e-11 (requested = 1.000000e-10)
GCR: Convergence at 21 iterations, n = 3, L2 relative residual: iterated = 1.546262e-11, true = 1.546262e-11 (requested = 1.000000e-10)
GCR: Convergence at 21 iterations, n = 4, L2 relative residual: iterated = 2.300634e-11, true = 2.300634e-11 (requested = 1.000000e-10)
GCR: Convergence at 21 iterations, n = 5, L2 relative residual: iterated = 2.061710e-11, true = 2.061710e-11 (requested = 1.000000e-10)
GCR: Convergence at 21 iterations, n = 6, L2 relative residual: iterated = 3.775102e-11, true = 3.775102e-11 (requested = 1.000000e-10)
GCR: Convergence at 21 iterations, n = 7, L2 relative residual: iterated = 7.744667e-11, true = 7.744667e-11 (requested = 1.000000e-10)
GCR: Convergence at 21 iterations, n = 8, L2 relative residual: iterated = 5.656262e-11, true = 5.656262e-11 (requested = 1.000000e-10)
GCR: Convergence at 21 iterations, n = 9, L2 relative residual: iterated = 3.811441e-11, true = 3.811441e-11 (requested = 1.000000e-10)
GCR: Convergence at 21 iterations, n = 10, L2 relative residual: iterated = 3.267071e-11, true = 3.267071e-11 (requested = 1.000000e-10)
GCR: Convergence at 21 iterations, n = 11, L2 relative residual: iterated = 4.078244e-11, true = 4.078244e-11 (requested = 1.000000e-10)
PyQUDA INFO: Time = 1.822 secs, Performance = 14703.868 GFLOPS
GCR: Convergence at 21 iterations, n = 0, L2 relative residual: iterated = 2.537511e-11, true = 2.537511e-11 (requested = 1.000000e-10)
GCR: Convergence at 21 iterations, n = 1, L2 relative residual: iterated = 1.945041e-11, true = 1.945041e-11 (requested = 1.000000e-10)
GCR: Convergence at 21 iterations, n = 2, L2 relative residual: iterated = 1.680842e-11, true = 1.680842e-11 (requested = 1.000000e-10)
GCR: Convergence at 21 iterations, n = 3, L2 relative residual: iterated = 3.432386e-11, true = 3.432386e-11 (requested = 1.000000e-10)
GCR: Convergence at 21 iterations, n = 4, L2 relative residual: iterated = 3.197751e-11, true = 3.197751e-11 (requested = 1.000000e-10)
GCR: Convergence at 21 iterations, n = 5, L2 relative residual: iterated = 2.820312e-11, true = 2.820312e-11 (requested = 1.000000e-10)
GCR: Convergence at 21 iterations, n = 6, L2 relative residual: iterated = 3.648316e-11, true = 3.648316e-11 (requested = 1.000000e-10)
GCR: Convergence at 21 iterations, n = 7, L2 relative residual: iterated = 4.917412e-11, true = 4.917412e-11 (requested = 1.000000e-10)
GCR: Convergence at 21 iterations, n = 8, L2 relative residual: iterated = 5.552099e-11, true = 5.552099e-11 (requested = 1.000000e-10)
GCR: Convergence at 21 iterations, n = 9, L2 relative residual: iterated = 7.603691e-11, true = 7.603691e-11 (requested = 1.000000e-10)
GCR: Convergence at 21 iterations, n = 10, L2 relative residual: iterated = 7.353898e-11, true = 7.353898e-11 (requested = 1.000000e-10)
GCR: Convergence at 21 iterations, n = 11, L2 relative residual: iterated = 6.507291e-11, true = 6.507291e-11 (requested = 1.000000e-10)
PyQUDA INFO: Time = 1.848 secs, Performance = 14500.383 GFLOPS
PyQUDA INFO: INVERT 2 propagagors: 3.6725951109983725 secs
PyQUDA INFO: DOING SINK GAUSSIAN SMEARING
PyQUDA INFO: SINK GAUSSIAN SMEAR: 0.9633081170031801 secs
PyQUDA INFO: GPU used 44.3 GB, cupy pool 32.8 GB, cupy live 10.1 GB
PyQUDA INFO: CONTRACT ALL: 3.327646047997405 secs
PyQUDA INFO: UNTIL CONTRACTION: 9.080928657000186 secs
PyQUDA INFO: INNER LOOP STARTS
PyQUDA INFO: SOURCE POSITION = [np.int64(14), np.int64(30), np.int64(14), np.int64(82)]
PyQUDA INFO: DOING SRC GAUSSIAN SMEARING
PyQUDA INFO: SOURCE GAUSSIAN SMEAR: 0.8148155310045695 secs
PyQUDA INFO: RELOADING GAUGE
PyQUDA INFO: RELOADING GAUGE: 0.25968838699918706 secs
PyQUDA INFO: SOLVING DIRAC EQ
GCR: Convergence at 21 iterations, n = 0, L2 relative residual: iterated = 2.122676e-11, true = 2.122676e-11 (requested = 1.000000e-10)
GCR: Convergence at 21 iterations, n = 1, L2 relative residual: iterated = 4.973754e-11, true = 4.973754e-11 (requested = 1.000000e-10)
GCR: Convergence at 21 iterations, n = 2, L2 relative residual: iterated = 8.655758e-11, true = 8.655758e-11 (requested = 1.000000e-10)
GCR: Convergence at 21 iterations, n = 3, L2 relative residual: iterated = 2.452501e-11, true = 2.452501e-11 (requested = 1.000000e-10)
GCR: Convergence at 21 iterations, n = 4, L2 relative residual: iterated = 5.166432e-11, true = 5.166432e-11 (requested = 1.000000e-10)
GCR: Convergence at 21 iterations, n = 5, L2 relative residual: iterated = 2.705430e-11, true = 2.705430e-11 (requested = 1.000000e-10)
GCR: Convergence at 21 iterations, n = 6, L2 relative residual: iterated = 3.205183e-11, true = 3.205183e-11 (requested = 1.000000e-10)
GCR: Convergence at 21 iterations, n = 7, L2 relative residual: iterated = 2.434578e-11, true = 2.434578e-11 (requested = 1.000000e-10)
GCR: Convergence at 21 iterations, n = 8, L2 relative residual: iterated = 2.372331e-11, true = 2.372331e-11 (requested = 1.000000e-10)
GCR: Convergence at 21 iterations, n = 9, L2 relative residual: iterated = 2.709051e-11, true = 2.709051e-11 (requested = 1.000000e-10)
GCR: Convergence at 21 iterations, n = 10, L2 relative residual: iterated = 2.272339e-11, true = 2.272339e-11 (requested = 1.000000e-10)
GCR: Convergence at 21 iterations, n = 11, L2 relative residual: iterated = 3.226489e-11, true = 3.226489e-11 (requested = 1.000000e-10)
PyQUDA INFO: Time = 1.818 secs, Performance = 14729.639 GFLOPS
GCR: Convergence at 21 iterations, n = 0, L2 relative residual: iterated = 2.915506e-11, true = 2.915506e-11 (requested = 1.000000e-10)
GCR: Convergence at 21 iterations, n = 1, L2 relative residual: iterated = 2.430167e-11, true = 2.430167e-11 (requested = 1.000000e-10)
GCR: Convergence at 21 iterations, n = 2, L2 relative residual: iterated = 4.028890e-11, true = 4.028890e-11 (requested = 1.000000e-10)
GCR: Convergence at 21 iterations, n = 3, L2 relative residual: iterated = 4.278068e-11, true = 4.278068e-11 (requested = 1.000000e-10)
GCR: Convergence at 21 iterations, n = 4, L2 relative residual: iterated = 7.169943e-11, true = 7.169943e-11 (requested = 1.000000e-10)
GCR: Convergence at 21 iterations, n = 5, L2 relative residual: iterated = 3.670483e-11, true = 3.670483e-11 (requested = 1.000000e-10)
GCR: Convergence at 21 iterations, n = 6, L2 relative residual: iterated = 3.980905e-11, true = 3.980905e-11 (requested = 1.000000e-10)
GCR: Convergence at 21 iterations, n = 7, L2 relative residual: iterated = 2.727865e-11, true = 2.727865e-11 (requested = 1.000000e-10)
GCR: Convergence at 21 iterations, n = 8, L2 relative residual: iterated = 1.891612e-11, true = 1.891612e-11 (requested = 1.000000e-10)
GCR: Convergence at 21 iterations, n = 9, L2 relative residual: iterated = 3.038382e-11, true = 3.038382e-11 (requested = 1.000000e-10)
GCR: Convergence at 21 iterations, n = 10, L2 relative residual: iterated = 3.783702e-11, true = 3.783702e-11 (requested = 1.000000e-10)
GCR: Convergence at 21 iterations, n = 11, L2 relative residual: iterated = 2.787581e-11, true = 2.787581e-11 (requested = 1.000000e-10)
PyQUDA INFO: Time = 1.845 secs, Performance = 14508.940 GFLOPS
PyQUDA INFO: INVERT 2 propagagors: 3.665280208006152 secs
PyQUDA INFO: DOING SINK GAUSSIAN SMEARING
PyQUDA INFO: SINK GAUSSIAN SMEAR: 0.836423600994749 secs
PyQUDA INFO: GPU used 44.3 GB, cupy pool 32.8 GB, cupy live 10.1 GB
PyQUDA INFO: CONTRACT ALL: 3.3255052210006397 secs
PyQUDA INFO: UNTIL CONTRACTION: 8.945125157988514 secs
PyQUDA INFO: INNER LOOP STARTS
PyQUDA INFO: SOURCE POSITION = [np.int64(14), np.int64(14), np.int64(30), np.int64(82)]
PyQUDA INFO: DOING SRC GAUSSIAN SMEARING
PyQUDA INFO: SOURCE GAUSSIAN SMEAR: 0.8137094330013497 secs
PyQUDA INFO: RELOADING GAUGE
PyQUDA INFO: RELOADING GAUGE: 0.26229605900880415 secs
PyQUDA INFO: SOLVING DIRAC EQ
GCR: Convergence at 21 iterations, n = 0, L2 relative residual: iterated = 3.724066e-11, true = 3.724066e-11 (requested = 1.000000e-10)
GCR: Convergence at 21 iterations, n = 1, L2 relative residual: iterated = 2.237204e-11, true = 2.237204e-11 (requested = 1.000000e-10)
GCR: Convergence at 21 iterations, n = 2, L2 relative residual: iterated = 2.762782e-11, true = 2.762782e-11 (requested = 1.000000e-10)
GCR: Convergence at 21 iterations, n = 3, L2 relative residual: iterated = 2.207850e-11, true = 2.207850e-11 (requested = 1.000000e-10)
GCR: Convergence at 21 iterations, n = 4, L2 relative residual: iterated = 2.658341e-11, true = 2.658341e-11 (requested = 1.000000e-10)
GCR: Convergence at 21 iterations, n = 5, L2 relative residual: iterated = 2.935967e-11, true = 2.935967e-11 (requested = 1.000000e-10)
GCR: Convergence at 21 iterations, n = 6, L2 relative residual: iterated = 2.447904e-11, true = 2.447904e-11 (requested = 1.000000e-10)
GCR: Convergence at 21 iterations, n = 7, L2 relative residual: iterated = 3.780855e-11, true = 3.780855e-11 (requested = 1.000000e-10)
GCR: Convergence at 21 iterations, n = 8, L2 relative residual: iterated = 2.709169e-11, true = 2.709169e-11 (requested = 1.000000e-10)
GCR: Convergence at 21 iterations, n = 9, L2 relative residual: iterated = 3.625246e-11, true = 3.625246e-11 (requested = 1.000000e-10)
GCR: Convergence at 21 iterations, n = 10, L2 relative residual: iterated = 2.997047e-11, true = 2.997047e-11 (requested = 1.000000e-10)
GCR: Convergence at 21 iterations, n = 11, L2 relative residual: iterated = 3.028225e-11, true = 3.028225e-11 (requested = 1.000000e-10)
PyQUDA INFO: Time = 1.812 secs, Performance = 14750.361 GFLOPS
GCR: Convergence at 21 iterations, n = 0, L2 relative residual: iterated = 2.972071e-11, true = 2.972071e-11 (requested = 1.000000e-10)
GCR: Convergence at 21 iterations, n = 1, L2 relative residual: iterated = 1.592445e-11, true = 1.592445e-11 (requested = 1.000000e-10)
GCR: Convergence at 21 iterations, n = 2, L2 relative residual: iterated = 2.105170e-11, true = 2.105170e-11 (requested = 1.000000e-10)
GCR: Convergence at 21 iterations, n = 3, L2 relative residual: iterated = 3.181497e-11, true = 3.181497e-11 (requested = 1.000000e-10)
GCR: Convergence at 21 iterations, n = 4, L2 relative residual: iterated = 2.894147e-11, true = 2.894147e-11 (requested = 1.000000e-10)
GCR: Convergence at 21 iterations, n = 5, L2 relative residual: iterated = 1.587469e-11, true = 1.587469e-11 (requested = 1.000000e-10)
GCR: Convergence at 21 iterations, n = 6, L2 relative residual: iterated = 2.814726e-11, true = 2.814726e-11 (requested = 1.000000e-10)
GCR: Convergence at 21 iterations, n = 7, L2 relative residual: iterated = 3.346266e-11, true = 3.346266e-11 (requested = 1.000000e-10)
GCR: Convergence at 21 iterations, n = 8, L2 relative residual: iterated = 3.212121e-11, true = 3.212121e-11 (requested = 1.000000e-10)
GCR: Convergence at 21 iterations, n = 9, L2 relative residual: iterated = 3.579572e-11, true = 3.579572e-11 (requested = 1.000000e-10)
GCR: Convergence at 21 iterations, n = 10, L2 relative residual: iterated = 3.727418e-11, true = 3.727418e-11 (requested = 1.000000e-10)
GCR: Convergence at 21 iterations, n = 11, L2 relative residual: iterated = 4.128160e-11, true = 4.128160e-11 (requested = 1.000000e-10)
PyQUDA INFO: Time = 1.849 secs, Performance = 14489.399 GFLOPS
PyQUDA INFO: INVERT 2 propagagors: 3.663373277988285 secs
PyQUDA INFO: DOING SINK GAUSSIAN SMEARING
PyQUDA INFO: SINK GAUSSIAN SMEAR: 0.9633523960073944 secs
PyQUDA INFO: GPU used 44.3 GB, cupy pool 32.8 GB, cupy live 10.1 GB
PyQUDA INFO: CONTRACT ALL: 3.3270917939953506 secs
PyQUDA INFO: UNTIL CONTRACTION: 9.07300893199863 secs
PyQUDA INFO: INNER LOOP STARTS
PyQUDA INFO: SOURCE POSITION = [np.int64(14), np.int64(14), np.int64(14), np.int64(82)]
PyQUDA INFO: DOING SRC GAUSSIAN SMEARING
PyQUDA INFO: SOURCE GAUSSIAN SMEAR: 0.8225294690055307 secs
PyQUDA INFO: RELOADING GAUGE
PyQUDA INFO: RELOADING GAUGE: 0.2607874450040981 secs
PyQUDA INFO: SOLVING DIRAC EQ
GCR: Convergence at 21 iterations, n = 0, L2 relative residual: iterated = 2.723226e-11, true = 2.723226e-11 (requested = 1.000000e-10)
GCR: Convergence at 21 iterations, n = 1, L2 relative residual: iterated = 5.708475e-11, true = 5.708475e-11 (requested = 1.000000e-10)
GCR: Convergence at 21 iterations, n = 2, L2 relative residual: iterated = 3.613620e-11, true = 3.613620e-11 (requested = 1.000000e-10)
GCR: Convergence at 21 iterations, n = 3, L2 relative residual: iterated = 3.227875e-11, true = 3.227875e-11 (requested = 1.000000e-10)
GCR: Convergence at 21 iterations, n = 4, L2 relative residual: iterated = 2.839145e-11, true = 2.839145e-11 (requested = 1.000000e-10)
GCR: Convergence at 21 iterations, n = 5, L2 relative residual: iterated = 6.284696e-11, true = 6.284696e-11 (requested = 1.000000e-10)
GCR: Convergence at 21 iterations, n = 6, L2 relative residual: iterated = 5.421521e-11, true = 5.421521e-11 (requested = 1.000000e-10)
GCR: Convergence at 21 iterations, n = 7, L2 relative residual: iterated = 5.046323e-11, true = 5.046323e-11 (requested = 1.000000e-10)
GCR: Convergence at 21 iterations, n = 8, L2 relative residual: iterated = 7.943672e-11, true = 7.943672e-11 (requested = 1.000000e-10)
GCR: Convergence at 21 iterations, n = 9, L2 relative residual: iterated = 4.227171e-11, true = 4.227171e-11 (requested = 1.000000e-10)
GCR: Convergence at 21 iterations, n = 10, L2 relative residual: iterated = 3.835089e-11, true = 3.835089e-11 (requested = 1.000000e-10)
GCR: Convergence at 21 iterations, n = 11, L2 relative residual: iterated = 6.335746e-11, true = 6.335746e-11 (requested = 1.000000e-10)
PyQUDA INFO: Time = 1.810 secs, Performance = 14784.143 GFLOPS
GCR: Convergence at 21 iterations, n = 0, L2 relative residual: iterated = 3.022580e-11, true = 3.022580e-11 (requested = 1.000000e-10)
GCR: Convergence at 21 iterations, n = 1, L2 relative residual: iterated = 3.206587e-11, true = 3.206587e-11 (requested = 1.000000e-10)
GCR: Convergence at 21 iterations, n = 2, L2 relative residual: iterated = 1.315497e-11, true = 1.315497e-11 (requested = 1.000000e-10)
GCR: Convergence at 21 iterations, n = 3, L2 relative residual: iterated = 3.217073e-11, true = 3.217073e-11 (requested = 1.000000e-10)
GCR: Convergence at 21 iterations, n = 4, L2 relative residual: iterated = 2.780504e-11, true = 2.780504e-11 (requested = 1.000000e-10)
GCR: Convergence at 21 iterations, n = 5, L2 relative residual: iterated = 2.367037e-11, true = 2.367037e-11 (requested = 1.000000e-10)
GCR: Convergence at 21 iterations, n = 6, L2 relative residual: iterated = 2.613280e-11, true = 2.613280e-11 (requested = 1.000000e-10)
GCR: Convergence at 21 iterations, n = 7, L2 relative residual: iterated = 6.665765e-11, true = 6.665765e-11 (requested = 1.000000e-10)
GCR: Convergence at 21 iterations, n = 8, L2 relative residual: iterated = 3.909875e-11, true = 3.909875e-11 (requested = 1.000000e-10)
GCR: Convergence at 21 iterations, n = 9, L2 relative residual: iterated = 5.073408e-11, true = 5.073408e-11 (requested = 1.000000e-10)
GCR: Convergence at 21 iterations, n = 10, L2 relative residual: iterated = 3.756537e-11, true = 3.756537e-11 (requested = 1.000000e-10)
GCR: Convergence at 21 iterations, n = 11, L2 relative residual: iterated = 4.375491e-11, true = 4.375491e-11 (requested = 1.000000e-10)
PyQUDA INFO: Time = 1.846 secs, Performance = 14506.948 GFLOPS
PyQUDA INFO: INVERT 2 propagagors: 3.6588829359970987 secs
PyQUDA INFO: DOING SINK GAUSSIAN SMEARING
PyQUDA INFO: SINK GAUSSIAN SMEAR: 0.967415303006419 secs
PyQUDA INFO: GPU used 44.3 GB, cupy pool 32.8 GB, cupy live 10.1 GB
PyQUDA INFO: CONTRACT ALL: 3.32614065000962 secs
PyQUDA INFO: UNTIL CONTRACTION: 9.079894465001416 secs
PyQUDA INFO: INNER LOOP STARTS
PyQUDA INFO: SOURCE POSITION = [np.int64(30), np.int64(30), np.int64(30), np.int64(18)]
PyQUDA INFO: DOING SRC GAUSSIAN SMEARING
PyQUDA INFO: SOURCE GAUSSIAN SMEAR: 0.8148946790024638 secs
PyQUDA INFO: RELOADING GAUGE
PyQUDA INFO: RELOADING GAUGE: 0.2659826500021154 secs
PyQUDA INFO: SOLVING DIRAC EQ
GCR: Convergence at 21 iterations, n = 0, L2 relative residual: iterated = 2.377405e-11, true = 2.377405e-11 (requested = 1.000000e-10)
GCR: Convergence at 21 iterations, n = 1, L2 relative residual: iterated = 1.617438e-11, true = 1.617438e-11 (requested = 1.000000e-10)
GCR: Convergence at 21 iterations, n = 2, L2 relative residual: iterated = 2.456794e-11, true = 2.456794e-11 (requested = 1.000000e-10)
GCR: Convergence at 21 iterations, n = 3, L2 relative residual: iterated = 1.845372e-11, true = 1.845372e-11 (requested = 1.000000e-10)
GCR: Convergence at 21 iterations, n = 4, L2 relative residual: iterated = 2.120050e-11, true = 2.120050e-11 (requested = 1.000000e-10)
GCR: Convergence at 21 iterations, n = 5, L2 relative residual: iterated = 1.917276e-11, true = 1.917276e-11 (requested = 1.000000e-10)
GCR: Convergence at 21 iterations, n = 6, L2 relative residual: iterated = 3.970389e-11, true = 3.970389e-11 (requested = 1.000000e-10)
GCR: Convergence at 21 iterations, n = 7, L2 relative residual: iterated = 4.627019e-11, true = 4.627019e-11 (requested = 1.000000e-10)
GCR: Convergence at 21 iterations, n = 8, L2 relative residual: iterated = 4.723954e-11, true = 4.723954e-11 (requested = 1.000000e-10)
GCR: Convergence at 21 iterations, n = 9, L2 relative residual: iterated = 2.209730e-11, true = 2.209730e-11 (requested = 1.000000e-10)
GCR: Convergence at 21 iterations, n = 10, L2 relative residual: iterated = 2.763805e-11, true = 2.763805e-11 (requested = 1.000000e-10)
GCR: Convergence at 21 iterations, n = 11, L2 relative residual: iterated = 2.987478e-11, true = 2.987478e-11 (requested = 1.000000e-10)
PyQUDA INFO: Time = 1.813 secs, Performance = 14777.870 GFLOPS
GCR: Convergence at 21 iterations, n = 0, L2 relative residual: iterated = 2.435723e-11, true = 2.435723e-11 (requested = 1.000000e-10)
GCR: Convergence at 21 iterations, n = 1, L2 relative residual: iterated = 1.940915e-11, true = 1.940915e-11 (requested = 1.000000e-10)
GCR: Convergence at 21 iterations, n = 2, L2 relative residual: iterated = 1.771729e-11, true = 1.771729e-11 (requested = 1.000000e-10)
GCR: Convergence at 21 iterations, n = 3, L2 relative residual: iterated = 2.151492e-11, true = 2.151492e-11 (requested = 1.000000e-10)
GCR: Convergence at 21 iterations, n = 4, L2 relative residual: iterated = 2.919267e-11, true = 2.919267e-11 (requested = 1.000000e-10)
GCR: Convergence at 21 iterations, n = 5, L2 relative residual: iterated = 2.148525e-11, true = 2.148525e-11 (requested = 1.000000e-10)
GCR: Convergence at 21 iterations, n = 6, L2 relative residual: iterated = 2.794991e-11, true = 2.794991e-11 (requested = 1.000000e-10)
GCR: Convergence at 21 iterations, n = 7, L2 relative residual: iterated = 3.909295e-11, true = 3.909295e-11 (requested = 1.000000e-10)
GCR: Convergence at 21 iterations, n = 8, L2 relative residual: iterated = 2.820819e-11, true = 2.820819e-11 (requested = 1.000000e-10)
GCR: Convergence at 21 iterations, n = 9, L2 relative residual: iterated = 3.468816e-11, true = 3.468816e-11 (requested = 1.000000e-10)
GCR: Convergence at 21 iterations, n = 10, L2 relative residual: iterated = 4.969916e-11, true = 4.969916e-11 (requested = 1.000000e-10)
GCR: Convergence at 21 iterations, n = 11, L2 relative residual: iterated = 4.335345e-11, true = 4.335345e-11 (requested = 1.000000e-10)
PyQUDA INFO: Time = 1.847 secs, Performance = 14509.035 GFLOPS
PyQUDA INFO: INVERT 2 propagagors: 3.6619541749969358 secs
PyQUDA INFO: DOING SINK GAUSSIAN SMEARING
PyQUDA INFO: SINK GAUSSIAN SMEAR: 0.8403605679923203 secs
PyQUDA INFO: GPU used 44.3 GB, cupy pool 32.8 GB, cupy live 10.1 GB
PyQUDA INFO: CONTRACT ALL: 3.3272687470016535 secs
PyQUDA INFO: UNTIL CONTRACTION: 8.95340878299612 secs
PyQUDA INFO: INNER LOOP STARTS
PyQUDA INFO: SOURCE POSITION = [np.int64(30), np.int64(30), np.int64(14), np.int64(18)]
PyQUDA INFO: DOING SRC GAUSSIAN SMEARING
PyQUDA INFO: SOURCE GAUSSIAN SMEAR: 0.813606443000026 secs
PyQUDA INFO: RELOADING GAUGE
PyQUDA INFO: RELOADING GAUGE: 0.2621069410088239 secs
PyQUDA INFO: SOLVING DIRAC EQ
GCR: Convergence at 21 iterations, n = 0, L2 relative residual: iterated = 2.611047e-11, true = 2.611047e-11 (requested = 1.000000e-10)
GCR: Convergence at 21 iterations, n = 1, L2 relative residual: iterated = 1.433158e-11, true = 1.433158e-11 (requested = 1.000000e-10)
GCR: Convergence at 21 iterations, n = 2, L2 relative residual: iterated = 1.935382e-11, true = 1.935382e-11 (requested = 1.000000e-10)
GCR: Convergence at 21 iterations, n = 3, L2 relative residual: iterated = 1.760529e-11, true = 1.760529e-11 (requested = 1.000000e-10)
GCR: Convergence at 21 iterations, n = 4, L2 relative residual: iterated = 1.430685e-11, true = 1.430685e-11 (requested = 1.000000e-10)
GCR: Convergence at 21 iterations, n = 5, L2 relative residual: iterated = 2.128762e-11, true = 2.128762e-11 (requested = 1.000000e-10)
GCR: Convergence at 21 iterations, n = 6, L2 relative residual: iterated = 2.374433e-11, true = 2.374433e-11 (requested = 1.000000e-10)
GCR: Convergence at 21 iterations, n = 7, L2 relative residual: iterated = 3.773129e-11, true = 3.773129e-11 (requested = 1.000000e-10)
GCR: Convergence at 21 iterations, n = 8, L2 relative residual: iterated = 4.111318e-11, true = 4.111318e-11 (requested = 1.000000e-10)
GCR: Convergence at 21 iterations, n = 9, L2 relative residual: iterated = 3.821093e-11, true = 3.821093e-11 (requested = 1.000000e-10)
GCR: Convergence at 21 iterations, n = 10, L2 relative residual: iterated = 1.587371e-11, true = 1.587371e-11 (requested = 1.000000e-10)
GCR: Convergence at 21 iterations, n = 11, L2 relative residual: iterated = 1.793599e-11, true = 1.793599e-11 (requested = 1.000000e-10)
PyQUDA INFO: Time = 1.814 secs, Performance = 14776.334 GFLOPS
GCR: Convergence at 21 iterations, n = 0, L2 relative residual: iterated = 2.814657e-11, true = 2.814657e-11 (requested = 1.000000e-10)
GCR: Convergence at 21 iterations, n = 1, L2 relative residual: iterated = 3.478324e-11, true = 3.478324e-11 (requested = 1.000000e-10)
GCR: Convergence at 21 iterations, n = 2, L2 relative residual: iterated = 1.846115e-11, true = 1.846115e-11 (requested = 1.000000e-10)
GCR: Convergence at 21 iterations, n = 3, L2 relative residual: iterated = 2.894574e-11, true = 2.894574e-11 (requested = 1.000000e-10)
GCR: Convergence at 21 iterations, n = 4, L2 relative residual: iterated = 2.782471e-11, true = 2.782471e-11 (requested = 1.000000e-10)
GCR: Convergence at 21 iterations, n = 5, L2 relative residual: iterated = 3.921093e-11, true = 3.921093e-11 (requested = 1.000000e-10)
GCR: Convergence at 21 iterations, n = 6, L2 relative residual: iterated = 2.505256e-11, true = 2.505256e-11 (requested = 1.000000e-10)
GCR: Convergence at 21 iterations, n = 7, L2 relative residual: iterated = 2.137110e-11, true = 2.137110e-11 (requested = 1.000000e-10)
GCR: Convergence at 21 iterations, n = 8, L2 relative residual: iterated = 4.222010e-11, true = 4.222010e-11 (requested = 1.000000e-10)
GCR: Convergence at 21 iterations, n = 9, L2 relative residual: iterated = 4.993681e-11, true = 4.993681e-11 (requested = 1.000000e-10)
GCR: Convergence at 21 iterations, n = 10, L2 relative residual: iterated = 3.493741e-11, true = 3.493741e-11 (requested = 1.000000e-10)
GCR: Convergence at 21 iterations, n = 11, L2 relative residual: iterated = 3.399107e-11, true = 3.399107e-11 (requested = 1.000000e-10)
PyQUDA INFO: Time = 1.845 secs, Performance = 14518.326 GFLOPS
PyQUDA INFO: INVERT 2 propagagors: 3.6616465489933034 secs
PyQUDA INFO: DOING SINK GAUSSIAN SMEARING
PyQUDA INFO: SINK GAUSSIAN SMEAR: 0.9650916310056346 secs
PyQUDA INFO: GPU used 44.3 GB, cupy pool 32.8 GB, cupy live 10.1 GB
PyQUDA INFO: CONTRACT ALL: 3.325983521004673 secs
PyQUDA INFO: UNTIL CONTRACTION: 9.071802013000706 secs
PyQUDA INFO: INNER LOOP STARTS
PyQUDA INFO: SOURCE POSITION = [np.int64(30), np.int64(14), np.int64(30), np.int64(18)]
PyQUDA INFO: DOING SRC GAUSSIAN SMEARING
PyQUDA INFO: SOURCE GAUSSIAN SMEAR: 0.81861210000352 secs
PyQUDA INFO: RELOADING GAUGE
PyQUDA INFO: RELOADING GAUGE: 0.25200105900876224 secs
PyQUDA INFO: SOLVING DIRAC EQ
GCR: Convergence at 21 iterations, n = 0, L2 relative residual: iterated = 6.786356e-11, true = 6.786356e-11 (requested = 1.000000e-10)
GCR: Convergence at 21 iterations, n = 1, L2 relative residual: iterated = 3.471884e-11, true = 3.471884e-11 (requested = 1.000000e-10)
GCR: Convergence at 21 iterations, n = 2, L2 relative residual: iterated = 3.955647e-11, true = 3.955647e-11 (requested = 1.000000e-10)
GCR: Convergence at 21 iterations, n = 3, L2 relative residual: iterated = 3.154190e-11, true = 3.154190e-11 (requested = 1.000000e-10)
GCR: Convergence at 21 iterations, n = 4, L2 relative residual: iterated = 2.483800e-11, true = 2.483800e-11 (requested = 1.000000e-10)
GCR: Convergence at 21 iterations, n = 5, L2 relative residual: iterated = 3.945188e-11, true = 3.945188e-11 (requested = 1.000000e-10)
GCR: Convergence at 21 iterations, n = 6, L2 relative residual: iterated = 1.989728e-11, true = 1.989728e-11 (requested = 1.000000e-10)
GCR: Convergence at 21 iterations, n = 7, L2 relative residual: iterated = 3.513360e-11, true = 3.513360e-11 (requested = 1.000000e-10)
GCR: Convergence at 21 iterations, n = 8, L2 relative residual: iterated = 2.372999e-11, true = 2.372999e-11 (requested = 1.000000e-10)
GCR: Convergence at 21 iterations, n = 9, L2 relative residual: iterated = 1.993890e-11, true = 1.993890e-11 (requested = 1.000000e-10)
GCR: Convergence at 21 iterations, n = 10, L2 relative residual: iterated = 2.174752e-11, true = 2.174752e-11 (requested = 1.000000e-10)
GCR: Convergence at 21 iterations, n = 11, L2 relative residual: iterated = 1.878805e-11, true = 1.878805e-11 (requested = 1.000000e-10)
PyQUDA INFO: Time = 1.814 secs, Performance = 14744.517 GFLOPS
GCR: Convergence at 21 iterations, n = 0, L2 relative residual: iterated = 3.372548e-11, true = 3.372548e-11 (requested = 1.000000e-10)
GCR: Convergence at 21 iterations, n = 1, L2 relative residual: iterated = 3.939626e-11, true = 3.939626e-11 (requested = 1.000000e-10)
GCR: Convergence at 21 iterations, n = 2, L2 relative residual: iterated = 3.707160e-11, true = 3.707160e-11 (requested = 1.000000e-10)
GCR: Convergence at 21 iterations, n = 3, L2 relative residual: iterated = 4.665080e-11, true = 4.665080e-11 (requested = 1.000000e-10)
GCR: Convergence at 21 iterations, n = 4, L2 relative residual: iterated = 5.494728e-11, true = 5.494728e-11 (requested = 1.000000e-10)
GCR: Convergence at 21 iterations, n = 5, L2 relative residual: iterated = 3.185339e-11, true = 3.185339e-11 (requested = 1.000000e-10)
GCR: Convergence at 21 iterations, n = 6, L2 relative residual: iterated = 2.076895e-11, true = 2.076895e-11 (requested = 1.000000e-10)
GCR: Convergence at 21 iterations, n = 7, L2 relative residual: iterated = 2.759541e-11, true = 2.759541e-11 (requested = 1.000000e-10)
GCR: Convergence at 21 iterations, n = 8, L2 relative residual: iterated = 2.787802e-11, true = 2.787802e-11 (requested = 1.000000e-10)
GCR: Convergence at 21 iterations, n = 9, L2 relative residual: iterated = 3.694338e-11, true = 3.694338e-11 (requested = 1.000000e-10)
GCR: Convergence at 21 iterations, n = 10, L2 relative residual: iterated = 2.406697e-11, true = 2.406697e-11 (requested = 1.000000e-10)
GCR: Convergence at 21 iterations, n = 11, L2 relative residual: iterated = 2.508392e-11, true = 2.508392e-11 (requested = 1.000000e-10)
PyQUDA INFO: Time = 1.850 secs, Performance = 14492.011 GFLOPS
PyQUDA INFO: INVERT 2 propagagors: 3.665938092992292 secs
PyQUDA INFO: DOING SINK GAUSSIAN SMEARING
PyQUDA INFO: SINK GAUSSIAN SMEAR: 0.972211435000645 secs
PyQUDA INFO: GPU used 44.3 GB, cupy pool 32.8 GB, cupy live 10.1 GB
PyQUDA INFO: CONTRACT ALL: 3.3277231419924647 secs
PyQUDA INFO: UNTIL CONTRACTION: 9.08109786400746 secs
PyQUDA INFO: INNER LOOP STARTS
PyQUDA INFO: SOURCE POSITION = [np.int64(30), np.int64(14), np.int64(14), np.int64(18)]
PyQUDA INFO: DOING SRC GAUSSIAN SMEARING
PyQUDA INFO: SOURCE GAUSSIAN SMEAR: 0.813059677995625 secs
PyQUDA INFO: RELOADING GAUGE
PyQUDA INFO: RELOADING GAUGE: 0.25989924499299377 secs
PyQUDA INFO: SOLVING DIRAC EQ
GCR: Convergence at 21 iterations, n = 0, L2 relative residual: iterated = 2.834464e-11, true = 2.834464e-11 (requested = 1.000000e-10)
GCR: Convergence at 21 iterations, n = 1, L2 relative residual: iterated = 2.807282e-11, true = 2.807282e-11 (requested = 1.000000e-10)
GCR: Convergence at 21 iterations, n = 2, L2 relative residual: iterated = 1.286199e-11, true = 1.286199e-11 (requested = 1.000000e-10)
GCR: Convergence at 21 iterations, n = 3, L2 relative residual: iterated = 1.441102e-11, true = 1.441102e-11 (requested = 1.000000e-10)
GCR: Convergence at 21 iterations, n = 4, L2 relative residual: iterated = 2.113298e-11, true = 2.113298e-11 (requested = 1.000000e-10)
GCR: Convergence at 21 iterations, n = 5, L2 relative residual: iterated = 2.117306e-11, true = 2.117306e-11 (requested = 1.000000e-10)
GCR: Convergence at 21 iterations, n = 6, L2 relative residual: iterated = 3.606105e-11, true = 3.606105e-11 (requested = 1.000000e-10)
GCR: Convergence at 21 iterations, n = 7, L2 relative residual: iterated = 3.948461e-11, true = 3.948461e-11 (requested = 1.000000e-10)
GCR: Convergence at 21 iterations, n = 8, L2 relative residual: iterated = 1.863864e-11, true = 1.863864e-11 (requested = 1.000000e-10)
GCR: Convergence at 21 iterations, n = 9, L2 relative residual: iterated = 4.177838e-11, true = 4.177838e-11 (requested = 1.000000e-10)
GCR: Convergence at 21 iterations, n = 10, L2 relative residual: iterated = 2.259220e-11, true = 2.259220e-11 (requested = 1.000000e-10)
GCR: Convergence at 21 iterations, n = 11, L2 relative residual: iterated = 3.596371e-11, true = 3.596371e-11 (requested = 1.000000e-10)
PyQUDA INFO: Time = 1.826 secs, Performance = 14683.794 GFLOPS
GCR: Convergence at 21 iterations, n = 0, L2 relative residual: iterated = 2.175865e-11, true = 2.175865e-11 (requested = 1.000000e-10)
GCR: Convergence at 21 iterations, n = 1, L2 relative residual: iterated = 2.606669e-11, true = 2.606669e-11 (requested = 1.000000e-10)
GCR: Convergence at 21 iterations, n = 2, L2 relative residual: iterated = 2.930901e-11, true = 2.930901e-11 (requested = 1.000000e-10)
GCR: Convergence at 21 iterations, n = 3, L2 relative residual: iterated = 2.380020e-11, true = 2.380020e-11 (requested = 1.000000e-10)
GCR: Convergence at 21 iterations, n = 4, L2 relative residual: iterated = 2.139633e-11, true = 2.139633e-11 (requested = 1.000000e-10)
GCR: Convergence at 21 iterations, n = 5, L2 relative residual: iterated = 4.646695e-11, true = 4.646695e-11 (requested = 1.000000e-10)
GCR: Convergence at 21 iterations, n = 6, L2 relative residual: iterated = 3.939192e-11, true = 3.939192e-11 (requested = 1.000000e-10)
GCR: Convergence at 21 iterations, n = 7, L2 relative residual: iterated = 4.624360e-11, true = 4.624360e-11 (requested = 1.000000e-10)
GCR: Convergence at 21 iterations, n = 8, L2 relative residual: iterated = 2.305563e-11, true = 2.305563e-11 (requested = 1.000000e-10)
GCR: Convergence at 21 iterations, n = 9, L2 relative residual: iterated = 3.711739e-11, true = 3.711739e-11 (requested = 1.000000e-10)
GCR: Convergence at 21 iterations, n = 10, L2 relative residual: iterated = 2.016442e-11, true = 2.016442e-11 (requested = 1.000000e-10)
GCR: Convergence at 21 iterations, n = 11, L2 relative residual: iterated = 5.457317e-11, true = 5.457317e-11 (requested = 1.000000e-10)
PyQUDA INFO: Time = 1.849 secs, Performance = 14478.218 GFLOPS
PyQUDA INFO: INVERT 2 propagagors: 3.6771787230100017 secs
PyQUDA INFO: DOING SINK GAUSSIAN SMEARING
PyQUDA INFO: SINK GAUSSIAN SMEAR: 0.9674677460134262 secs
PyQUDA INFO: GPU used 44.3 GB, cupy pool 32.8 GB, cupy live 10.1 GB
PyQUDA INFO: CONTRACT ALL: 3.325789601993165 secs
PyQUDA INFO: UNTIL CONTRACTION: 9.087079420001828 secs
PyQUDA INFO: INNER LOOP STARTS
PyQUDA INFO: SOURCE POSITION = [np.int64(14), np.int64(30), np.int64(30), np.int64(18)]
PyQUDA INFO: DOING SRC GAUSSIAN SMEARING
PyQUDA INFO: SOURCE GAUSSIAN SMEAR: 0.8147794410033384 secs
PyQUDA INFO: RELOADING GAUGE
PyQUDA INFO: RELOADING GAUGE: 0.25900522399751935 secs
PyQUDA INFO: SOLVING DIRAC EQ
GCR: Convergence at 21 iterations, n = 0, L2 relative residual: iterated = 3.173815e-11, true = 3.173815e-11 (requested = 1.000000e-10)
GCR: Convergence at 21 iterations, n = 1, L2 relative residual: iterated = 4.693969e-11, true = 4.693969e-11 (requested = 1.000000e-10)
GCR: Convergence at 21 iterations, n = 2, L2 relative residual: iterated = 2.873439e-11, true = 2.873439e-11 (requested = 1.000000e-10)
GCR: Convergence at 21 iterations, n = 3, L2 relative residual: iterated = 5.306259e-11, true = 5.306259e-11 (requested = 1.000000e-10)
GCR: Convergence at 21 iterations, n = 4, L2 relative residual: iterated = 3.460558e-11, true = 3.460558e-11 (requested = 1.000000e-10)
GCR: Convergence at 21 iterations, n = 5, L2 relative residual: iterated = 4.507681e-11, true = 4.507681e-11 (requested = 1.000000e-10)
GCR: Convergence at 21 iterations, n = 6, L2 relative residual: iterated = 4.303789e-11, true = 4.303789e-11 (requested = 1.000000e-10)
GCR: Convergence at 21 iterations, n = 7, L2 relative residual: iterated = 2.012759e-11, true = 2.012759e-11 (requested = 1.000000e-10)
GCR: Convergence at 21 iterations, n = 8, L2 relative residual: iterated = 3.217015e-11, true = 3.217015e-11 (requested = 1.000000e-10)
GCR: Convergence at 21 iterations, n = 9, L2 relative residual: iterated = 5.349389e-11, true = 5.349389e-11 (requested = 1.000000e-10)
GCR: Convergence at 21 iterations, n = 10, L2 relative residual: iterated = 2.827718e-11, true = 2.827718e-11 (requested = 1.000000e-10)
GCR: Convergence at 21 iterations, n = 11, L2 relative residual: iterated = 2.492104e-11, true = 2.492104e-11 (requested = 1.000000e-10)
PyQUDA INFO: Time = 1.826 secs, Performance = 14679.277 GFLOPS
GCR: Convergence at 21 iterations, n = 0, L2 relative residual: iterated = 5.790785e-11, true = 5.790785e-11 (requested = 1.000000e-10)
GCR: Convergence at 21 iterations, n = 1, L2 relative residual: iterated = 4.061645e-11, true = 4.061645e-11 (requested = 1.000000e-10)
GCR: Convergence at 21 iterations, n = 2, L2 relative residual: iterated = 2.087289e-11, true = 2.087289e-11 (requested = 1.000000e-10)
GCR: Convergence at 21 iterations, n = 3, L2 relative residual: iterated = 3.519832e-11, true = 3.519832e-11 (requested = 1.000000e-10)
GCR: Convergence at 21 iterations, n = 4, L2 relative residual: iterated = 2.010144e-11, true = 2.010144e-11 (requested = 1.000000e-10)
GCR: Convergence at 21 iterations, n = 5, L2 relative residual: iterated = 4.192508e-11, true = 4.192508e-11 (requested = 1.000000e-10)
GCR: Convergence at 21 iterations, n = 6, L2 relative residual: iterated = 4.060785e-11, true = 4.060785e-11 (requested = 1.000000e-10)
GCR: Convergence at 21 iterations, n = 7, L2 relative residual: iterated = 3.863144e-11, true = 3.863144e-11 (requested = 1.000000e-10)
GCR: Convergence at 21 iterations, n = 8, L2 relative residual: iterated = 3.408323e-11, true = 3.408323e-11 (requested = 1.000000e-10)
GCR: Convergence at 21 iterations, n = 9, L2 relative residual: iterated = 3.666861e-11, true = 3.666861e-11 (requested = 1.000000e-10)
GCR: Convergence at 21 iterations, n = 10, L2 relative residual: iterated = 3.208734e-11, true = 3.208734e-11 (requested = 1.000000e-10)
GCR: Convergence at 21 iterations, n = 11, L2 relative residual: iterated = 3.254052e-11, true = 3.254052e-11 (requested = 1.000000e-10)
PyQUDA INFO: Time = 1.849 secs, Performance = 14465.067 GFLOPS
PyQUDA INFO: INVERT 2 propagagors: 3.676780786991003 secs
PyQUDA INFO: DOING SINK GAUSSIAN SMEARING
PyQUDA INFO: SINK GAUSSIAN SMEAR: 0.8366323779919185 secs
PyQUDA INFO: GPU used 44.3 GB, cupy pool 32.8 GB, cupy live 10.1 GB
PyQUDA INFO: CONTRACT ALL: 3.3276132629980566 secs
PyQUDA INFO: UNTIL CONTRACTION: 8.957596407999517 secs
PyQUDA INFO: INNER LOOP STARTS
PyQUDA INFO: SOURCE POSITION = [np.int64(14), np.int64(30), np.int64(14), np.int64(18)]
PyQUDA INFO: DOING SRC GAUSSIAN SMEARING
PyQUDA INFO: SOURCE GAUSSIAN SMEAR: 0.8161984150065109 secs
PyQUDA INFO: RELOADING GAUGE
PyQUDA INFO: RELOADING GAUGE: 0.2626721249980619 secs
PyQUDA INFO: SOLVING DIRAC EQ
GCR: Convergence at 21 iterations, n = 0, L2 relative residual: iterated = 2.624450e-11, true = 2.624450e-11 (requested = 1.000000e-10)
GCR: Convergence at 21 iterations, n = 1, L2 relative residual: iterated = 3.397041e-11, true = 3.397041e-11 (requested = 1.000000e-10)
GCR: Convergence at 21 iterations, n = 2, L2 relative residual: iterated = 2.265253e-11, true = 2.265253e-11 (requested = 1.000000e-10)
GCR: Convergence at 21 iterations, n = 3, L2 relative residual: iterated = 4.832739e-11, true = 4.832739e-11 (requested = 1.000000e-10)
GCR: Convergence at 21 iterations, n = 4, L2 relative residual: iterated = 2.554418e-11, true = 2.554418e-11 (requested = 1.000000e-10)
GCR: Convergence at 21 iterations, n = 5, L2 relative residual: iterated = 1.820536e-11, true = 1.820536e-11 (requested = 1.000000e-10)
GCR: Convergence at 21 iterations, n = 6, L2 relative residual: iterated = 3.135555e-11, true = 3.135555e-11 (requested = 1.000000e-10)
GCR: Convergence at 21 iterations, n = 7, L2 relative residual: iterated = 2.856962e-11, true = 2.856962e-11 (requested = 1.000000e-10)
GCR: Convergence at 21 iterations, n = 8, L2 relative residual: iterated = 2.879456e-11, true = 2.879456e-11 (requested = 1.000000e-10)
GCR: Convergence at 21 iterations, n = 9, L2 relative residual: iterated = 3.450639e-11, true = 3.450639e-11 (requested = 1.000000e-10)
GCR: Convergence at 21 iterations, n = 10, L2 relative residual: iterated = 2.847198e-11, true = 2.847198e-11 (requested = 1.000000e-10)
GCR: Convergence at 21 iterations, n = 11, L2 relative residual: iterated = 3.213063e-11, true = 3.213063e-11 (requested = 1.000000e-10)
PyQUDA INFO: Time = 1.815 secs, Performance = 14755.322 GFLOPS
GCR: Convergence at 21 iterations, n = 0, L2 relative residual: iterated = 2.142665e-11, true = 2.142665e-11 (requested = 1.000000e-10)
GCR: Convergence at 21 iterations, n = 1, L2 relative residual: iterated = 2.877919e-11, true = 2.877919e-11 (requested = 1.000000e-10)
GCR: Convergence at 21 iterations, n = 2, L2 relative residual: iterated = 4.676546e-11, true = 4.676546e-11 (requested = 1.000000e-10)
GCR: Convergence at 21 iterations, n = 3, L2 relative residual: iterated = 2.452717e-11, true = 2.452717e-11 (requested = 1.000000e-10)
GCR: Convergence at 21 iterations, n = 4, L2 relative residual: iterated = 2.231927e-11, true = 2.231927e-11 (requested = 1.000000e-10)
GCR: Convergence at 21 iterations, n = 5, L2 relative residual: iterated = 2.828929e-11, true = 2.828929e-11 (requested = 1.000000e-10)
GCR: Convergence at 21 iterations, n = 6, L2 relative residual: iterated = 4.042488e-11, true = 4.042488e-11 (requested = 1.000000e-10)
GCR: Convergence at 21 iterations, n = 7, L2 relative residual: iterated = 3.449995e-11, true = 3.449995e-11 (requested = 1.000000e-10)
GCR: Convergence at 21 iterations, n = 8, L2 relative residual: iterated = 3.067697e-11, true = 3.067697e-11 (requested = 1.000000e-10)
GCR: Convergence at 21 iterations, n = 9, L2 relative residual: iterated = 1.854459e-11, true = 1.854459e-11 (requested = 1.000000e-10)
GCR: Convergence at 21 iterations, n = 10, L2 relative residual: iterated = 3.293208e-11, true = 3.293208e-11 (requested = 1.000000e-10)
GCR: Convergence at 21 iterations, n = 11, L2 relative residual: iterated = 2.737989e-11, true = 2.737989e-11 (requested = 1.000000e-10)
PyQUDA INFO: Time = 1.849 secs, Performance = 14483.316 GFLOPS
PyQUDA INFO: INVERT 2 propagagors: 3.6654439679987263 secs
PyQUDA INFO: DOING SINK GAUSSIAN SMEARING
PyQUDA INFO: SINK GAUSSIAN SMEAR: 0.9712138360046083 secs
PyQUDA INFO: GPU used 44.3 GB, cupy pool 32.8 GB, cupy live 10.1 GB
PyQUDA INFO: CONTRACT ALL: 3.32608809901285 secs
PyQUDA INFO: UNTIL CONTRACTION: 9.08444010799576 secs
PyQUDA INFO: INNER LOOP STARTS
PyQUDA INFO: SOURCE POSITION = [np.int64(14), np.int64(14), np.int64(30), np.int64(18)]
PyQUDA INFO: DOING SRC GAUSSIAN SMEARING
PyQUDA INFO: SOURCE GAUSSIAN SMEAR: 0.8153496939921752 secs
PyQUDA INFO: RELOADING GAUGE
PyQUDA INFO: RELOADING GAUGE: 0.26354039600118995 secs
PyQUDA INFO: SOLVING DIRAC EQ
GCR: Convergence at 21 iterations, n = 0, L2 relative residual: iterated = 3.425808e-11, true = 3.425808e-11 (requested = 1.000000e-10)
GCR: Convergence at 21 iterations, n = 1, L2 relative residual: iterated = 1.975209e-11, true = 1.975209e-11 (requested = 1.000000e-10)
GCR: Convergence at 21 iterations, n = 2, L2 relative residual: iterated = 3.414290e-11, true = 3.414290e-11 (requested = 1.000000e-10)
GCR: Convergence at 21 iterations, n = 3, L2 relative residual: iterated = 3.122825e-11, true = 3.122825e-11 (requested = 1.000000e-10)
GCR: Convergence at 21 iterations, n = 4, L2 relative residual: iterated = 2.939385e-11, true = 2.939385e-11 (requested = 1.000000e-10)
GCR: Convergence at 21 iterations, n = 5, L2 relative residual: iterated = 3.839733e-11, true = 3.839733e-11 (requested = 1.000000e-10)
GCR: Convergence at 21 iterations, n = 6, L2 relative residual: iterated = 2.990391e-11, true = 2.990391e-11 (requested = 1.000000e-10)
GCR: Convergence at 21 iterations, n = 7, L2 relative residual: iterated = 2.638986e-11, true = 2.638986e-11 (requested = 1.000000e-10)
GCR: Convergence at 21 iterations, n = 8, L2 relative residual: iterated = 2.230533e-11, true = 2.230533e-11 (requested = 1.000000e-10)
GCR: Convergence at 21 iterations, n = 9, L2 relative residual: iterated = 3.066813e-11, true = 3.066813e-11 (requested = 1.000000e-10)
GCR: Convergence at 21 iterations, n = 10, L2 relative residual: iterated = 2.056145e-11, true = 2.056145e-11 (requested = 1.000000e-10)
GCR: Convergence at 21 iterations, n = 11, L2 relative residual: iterated = 3.062588e-11, true = 3.062588e-11 (requested = 1.000000e-10)
PyQUDA INFO: Time = 1.813 secs, Performance = 14774.895 GFLOPS
GCR: Convergence at 20 iterations, n = 0, L2 relative residual: iterated = 8.230851e-11, true = 8.230851e-11 (requested = 1.000000e-10)
GCR: Convergence at 20 iterations, n = 1, L2 relative residual: iterated = 7.543576e-11, true = 7.543576e-11 (requested = 1.000000e-10)
GCR: Convergence at 20 iterations, n = 2, L2 relative residual: iterated = 5.142318e-11, true = 5.142318e-11 (requested = 1.000000e-10)
GCR: Convergence at 20 iterations, n = 3, L2 relative residual: iterated = 6.033730e-11, true = 6.033730e-11 (requested = 1.000000e-10)
GCR: Convergence at 20 iterations, n = 4, L2 relative residual: iterated = 8.831364e-11, true = 8.831364e-11 (requested = 1.000000e-10)
GCR: Convergence at 20 iterations, n = 5, L2 relative residual: iterated = 7.083776e-11, true = 7.083776e-11 (requested = 1.000000e-10)
GCR: Convergence at 20 iterations, n = 6, L2 relative residual: iterated = 5.947356e-11, true = 5.947356e-11 (requested = 1.000000e-10)
GCR: Convergence at 20 iterations, n = 7, L2 relative residual: iterated = 7.906822e-11, true = 7.906822e-11 (requested = 1.000000e-10)
GCR: Convergence at 20 iterations, n = 8, L2 relative residual: iterated = 4.825135e-11, true = 4.825135e-11 (requested = 1.000000e-10)
GCR: Convergence at 20 iterations, n = 9, L2 relative residual: iterated = 6.683913e-11, true = 6.683913e-11 (requested = 1.000000e-10)
GCR: Convergence at 20 iterations, n = 10, L2 relative residual: iterated = 7.100211e-11, true = 7.100211e-11 (requested = 1.000000e-10)
GCR: Convergence at 20 iterations, n = 11, L2 relative residual: iterated = 7.054391e-11, true = 7.054391e-11 (requested = 1.000000e-10)
PyQUDA INFO: Time = 1.777 secs, Performance = 14334.826 GFLOPS
PyQUDA INFO: INVERT 2 propagagors: 3.5923580759990728 secs
PyQUDA INFO: DOING SINK GAUSSIAN SMEARING
PyQUDA INFO: SINK GAUSSIAN SMEAR: 0.9520957889908459 secs
PyQUDA INFO: GPU used 44.3 GB, cupy pool 32.8 GB, cupy live 10.1 GB
PyQUDA INFO: CONTRACT ALL: 3.327127354001277 secs
PyQUDA INFO: UNTIL CONTRACTION: 8.99379935899924 secs
PyQUDA INFO: INNER LOOP STARTS
PyQUDA INFO: SOURCE POSITION = [np.int64(14), np.int64(14), np.int64(14), np.int64(18)]
PyQUDA INFO: DOING SRC GAUSSIAN SMEARING
PyQUDA INFO: SOURCE GAUSSIAN SMEAR: 0.8165332380012842 secs
PyQUDA INFO: RELOADING GAUGE
PyQUDA INFO: RELOADING GAUGE: 0.2622849770123139 secs
PyQUDA INFO: SOLVING DIRAC EQ
GCR: Convergence at 21 iterations, n = 0, L2 relative residual: iterated = 2.949197e-11, true = 2.949197e-11 (requested = 1.000000e-10)
GCR: Convergence at 21 iterations, n = 1, L2 relative residual: iterated = 3.979146e-11, true = 3.979146e-11 (requested = 1.000000e-10)
GCR: Convergence at 21 iterations, n = 2, L2 relative residual: iterated = 3.613616e-11, true = 3.613616e-11 (requested = 1.000000e-10)
GCR: Convergence at 21 iterations, n = 3, L2 relative residual: iterated = 2.346209e-11, true = 2.346209e-11 (requested = 1.000000e-10)
GCR: Convergence at 21 iterations, n = 4, L2 relative residual: iterated = 4.180378e-11, true = 4.180378e-11 (requested = 1.000000e-10)
GCR: Convergence at 21 iterations, n = 5, L2 relative residual: iterated = 3.748021e-11, true = 3.748021e-11 (requested = 1.000000e-10)
GCR: Convergence at 21 iterations, n = 6, L2 relative residual: iterated = 3.150955e-11, true = 3.150955e-11 (requested = 1.000000e-10)
GCR: Convergence at 21 iterations, n = 7, L2 relative residual: iterated = 2.500175e-11, true = 2.500175e-11 (requested = 1.000000e-10)
GCR: Convergence at 21 iterations, n = 8, L2 relative residual: iterated = 2.143134e-11, true = 2.143134e-11 (requested = 1.000000e-10)
GCR: Convergence at 21 iterations, n = 9, L2 relative residual: iterated = 2.765493e-11, true = 2.765493e-11 (requested = 1.000000e-10)
GCR: Convergence at 21 iterations, n = 10, L2 relative residual: iterated = 2.824252e-11, true = 2.824252e-11 (requested = 1.000000e-10)
GCR: Convergence at 21 iterations, n = 11, L2 relative residual: iterated = 2.429436e-11, true = 2.429436e-11 (requested = 1.000000e-10)
PyQUDA INFO: Time = 1.818 secs, Performance = 14753.061 GFLOPS
GCR: Convergence at 21 iterations, n = 0, L2 relative residual: iterated = 4.617449e-11, true = 4.617449e-11 (requested = 1.000000e-10)
GCR: Convergence at 21 iterations, n = 1, L2 relative residual: iterated = 3.202811e-11, true = 3.202811e-11 (requested = 1.000000e-10)
GCR: Convergence at 21 iterations, n = 2, L2 relative residual: iterated = 1.907048e-11, true = 1.907048e-11 (requested = 1.000000e-10)
GCR: Convergence at 21 iterations, n = 3, L2 relative residual: iterated = 1.884769e-11, true = 1.884769e-11 (requested = 1.000000e-10)
GCR: Convergence at 21 iterations, n = 4, L2 relative residual: iterated = 2.881054e-11, true = 2.881054e-11 (requested = 1.000000e-10)
GCR: Convergence at 21 iterations, n = 5, L2 relative residual: iterated = 3.712956e-11, true = 3.712956e-11 (requested = 1.000000e-10)
GCR: Convergence at 21 iterations, n = 6, L2 relative residual: iterated = 2.762976e-11, true = 2.762976e-11 (requested = 1.000000e-10)
GCR: Convergence at 21 iterations, n = 7, L2 relative residual: iterated = 3.497198e-11, true = 3.497198e-11 (requested = 1.000000e-10)
GCR: Convergence at 21 iterations, n = 8, L2 relative residual: iterated = 1.697647e-11, true = 1.697647e-11 (requested = 1.000000e-10)
GCR: Convergence at 21 iterations, n = 9, L2 relative residual: iterated = 1.815013e-11, true = 1.815013e-11 (requested = 1.000000e-10)
GCR: Convergence at 21 iterations, n = 10, L2 relative residual: iterated = 2.167557e-11, true = 2.167557e-11 (requested = 1.000000e-10)
GCR: Convergence at 21 iterations, n = 11, L2 relative residual: iterated = 1.934228e-11, true = 1.934228e-11 (requested = 1.000000e-10)
PyQUDA INFO: Time = 1.851 secs, Performance = 14461.563 GFLOPS
PyQUDA INFO: INVERT 2 propagagors: 3.671079159990768 secs
PyQUDA INFO: DOING SINK GAUSSIAN SMEARING
PyQUDA INFO: SINK GAUSSIAN SMEAR: 0.9628547309985152 secs
PyQUDA INFO: GPU used 44.3 GB, cupy pool 32.8 GB, cupy live 10.1 GB
PyQUDA INFO: CONTRACT ALL: 3.325235046009766 secs
PyQUDA INFO: UNTIL CONTRACTION: 9.080865968993749 secs
PyQUDA INFO: SAVING SECTION:0.5879662539955461 secs
PyQUDA INFO: END CFG #264: GPU used 44.3 GB, cupy pool 32.8 GB, cupy live 10.1 GB
PyQUDA INFO: READ GAUGE #294: 2.909402253004373 secs
PyQUDA INFO: DOING HYP SMEARING
PyQUDA INFO: plaq_hyp_before = [0.5839565542467626, 0.583973556815269, 0.5839395516782564]
performGaugeSmearQuda: step 000 plaquette (mean 5.8395655424676263e-01, spatial 5.8397355681526897e-01 temporal 5.8393955167825640e-01) Q charge = -3.7828256938387930e+00
PyQUDA INFO: plaq_hyp_after = [0.9461087577617929, 0.9461124856043958, 0.9461050299191901]
PyQUDA INFO: HYP SMEAR: 0.6352640739933122 secs
PyQUDA INFO: DOING APE SMEARING
PyQUDA INFO: plaq_ape_before = [0.5839565542467626, 0.583973556815269, 0.5839395516782564]
performGaugeSmearQuda: step 000 plaquette (mean 5.8395655424676263e-01, spatial 5.8397355681526897e-01 temporal 5.8393955167825640e-01) Q charge = -3.7828256938387930e+00
PyQUDA INFO: plaq_ape_after = [0.8194447864106424, 0.9988487719172418, 0.640040800904043]
PyQUDA INFO: APE SMEAR: 0.6088554630114231 secs
PyQUDA INFO: INNER LOOP STARTS
PyQUDA INFO: SOURCE POSITION = [np.int64(13), np.int64(13), np.int64(13), np.int64(75)]
PyQUDA INFO: DOING SRC GAUSSIAN SMEARING
PyQUDA INFO: SOURCE GAUSSIAN SMEAR: 0.8240885279956274 secs
PyQUDA INFO: RELOADING GAUGE
PyQUDA INFO: RELOADING GAUGE: 0.2612968169996748 secs
PyQUDA INFO: SOLVING DIRAC EQ
GCR: Convergence at 21 iterations, n = 0, L2 relative residual: iterated = 2.391224e-11, true = 2.391224e-11 (requested = 1.000000e-10)
GCR: Convergence at 21 iterations, n = 1, L2 relative residual: iterated = 4.954470e-11, true = 4.954470e-11 (requested = 1.000000e-10)
GCR: Convergence at 21 iterations, n = 2, L2 relative residual: iterated = 2.956948e-11, true = 2.956948e-11 (requested = 1.000000e-10)
GCR: Convergence at 21 iterations, n = 3, L2 relative residual: iterated = 3.905147e-11, true = 3.905147e-11 (requested = 1.000000e-10)
GCR: Convergence at 21 iterations, n = 4, L2 relative residual: iterated = 1.817849e-11, true = 1.817849e-11 (requested = 1.000000e-10)
GCR: Convergence at 21 iterations, n = 5, L2 relative residual: iterated = 2.688475e-11, true = 2.688475e-11 (requested = 1.000000e-10)
GCR: Convergence at 21 iterations, n = 6, L2 relative residual: iterated = 2.137394e-11, true = 2.137394e-11 (requested = 1.000000e-10)
GCR: Convergence at 21 iterations, n = 7, L2 relative residual: iterated = 3.334314e-11, true = 3.334314e-11 (requested = 1.000000e-10)
GCR: Convergence at 21 iterations, n = 8, L2 relative residual: iterated = 2.925037e-11, true = 2.925037e-11 (requested = 1.000000e-10)
GCR: Convergence at 21 iterations, n = 9, L2 relative residual: iterated = 3.017890e-11, true = 3.017890e-11 (requested = 1.000000e-10)
GCR: Convergence at 21 iterations, n = 10, L2 relative residual: iterated = 2.162532e-11, true = 2.162532e-11 (requested = 1.000000e-10)
GCR: Convergence at 21 iterations, n = 11, L2 relative residual: iterated = 2.373434e-11, true = 2.373434e-11 (requested = 1.000000e-10)
PyQUDA INFO: Time = 1.935 secs, Performance = 13865.470 GFLOPS
GCR: Convergence at 21 iterations, n = 0, L2 relative residual: iterated = 3.948786e-11, true = 3.948786e-11 (requested = 1.000000e-10)
GCR: Convergence at 21 iterations, n = 1, L2 relative residual: iterated = 3.109677e-11, true = 3.109677e-11 (requested = 1.000000e-10)
GCR: Convergence at 21 iterations, n = 2, L2 relative residual: iterated = 4.005286e-11, true = 4.005286e-11 (requested = 1.000000e-10)
GCR: Convergence at 21 iterations, n = 3, L2 relative residual: iterated = 3.259927e-11, true = 3.259927e-11 (requested = 1.000000e-10)
GCR: Convergence at 21 iterations, n = 4, L2 relative residual: iterated = 3.037723e-11, true = 3.037723e-11 (requested = 1.000000e-10)
GCR: Convergence at 21 iterations, n = 5, L2 relative residual: iterated = 4.725318e-11, true = 4.725318e-11 (requested = 1.000000e-10)
GCR: Convergence at 21 iterations, n = 6, L2 relative residual: iterated = 2.073712e-11, true = 2.073712e-11 (requested = 1.000000e-10)
GCR: Convergence at 21 iterations, n = 7, L2 relative residual: iterated = 2.763483e-11, true = 2.763483e-11 (requested = 1.000000e-10)
GCR: Convergence at 21 iterations, n = 8, L2 relative residual: iterated = 3.160995e-11, true = 3.160995e-11 (requested = 1.000000e-10)
GCR: Convergence at 21 iterations, n = 9, L2 relative residual: iterated = 4.139441e-11, true = 4.139441e-11 (requested = 1.000000e-10)
GCR: Convergence at 21 iterations, n = 10, L2 relative residual: iterated = 3.041173e-11, true = 3.041173e-11 (requested = 1.000000e-10)
GCR: Convergence at 21 iterations, n = 11, L2 relative residual: iterated = 3.035482e-11, true = 3.035482e-11 (requested = 1.000000e-10)
PyQUDA INFO: Time = 1.851 secs, Performance = 14447.472 GFLOPS
PyQUDA INFO: INVERT 2 propagagors: 3.7887202569982037 secs
PyQUDA INFO: DOING SINK GAUSSIAN SMEARING
PyQUDA INFO: SINK GAUSSIAN SMEAR: 0.9686003609967884 secs
PyQUDA INFO: GPU used 44.3 GB, cupy pool 32.8 GB, cupy live 10.1 GB
PyQUDA INFO: CONTRACT ALL: 3.32749028300168 secs
PyQUDA INFO: UNTIL CONTRACTION: 9.216018830004032 secs
PyQUDA INFO: INNER LOOP STARTS
PyQUDA INFO: SOURCE POSITION = [np.int64(13), np.int64(13), np.int64(29), np.int64(75)]
PyQUDA INFO: DOING SRC GAUSSIAN SMEARING
PyQUDA INFO: SOURCE GAUSSIAN SMEAR: 0.8149534550029784 secs
PyQUDA INFO: RELOADING GAUGE
PyQUDA INFO: RELOADING GAUGE: 0.2651268180052284 secs
PyQUDA INFO: SOLVING DIRAC EQ
GCR: Convergence at 20 iterations, n = 0, L2 relative residual: iterated = 7.518356e-11, true = 7.518356e-11 (requested = 1.000000e-10)
GCR: Convergence at 20 iterations, n = 1, L2 relative residual: iterated = 7.173542e-11, true = 7.173542e-11 (requested = 1.000000e-10)
GCR: Convergence at 20 iterations, n = 2, L2 relative residual: iterated = 8.352100e-11, true = 8.352100e-11 (requested = 1.000000e-10)
GCR: Convergence at 20 iterations, n = 3, L2 relative residual: iterated = 7.064144e-11, true = 7.064144e-11 (requested = 1.000000e-10)
GCR: Convergence at 20 iterations, n = 4, L2 relative residual: iterated = 9.955707e-11, true = 9.955707e-11 (requested = 1.000000e-10)
GCR: Convergence at 20 iterations, n = 5, L2 relative residual: iterated = 7.235853e-11, true = 7.235853e-11 (requested = 1.000000e-10)
GCR: Convergence at 20 iterations, n = 6, L2 relative residual: iterated = 4.647220e-11, true = 4.647220e-11 (requested = 1.000000e-10)
GCR: Convergence at 20 iterations, n = 7, L2 relative residual: iterated = 7.962355e-11, true = 7.962355e-11 (requested = 1.000000e-10)
GCR: Convergence at 20 iterations, n = 8, L2 relative residual: iterated = 6.107867e-11, true = 6.107867e-11 (requested = 1.000000e-10)
GCR: Convergence at 20 iterations, n = 9, L2 relative residual: iterated = 8.383314e-11, true = 8.383314e-11 (requested = 1.000000e-10)
GCR: Convergence at 20 iterations, n = 10, L2 relative residual: iterated = 5.342365e-11, true = 5.342365e-11 (requested = 1.000000e-10)
GCR: Convergence at 20 iterations, n = 11, L2 relative residual: iterated = 8.866971e-11, true = 8.866971e-11 (requested = 1.000000e-10)
PyQUDA INFO: Time = 1.743 secs, Performance = 14614.356 GFLOPS
GCR: Convergence at 20 iterations, n = 0, L2 relative residual: iterated = 9.635952e-11, true = 9.635952e-11 (requested = 1.000000e-10)
GCR: Convergence at 20 iterations, n = 1, L2 relative residual: iterated = 8.353647e-11, true = 8.353647e-11 (requested = 1.000000e-10)
GCR: Convergence at 20 iterations, n = 2, L2 relative residual: iterated = 6.997260e-11, true = 6.997260e-11 (requested = 1.000000e-10)
GCR: Convergence at 20 iterations, n = 3, L2 relative residual: iterated = 6.388893e-11, true = 6.388893e-11 (requested = 1.000000e-10)
GCR: Convergence at 20 iterations, n = 4, L2 relative residual: iterated = 5.928175e-11, true = 5.928175e-11 (requested = 1.000000e-10)
GCR: Convergence at 20 iterations, n = 5, L2 relative residual: iterated = 7.714755e-11, true = 7.714755e-11 (requested = 1.000000e-10)
GCR: Convergence at 20 iterations, n = 6, L2 relative residual: iterated = 7.674611e-11, true = 7.674611e-11 (requested = 1.000000e-10)
GCR: Convergence at 20 iterations, n = 7, L2 relative residual: iterated = 8.011127e-11, true = 8.011127e-11 (requested = 1.000000e-10)
GCR: Convergence at 20 iterations, n = 8, L2 relative residual: iterated = 7.685351e-11, true = 7.685351e-11 (requested = 1.000000e-10)
GCR: Convergence at 20 iterations, n = 9, L2 relative residual: iterated = 8.743841e-11, true = 8.743841e-11 (requested = 1.000000e-10)
GCR: Convergence at 20 iterations, n = 10, L2 relative residual: iterated = 4.329906e-11, true = 4.329906e-11 (requested = 1.000000e-10)
GCR: Convergence at 20 iterations, n = 11, L2 relative residual: iterated = 5.827860e-11, true = 5.827860e-11 (requested = 1.000000e-10)
PyQUDA INFO: Time = 1.778 secs, Performance = 14331.415 GFLOPS
PyQUDA INFO: INVERT 2 propagagors: 3.523328263006988 secs
PyQUDA INFO: DOING SINK GAUSSIAN SMEARING
PyQUDA INFO: SINK GAUSSIAN SMEAR: 0.8355354169907514 secs
PyQUDA INFO: GPU used 44.3 GB, cupy pool 32.8 GB, cupy live 10.1 GB
PyQUDA INFO: CONTRACT ALL: 3.3256541610026034 secs
PyQUDA INFO: UNTIL CONTRACTION: 8.80790243500087 secs
PyQUDA INFO: INNER LOOP STARTS
PyQUDA INFO: SOURCE POSITION = [np.int64(13), np.int64(29), np.int64(13), np.int64(75)]
PyQUDA INFO: DOING SRC GAUSSIAN SMEARING
PyQUDA INFO: SOURCE GAUSSIAN SMEAR: 0.8146260479988996 secs
PyQUDA INFO: RELOADING GAUGE
PyQUDA INFO: RELOADING GAUGE: 0.2627525930001866 secs
PyQUDA INFO: SOLVING DIRAC EQ
GCR: Convergence at 21 iterations, n = 0, L2 relative residual: iterated = 2.018457e-11, true = 2.018457e-11 (requested = 1.000000e-10)
GCR: Convergence at 21 iterations, n = 1, L2 relative residual: iterated = 4.405899e-11, true = 4.405899e-11 (requested = 1.000000e-10)
GCR: Convergence at 21 iterations, n = 2, L2 relative residual: iterated = 4.516236e-11, true = 4.516236e-11 (requested = 1.000000e-10)
GCR: Convergence at 21 iterations, n = 3, L2 relative residual: iterated = 4.217503e-11, true = 4.217503e-11 (requested = 1.000000e-10)
GCR: Convergence at 21 iterations, n = 4, L2 relative residual: iterated = 2.845649e-11, true = 2.845649e-11 (requested = 1.000000e-10)
GCR: Convergence at 21 iterations, n = 5, L2 relative residual: iterated = 3.559105e-11, true = 3.559105e-11 (requested = 1.000000e-10)
GCR: Convergence at 21 iterations, n = 6, L2 relative residual: iterated = 2.740589e-11, true = 2.740589e-11 (requested = 1.000000e-10)
GCR: Convergence at 21 iterations, n = 7, L2 relative residual: iterated = 4.655491e-11, true = 4.655491e-11 (requested = 1.000000e-10)
GCR: Convergence at 21 iterations, n = 8, L2 relative residual: iterated = 2.601957e-11, true = 2.601957e-11 (requested = 1.000000e-10)
GCR: Convergence at 21 iterations, n = 9, L2 relative residual: iterated = 3.562343e-11, true = 3.562343e-11 (requested = 1.000000e-10)
GCR: Convergence at 21 iterations, n = 10, L2 relative residual: iterated = 3.290471e-11, true = 3.290471e-11 (requested = 1.000000e-10)
GCR: Convergence at 21 iterations, n = 11, L2 relative residual: iterated = 4.923641e-11, true = 4.923641e-11 (requested = 1.000000e-10)
PyQUDA INFO: Time = 1.821 secs, Performance = 14712.554 GFLOPS
GCR: Convergence at 21 iterations, n = 0, L2 relative residual: iterated = 2.329626e-11, true = 2.329626e-11 (requested = 1.000000e-10)
GCR: Convergence at 21 iterations, n = 1, L2 relative residual: iterated = 2.148070e-11, true = 2.148070e-11 (requested = 1.000000e-10)
GCR: Convergence at 21 iterations, n = 2, L2 relative residual: iterated = 3.443133e-11, true = 3.443133e-11 (requested = 1.000000e-10)
GCR: Convergence at 21 iterations, n = 3, L2 relative residual: iterated = 4.240929e-11, true = 4.240929e-11 (requested = 1.000000e-10)
GCR: Convergence at 21 iterations, n = 4, L2 relative residual: iterated = 2.152546e-11, true = 2.152546e-11 (requested = 1.000000e-10)
GCR: Convergence at 21 iterations, n = 5, L2 relative residual: iterated = 3.065170e-11, true = 3.065170e-11 (requested = 1.000000e-10)
GCR: Convergence at 21 iterations, n = 6, L2 relative residual: iterated = 1.869682e-11, true = 1.869682e-11 (requested = 1.000000e-10)
GCR: Convergence at 21 iterations, n = 7, L2 relative residual: iterated = 3.331722e-11, true = 3.331722e-11 (requested = 1.000000e-10)
GCR: Convergence at 21 iterations, n = 8, L2 relative residual: iterated = 2.423712e-11, true = 2.423712e-11 (requested = 1.000000e-10)
GCR: Convergence at 21 iterations, n = 9, L2 relative residual: iterated = 3.193590e-11, true = 3.193590e-11 (requested = 1.000000e-10)
GCR: Convergence at 21 iterations, n = 10, L2 relative residual: iterated = 2.344300e-11, true = 2.344300e-11 (requested = 1.000000e-10)
GCR: Convergence at 21 iterations, n = 11, L2 relative residual: iterated = 2.623255e-11, true = 2.623255e-11 (requested = 1.000000e-10)
PyQUDA INFO: Time = 1.857 secs, Performance = 14451.770 GFLOPS
PyQUDA INFO: INVERT 2 propagagors: 3.6799705359881045 secs
PyQUDA INFO: DOING SINK GAUSSIAN SMEARING
PyQUDA INFO: SINK GAUSSIAN SMEAR: 0.8368893720034976 secs
PyQUDA INFO: GPU used 44.3 GB, cupy pool 32.8 GB, cupy live 10.1 GB
PyQUDA INFO: CONTRACT ALL: 3.327428693010006 secs
PyQUDA INFO: UNTIL CONTRACTION: 8.964290010990226 secs
PyQUDA INFO: INNER LOOP STARTS
PyQUDA INFO: SOURCE POSITION = [np.int64(13), np.int64(29), np.int64(29), np.int64(75)]
PyQUDA INFO: DOING SRC GAUSSIAN SMEARING
PyQUDA INFO: SOURCE GAUSSIAN SMEAR: 0.8148173859954113 secs
PyQUDA INFO: RELOADING GAUGE
PyQUDA INFO: RELOADING GAUGE: 0.2628005709993886 secs
PyQUDA INFO: SOLVING DIRAC EQ
GCR: Convergence at 21 iterations, n = 0, L2 relative residual: iterated = 2.707841e-11, true = 2.707841e-11 (requested = 1.000000e-10)
GCR: Convergence at 21 iterations, n = 1, L2 relative residual: iterated = 2.067061e-11, true = 2.067061e-11 (requested = 1.000000e-10)
GCR: Convergence at 21 iterations, n = 2, L2 relative residual: iterated = 2.536809e-11, true = 2.536809e-11 (requested = 1.000000e-10)
GCR: Convergence at 21 iterations, n = 3, L2 relative residual: iterated = 2.333857e-11, true = 2.333857e-11 (requested = 1.000000e-10)
GCR: Convergence at 21 iterations, n = 4, L2 relative residual: iterated = 2.550754e-11, true = 2.550754e-11 (requested = 1.000000e-10)
GCR: Convergence at 21 iterations, n = 5, L2 relative residual: iterated = 2.462562e-11, true = 2.462562e-11 (requested = 1.000000e-10)
GCR: Convergence at 21 iterations, n = 6, L2 relative residual: iterated = 3.576602e-11, true = 3.576602e-11 (requested = 1.000000e-10)
GCR: Convergence at 21 iterations, n = 7, L2 relative residual: iterated = 4.588859e-11, true = 4.588859e-11 (requested = 1.000000e-10)
GCR: Convergence at 21 iterations, n = 8, L2 relative residual: iterated = 2.904611e-11, true = 2.904611e-11 (requested = 1.000000e-10)
GCR: Convergence at 21 iterations, n = 9, L2 relative residual: iterated = 2.137885e-11, true = 2.137885e-11 (requested = 1.000000e-10)
GCR: Convergence at 21 iterations, n = 10, L2 relative residual: iterated = 1.949895e-11, true = 1.949895e-11 (requested = 1.000000e-10)
GCR: Convergence at 21 iterations, n = 11, L2 relative residual: iterated = 2.897849e-11, true = 2.897849e-11 (requested = 1.000000e-10)
PyQUDA INFO: Time = 1.822 secs, Performance = 14714.759 GFLOPS
GCR: Convergence at 21 iterations, n = 0, L2 relative residual: iterated = 2.693889e-11, true = 2.693889e-11 (requested = 1.000000e-10)
GCR: Convergence at 21 iterations, n = 1, L2 relative residual: iterated = 3.237678e-11, true = 3.237678e-11 (requested = 1.000000e-10)
GCR: Convergence at 21 iterations, n = 2, L2 relative residual: iterated = 2.366822e-11, true = 2.366822e-11 (requested = 1.000000e-10)
GCR: Convergence at 21 iterations, n = 3, L2 relative residual: iterated = 2.429548e-11, true = 2.429548e-11 (requested = 1.000000e-10)
GCR: Convergence at 21 iterations, n = 4, L2 relative residual: iterated = 4.540697e-11, true = 4.540697e-11 (requested = 1.000000e-10)
GCR: Convergence at 21 iterations, n = 5, L2 relative residual: iterated = 3.045042e-11, true = 3.045042e-11 (requested = 1.000000e-10)
GCR: Convergence at 21 iterations, n = 6, L2 relative residual: iterated = 4.206143e-11, true = 4.206143e-11 (requested = 1.000000e-10)
GCR: Convergence at 21 iterations, n = 7, L2 relative residual: iterated = 3.813713e-11, true = 3.813713e-11 (requested = 1.000000e-10)
GCR: Convergence at 21 iterations, n = 8, L2 relative residual: iterated = 3.503413e-11, true = 3.503413e-11 (requested = 1.000000e-10)
GCR: Convergence at 21 iterations, n = 9, L2 relative residual: iterated = 3.631658e-11, true = 3.631658e-11 (requested = 1.000000e-10)
GCR: Convergence at 21 iterations, n = 10, L2 relative residual: iterated = 3.913667e-11, true = 3.913667e-11 (requested = 1.000000e-10)
GCR: Convergence at 21 iterations, n = 11, L2 relative residual: iterated = 2.805955e-11, true = 2.805955e-11 (requested = 1.000000e-10)
PyQUDA INFO: Time = 1.852 secs, Performance = 14466.574 GFLOPS
PyQUDA INFO: INVERT 2 propagagors: 3.6763952339970274 secs
PyQUDA INFO: DOING SINK GAUSSIAN SMEARING
PyQUDA INFO: SINK GAUSSIAN SMEAR: 0.962511823992827 secs
PyQUDA INFO: GPU used 44.3 GB, cupy pool 32.8 GB, cupy live 10.1 GB
PyQUDA INFO: CONTRACT ALL: 3.325808310008142 secs
PyQUDA INFO: UNTIL CONTRACTION: 9.084964966008556 secs
PyQUDA INFO: INNER LOOP STARTS
PyQUDA INFO: SOURCE POSITION = [np.int64(29), np.int64(13), np.int64(13), np.int64(75)]
PyQUDA INFO: DOING SRC GAUSSIAN SMEARING
PyQUDA INFO: SOURCE GAUSSIAN SMEAR: 0.8147546669933945 secs
PyQUDA INFO: RELOADING GAUGE
PyQUDA INFO: RELOADING GAUGE: 0.25687894399743527 secs
PyQUDA INFO: SOLVING DIRAC EQ
GCR: Convergence at 21 iterations, n = 0, L2 relative residual: iterated = 3.876457e-11, true = 3.876457e-11 (requested = 1.000000e-10)
GCR: Convergence at 21 iterations, n = 1, L2 relative residual: iterated = 3.334296e-11, true = 3.334296e-11 (requested = 1.000000e-10)
GCR: Convergence at 21 iterations, n = 2, L2 relative residual: iterated = 2.857844e-11, true = 2.857844e-11 (requested = 1.000000e-10)
GCR: Convergence at 21 iterations, n = 3, L2 relative residual: iterated = 2.697924e-11, true = 2.697924e-11 (requested = 1.000000e-10)
GCR: Convergence at 21 iterations, n = 4, L2 relative residual: iterated = 2.583068e-11, true = 2.583068e-11 (requested = 1.000000e-10)
GCR: Convergence at 21 iterations, n = 5, L2 relative residual: iterated = 2.636305e-11, true = 2.636305e-11 (requested = 1.000000e-10)
GCR: Convergence at 21 iterations, n = 6, L2 relative residual: iterated = 8.790952e-12, true = 8.790952e-12 (requested = 1.000000e-10)
GCR: Convergence at 21 iterations, n = 7, L2 relative residual: iterated = 2.966244e-11, true = 2.966244e-11 (requested = 1.000000e-10)
GCR: Convergence at 21 iterations, n = 8, L2 relative residual: iterated = 2.030544e-11, true = 2.030544e-11 (requested = 1.000000e-10)
GCR: Convergence at 21 iterations, n = 9, L2 relative residual: iterated = 1.408973e-11, true = 1.408973e-11 (requested = 1.000000e-10)
GCR: Convergence at 21 iterations, n = 10, L2 relative residual: iterated = 1.620484e-11, true = 1.620484e-11 (requested = 1.000000e-10)
GCR: Convergence at 21 iterations, n = 11, L2 relative residual: iterated = 2.027249e-11, true = 2.027249e-11 (requested = 1.000000e-10)
PyQUDA INFO: Time = 1.821 secs, Performance = 14706.771 GFLOPS
GCR: Convergence at 21 iterations, n = 0, L2 relative residual: iterated = 4.999908e-11, true = 4.999908e-11 (requested = 1.000000e-10)
GCR: Convergence at 21 iterations, n = 1, L2 relative residual: iterated = 3.187903e-11, true = 3.187903e-11 (requested = 1.000000e-10)
GCR: Convergence at 21 iterations, n = 2, L2 relative residual: iterated = 3.471691e-11, true = 3.471691e-11 (requested = 1.000000e-10)
GCR: Convergence at 21 iterations, n = 3, L2 relative residual: iterated = 4.645235e-11, true = 4.645235e-11 (requested = 1.000000e-10)
GCR: Convergence at 21 iterations, n = 4, L2 relative residual: iterated = 4.966948e-11, true = 4.966948e-11 (requested = 1.000000e-10)
GCR: Convergence at 21 iterations, n = 5, L2 relative residual: iterated = 3.227940e-11, true = 3.227940e-11 (requested = 1.000000e-10)
GCR: Convergence at 21 iterations, n = 6, L2 relative residual: iterated = 1.627657e-11, true = 1.627657e-11 (requested = 1.000000e-10)
GCR: Convergence at 21 iterations, n = 7, L2 relative residual: iterated = 2.124001e-11, true = 2.124001e-11 (requested = 1.000000e-10)
GCR: Convergence at 21 iterations, n = 8, L2 relative residual: iterated = 2.060257e-11, true = 2.060257e-11 (requested = 1.000000e-10)
GCR: Convergence at 21 iterations, n = 9, L2 relative residual: iterated = 3.248301e-11, true = 3.248301e-11 (requested = 1.000000e-10)
GCR: Convergence at 21 iterations, n = 10, L2 relative residual: iterated = 2.250403e-11, true = 2.250403e-11 (requested = 1.000000e-10)
GCR: Convergence at 21 iterations, n = 11, L2 relative residual: iterated = 1.966163e-11, true = 1.966163e-11 (requested = 1.000000e-10)
PyQUDA INFO: Time = 1.851 secs, Performance = 14450.969 GFLOPS
PyQUDA INFO: INVERT 2 propagagors: 3.6741404780041194 secs
PyQUDA INFO: DOING SINK GAUSSIAN SMEARING
PyQUDA INFO: SINK GAUSSIAN SMEAR: 0.9444451260060305 secs
PyQUDA INFO: GPU used 44.3 GB, cupy pool 32.8 GB, cupy live 10.1 GB
PyQUDA INFO: CONTRACT ALL: 3.3273928230046295 secs
PyQUDA INFO: UNTIL CONTRACTION: 9.060105027994723 secs
PyQUDA INFO: INNER LOOP STARTS
PyQUDA INFO: SOURCE POSITION = [np.int64(29), np.int64(13), np.int64(29), np.int64(75)]
PyQUDA INFO: DOING SRC GAUSSIAN SMEARING
PyQUDA INFO: SOURCE GAUSSIAN SMEAR: 0.8106358999939403 secs
PyQUDA INFO: RELOADING GAUGE
PyQUDA INFO: RELOADING GAUGE: 0.26463342299393844 secs
PyQUDA INFO: SOLVING DIRAC EQ
GCR: Convergence at 20 iterations, n = 0, L2 relative residual: iterated = 7.106013e-11, true = 7.106013e-11 (requested = 1.000000e-10)
GCR: Convergence at 20 iterations, n = 1, L2 relative residual: iterated = 5.712512e-11, true = 5.712512e-11 (requested = 1.000000e-10)
GCR: Convergence at 20 iterations, n = 2, L2 relative residual: iterated = 7.783676e-11, true = 7.783676e-11 (requested = 1.000000e-10)
GCR: Convergence at 20 iterations, n = 3, L2 relative residual: iterated = 5.710724e-11, true = 5.710724e-11 (requested = 1.000000e-10)
GCR: Convergence at 20 iterations, n = 4, L2 relative residual: iterated = 7.749422e-11, true = 7.749422e-11 (requested = 1.000000e-10)
GCR: Convergence at 20 iterations, n = 5, L2 relative residual: iterated = 7.997443e-11, true = 7.997443e-11 (requested = 1.000000e-10)
GCR: Convergence at 20 iterations, n = 6, L2 relative residual: iterated = 4.517415e-11, true = 4.517415e-11 (requested = 1.000000e-10)
GCR: Convergence at 20 iterations, n = 7, L2 relative residual: iterated = 4.126172e-11, true = 4.126172e-11 (requested = 1.000000e-10)
GCR: Convergence at 20 iterations, n = 8, L2 relative residual: iterated = 3.554805e-11, true = 3.554805e-11 (requested = 1.000000e-10)
GCR: Convergence at 20 iterations, n = 9, L2 relative residual: iterated = 4.637371e-11, true = 4.637371e-11 (requested = 1.000000e-10)
GCR: Convergence at 20 iterations, n = 10, L2 relative residual: iterated = 5.973312e-11, true = 5.973312e-11 (requested = 1.000000e-10)
GCR: Convergence at 20 iterations, n = 11, L2 relative residual: iterated = 3.966675e-11, true = 3.966675e-11 (requested = 1.000000e-10)
PyQUDA INFO: Time = 1.746 secs, Performance = 14615.312 GFLOPS
GCR: Convergence at 21 iterations, n = 0, L2 relative residual: iterated = 2.340368e-11, true = 2.340368e-11 (requested = 1.000000e-10)
GCR: Convergence at 21 iterations, n = 1, L2 relative residual: iterated = 3.551382e-11, true = 3.551382e-11 (requested = 1.000000e-10)
GCR: Convergence at 21 iterations, n = 2, L2 relative residual: iterated = 2.218661e-11, true = 2.218661e-11 (requested = 1.000000e-10)
GCR: Convergence at 21 iterations, n = 3, L2 relative residual: iterated = 2.753630e-11, true = 2.753630e-11 (requested = 1.000000e-10)
GCR: Convergence at 21 iterations, n = 4, L2 relative residual: iterated = 3.097390e-11, true = 3.097390e-11 (requested = 1.000000e-10)
GCR: Convergence at 21 iterations, n = 5, L2 relative residual: iterated = 1.972136e-11, true = 1.972136e-11 (requested = 1.000000e-10)
GCR: Convergence at 21 iterations, n = 6, L2 relative residual: iterated = 2.140091e-11, true = 2.140091e-11 (requested = 1.000000e-10)
GCR: Convergence at 21 iterations, n = 7, L2 relative residual: iterated = 1.866509e-11, true = 1.866509e-11 (requested = 1.000000e-10)
GCR: Convergence at 21 iterations, n = 8, L2 relative residual: iterated = 1.422752e-11, true = 1.422752e-11 (requested = 1.000000e-10)
GCR: Convergence at 21 iterations, n = 9, L2 relative residual: iterated = 1.772733e-11, true = 1.772733e-11 (requested = 1.000000e-10)
GCR: Convergence at 21 iterations, n = 10, L2 relative residual: iterated = 2.081160e-11, true = 2.081160e-11 (requested = 1.000000e-10)
GCR: Convergence at 21 iterations, n = 11, L2 relative residual: iterated = 2.272499e-11, true = 2.272499e-11 (requested = 1.000000e-10)
PyQUDA INFO: Time = 1.854 secs, Performance = 14468.689 GFLOPS
PyQUDA INFO: INVERT 2 propagagors: 3.601919780005119 secs
PyQUDA INFO: DOING SINK GAUSSIAN SMEARING
PyQUDA INFO: SINK GAUSSIAN SMEAR: 0.8416309439926408 secs
PyQUDA INFO: GPU used 44.3 GB, cupy pool 32.8 GB, cupy live 10.1 GB
PyQUDA INFO: CONTRACT ALL: 3.325471413001651 secs
PyQUDA INFO: UNTIL CONTRACTION: 8.887009354002657 secs
PyQUDA INFO: INNER LOOP STARTS
PyQUDA INFO: SOURCE POSITION = [np.int64(29), np.int64(29), np.int64(13), np.int64(75)]
PyQUDA INFO: DOING SRC GAUSSIAN SMEARING
PyQUDA INFO: SOURCE GAUSSIAN SMEAR: 0.8113012499961769 secs
PyQUDA INFO: RELOADING GAUGE
PyQUDA INFO: RELOADING GAUGE: 0.26063907900243066 secs
PyQUDA INFO: SOLVING DIRAC EQ
GCR: Convergence at 20 iterations, n = 0, L2 relative residual: iterated = 7.974005e-11, true = 7.974005e-11 (requested = 1.000000e-10)
GCR: Convergence at 20 iterations, n = 1, L2 relative residual: iterated = 8.686642e-11, true = 8.686642e-11 (requested = 1.000000e-10)
GCR: Convergence at 20 iterations, n = 2, L2 relative residual: iterated = 6.360482e-11, true = 6.360482e-11 (requested = 1.000000e-10)
GCR: Convergence at 20 iterations, n = 3, L2 relative residual: iterated = 8.080989e-11, true = 8.080989e-11 (requested = 1.000000e-10)
GCR: Convergence at 20 iterations, n = 4, L2 relative residual: iterated = 9.146820e-11, true = 9.146820e-11 (requested = 1.000000e-10)
GCR: Convergence at 20 iterations, n = 5, L2 relative residual: iterated = 9.561873e-11, true = 9.561873e-11 (requested = 1.000000e-10)
GCR: Convergence at 20 iterations, n = 6, L2 relative residual: iterated = 3.799004e-11, true = 3.799004e-11 (requested = 1.000000e-10)
GCR: Convergence at 20 iterations, n = 7, L2 relative residual: iterated = 5.535383e-11, true = 5.535383e-11 (requested = 1.000000e-10)
GCR: Convergence at 20 iterations, n = 8, L2 relative residual: iterated = 5.986951e-11, true = 5.986951e-11 (requested = 1.000000e-10)
GCR: Convergence at 20 iterations, n = 9, L2 relative residual: iterated = 6.143159e-11, true = 6.143159e-11 (requested = 1.000000e-10)
GCR: Convergence at 20 iterations, n = 10, L2 relative residual: iterated = 5.055341e-11, true = 5.055341e-11 (requested = 1.000000e-10)
GCR: Convergence at 20 iterations, n = 11, L2 relative residual: iterated = 6.400607e-11, true = 6.400607e-11 (requested = 1.000000e-10)
PyQUDA INFO: Time = 1.745 secs, Performance = 14615.906 GFLOPS
GCR: Convergence at 21 iterations, n = 0, L2 relative residual: iterated = 2.874417e-11, true = 2.874417e-11 (requested = 1.000000e-10)
GCR: Convergence at 21 iterations, n = 1, L2 relative residual: iterated = 4.350721e-11, true = 4.350721e-11 (requested = 1.000000e-10)
GCR: Convergence at 21 iterations, n = 2, L2 relative residual: iterated = 2.789960e-11, true = 2.789960e-11 (requested = 1.000000e-10)
GCR: Convergence at 21 iterations, n = 3, L2 relative residual: iterated = 2.341738e-11, true = 2.341738e-11 (requested = 1.000000e-10)
GCR: Convergence at 21 iterations, n = 4, L2 relative residual: iterated = 2.573544e-11, true = 2.573544e-11 (requested = 1.000000e-10)
GCR: Convergence at 21 iterations, n = 5, L2 relative residual: iterated = 3.576559e-11, true = 3.576559e-11 (requested = 1.000000e-10)
GCR: Convergence at 21 iterations, n = 6, L2 relative residual: iterated = 2.144712e-11, true = 2.144712e-11 (requested = 1.000000e-10)
GCR: Convergence at 21 iterations, n = 7, L2 relative residual: iterated = 2.868045e-11, true = 2.868045e-11 (requested = 1.000000e-10)
GCR: Convergence at 21 iterations, n = 8, L2 relative residual: iterated = 2.654273e-11, true = 2.654273e-11 (requested = 1.000000e-10)
GCR: Convergence at 21 iterations, n = 9, L2 relative residual: iterated = 2.342636e-11, true = 2.342636e-11 (requested = 1.000000e-10)
GCR: Convergence at 21 iterations, n = 10, L2 relative residual: iterated = 2.362931e-11, true = 2.362931e-11 (requested = 1.000000e-10)
GCR: Convergence at 21 iterations, n = 11, L2 relative residual: iterated = 1.485242e-11, true = 1.485242e-11 (requested = 1.000000e-10)
PyQUDA INFO: Time = 1.848 secs, Performance = 14505.843 GFLOPS
PyQUDA INFO: INVERT 2 propagagors: 3.5948736449936405 secs
PyQUDA INFO: DOING SINK GAUSSIAN SMEARING
PyQUDA INFO: SINK GAUSSIAN SMEAR: 0.8497529640007997 secs
PyQUDA INFO: GPU used 44.3 GB, cupy pool 32.8 GB, cupy live 10.1 GB
PyQUDA INFO: CONTRACT ALL: 3.3268733080039965 secs
PyQUDA INFO: UNTIL CONTRACTION: 8.88676190598926 secs
PyQUDA INFO: INNER LOOP STARTS
PyQUDA INFO: SOURCE POSITION = [np.int64(29), np.int64(29), np.int64(29), np.int64(75)]
PyQUDA INFO: DOING SRC GAUSSIAN SMEARING
PyQUDA INFO: SOURCE GAUSSIAN SMEAR: 0.813909082004102 secs
PyQUDA INFO: RELOADING GAUGE
PyQUDA INFO: RELOADING GAUGE: 0.2649394409963861 secs
PyQUDA INFO: SOLVING DIRAC EQ
GCR: Convergence at 21 iterations, n = 0, L2 relative residual: iterated = 3.179360e-11, true = 3.179360e-11 (requested = 1.000000e-10)
GCR: Convergence at 21 iterations, n = 1, L2 relative residual: iterated = 2.413294e-11, true = 2.413294e-11 (requested = 1.000000e-10)
GCR: Convergence at 21 iterations, n = 2, L2 relative residual: iterated = 2.429130e-11, true = 2.429130e-11 (requested = 1.000000e-10)
GCR: Convergence at 21 iterations, n = 3, L2 relative residual: iterated = 3.198678e-11, true = 3.198678e-11 (requested = 1.000000e-10)
GCR: Convergence at 21 iterations, n = 4, L2 relative residual: iterated = 5.229328e-11, true = 5.229328e-11 (requested = 1.000000e-10)
GCR: Convergence at 21 iterations, n = 5, L2 relative residual: iterated = 5.452506e-11, true = 5.452506e-11 (requested = 1.000000e-10)
GCR: Convergence at 21 iterations, n = 6, L2 relative residual: iterated = 2.754725e-11, true = 2.754725e-11 (requested = 1.000000e-10)
GCR: Convergence at 21 iterations, n = 7, L2 relative residual: iterated = 2.391141e-11, true = 2.391141e-11 (requested = 1.000000e-10)
GCR: Convergence at 21 iterations, n = 8, L2 relative residual: iterated = 2.486072e-11, true = 2.486072e-11 (requested = 1.000000e-10)
GCR: Convergence at 21 iterations, n = 9, L2 relative residual: iterated = 3.187558e-11, true = 3.187558e-11 (requested = 1.000000e-10)
GCR: Convergence at 21 iterations, n = 10, L2 relative residual: iterated = 2.653327e-11, true = 2.653327e-11 (requested = 1.000000e-10)
GCR: Convergence at 21 iterations, n = 11, L2 relative residual: iterated = 2.001304e-11, true = 2.001304e-11 (requested = 1.000000e-10)
PyQUDA INFO: Time = 1.822 secs, Performance = 14715.712 GFLOPS
GCR: Convergence at 21 iterations, n = 0, L2 relative residual: iterated = 3.544086e-11, true = 3.544086e-11 (requested = 1.000000e-10)
GCR: Convergence at 21 iterations, n = 1, L2 relative residual: iterated = 2.634845e-11, true = 2.634845e-11 (requested = 1.000000e-10)
GCR: Convergence at 21 iterations, n = 2, L2 relative residual: iterated = 4.109298e-11, true = 4.109298e-11 (requested = 1.000000e-10)
GCR: Convergence at 21 iterations, n = 3, L2 relative residual: iterated = 2.062389e-11, true = 2.062389e-11 (requested = 1.000000e-10)
GCR: Convergence at 21 iterations, n = 4, L2 relative residual: iterated = 2.577118e-11, true = 2.577118e-11 (requested = 1.000000e-10)
GCR: Convergence at 21 iterations, n = 5, L2 relative residual: iterated = 2.477235e-11, true = 2.477235e-11 (requested = 1.000000e-10)
GCR: Convergence at 21 iterations, n = 6, L2 relative residual: iterated = 2.224345e-11, true = 2.224345e-11 (requested = 1.000000e-10)
GCR: Convergence at 21 iterations, n = 7, L2 relative residual: iterated = 2.825018e-11, true = 2.825018e-11 (requested = 1.000000e-10)
GCR: Convergence at 21 iterations, n = 8, L2 relative residual: iterated = 1.736156e-11, true = 1.736156e-11 (requested = 1.000000e-10)
GCR: Convergence at 21 iterations, n = 9, L2 relative residual: iterated = 2.079152e-11, true = 2.079152e-11 (requested = 1.000000e-10)
GCR: Convergence at 21 iterations, n = 10, L2 relative residual: iterated = 2.387302e-11, true = 2.387302e-11 (requested = 1.000000e-10)
GCR: Convergence at 21 iterations, n = 11, L2 relative residual: iterated = 2.224321e-11, true = 2.224321e-11 (requested = 1.000000e-10)
PyQUDA INFO: Time = 1.856 secs, Performance = 14430.704 GFLOPS
PyQUDA INFO: INVERT 2 propagagors: 3.6796218550007325 secs
PyQUDA INFO: DOING SINK GAUSSIAN SMEARING
PyQUDA INFO: SINK GAUSSIAN SMEAR: 0.9670117640052922 secs
PyQUDA INFO: GPU used 44.3 GB, cupy pool 32.8 GB, cupy live 10.1 GB
PyQUDA INFO: CONTRACT ALL: 3.3254791329964064 secs
PyQUDA INFO: UNTIL CONTRACTION: 9.093630831004702 secs
PyQUDA INFO: INNER LOOP STARTS
PyQUDA INFO: SOURCE POSITION = [np.int64(13), np.int64(13), np.int64(13), np.int64(11)]
PyQUDA INFO: DOING SRC GAUSSIAN SMEARING
PyQUDA INFO: SOURCE GAUSSIAN SMEAR: 0.814250458002789 secs
PyQUDA INFO: RELOADING GAUGE
PyQUDA INFO: RELOADING GAUGE: 0.2631989200017415 secs
PyQUDA INFO: SOLVING DIRAC EQ
GCR: Convergence at 21 iterations, n = 0, L2 relative residual: iterated = 8.030959e-12, true = 8.030959e-12 (requested = 1.000000e-10)
GCR: Convergence at 21 iterations, n = 1, L2 relative residual: iterated = 1.593615e-11, true = 1.593615e-11 (requested = 1.000000e-10)
GCR: Convergence at 21 iterations, n = 2, L2 relative residual: iterated = 1.738321e-11, true = 1.738321e-11 (requested = 1.000000e-10)
GCR: Convergence at 21 iterations, n = 3, L2 relative residual: iterated = 1.162749e-11, true = 1.162749e-11 (requested = 1.000000e-10)
GCR: Convergence at 21 iterations, n = 4, L2 relative residual: iterated = 1.091755e-11, true = 1.091755e-11 (requested = 1.000000e-10)
GCR: Convergence at 21 iterations, n = 5, L2 relative residual: iterated = 1.874003e-11, true = 1.874003e-11 (requested = 1.000000e-10)
GCR: Convergence at 21 iterations, n = 6, L2 relative residual: iterated = 5.116382e-11, true = 5.116382e-11 (requested = 1.000000e-10)
GCR: Convergence at 21 iterations, n = 7, L2 relative residual: iterated = 3.708232e-11, true = 3.708232e-11 (requested = 1.000000e-10)
GCR: Convergence at 21 iterations, n = 8, L2 relative residual: iterated = 2.943794e-11, true = 2.943794e-11 (requested = 1.000000e-10)
GCR: Convergence at 21 iterations, n = 9, L2 relative residual: iterated = 3.135922e-11, true = 3.135922e-11 (requested = 1.000000e-10)
GCR: Convergence at 21 iterations, n = 10, L2 relative residual: iterated = 2.300856e-11, true = 2.300856e-11 (requested = 1.000000e-10)
GCR: Convergence at 21 iterations, n = 11, L2 relative residual: iterated = 4.264163e-11, true = 4.264163e-11 (requested = 1.000000e-10)
PyQUDA INFO: Time = 1.851 secs, Performance = 14797.321 GFLOPS
GCR: Convergence at 21 iterations, n = 0, L2 relative residual: iterated = 1.359883e-11, true = 1.359883e-11 (requested = 1.000000e-10)
GCR: Convergence at 21 iterations, n = 1, L2 relative residual: iterated = 2.259893e-11, true = 2.259893e-11 (requested = 1.000000e-10)
GCR: Convergence at 21 iterations, n = 2, L2 relative residual: iterated = 2.102112e-11, true = 2.102112e-11 (requested = 1.000000e-10)
GCR: Convergence at 21 iterations, n = 3, L2 relative residual: iterated = 2.016926e-11, true = 2.016926e-11 (requested = 1.000000e-10)
GCR: Convergence at 21 iterations, n = 4, L2 relative residual: iterated = 1.273493e-11, true = 1.273493e-11 (requested = 1.000000e-10)
GCR: Convergence at 21 iterations, n = 5, L2 relative residual: iterated = 1.804017e-11, true = 1.804017e-11 (requested = 1.000000e-10)
GCR: Convergence at 21 iterations, n = 6, L2 relative residual: iterated = 7.871468e-11, true = 7.871468e-11 (requested = 1.000000e-10)
GCR: Convergence at 21 iterations, n = 7, L2 relative residual: iterated = 2.327954e-11, true = 2.327954e-11 (requested = 1.000000e-10)
GCR: Convergence at 21 iterations, n = 8, L2 relative residual: iterated = 4.738345e-11, true = 4.738345e-11 (requested = 1.000000e-10)
GCR: Convergence at 21 iterations, n = 9, L2 relative residual: iterated = 5.590394e-11, true = 5.590394e-11 (requested = 1.000000e-10)
GCR: Convergence at 21 iterations, n = 10, L2 relative residual: iterated = 4.945365e-11, true = 4.945365e-11 (requested = 1.000000e-10)
GCR: Convergence at 21 iterations, n = 11, L2 relative residual: iterated = 6.073198e-11, true = 6.073198e-11 (requested = 1.000000e-10)
PyQUDA INFO: Time = 1.866 secs, Performance = 14509.579 GFLOPS
PyQUDA INFO: INVERT 2 propagagors: 3.719144515998778 secs
PyQUDA INFO: DOING SINK GAUSSIAN SMEARING
PyQUDA INFO: SINK GAUSSIAN SMEAR: 0.9633649739989778 secs
PyQUDA INFO: GPU used 44.3 GB, cupy pool 32.8 GB, cupy live 10.1 GB
PyQUDA INFO: CONTRACT ALL: 3.3267565889982507 secs
PyQUDA INFO: UNTIL CONTRACTION: 9.129615292011295 secs
PyQUDA INFO: INNER LOOP STARTS
PyQUDA INFO: SOURCE POSITION = [np.int64(13), np.int64(13), np.int64(29), np.int64(11)]
PyQUDA INFO: DOING SRC GAUSSIAN SMEARING
PyQUDA INFO: SOURCE GAUSSIAN SMEAR: 0.8109867040038807 secs
PyQUDA INFO: RELOADING GAUGE
PyQUDA INFO: RELOADING GAUGE: 0.26135114100179635 secs
PyQUDA INFO: SOLVING DIRAC EQ
GCR: Convergence at 21 iterations, n = 0, L2 relative residual: iterated = 3.094929e-11, true = 3.094929e-11 (requested = 1.000000e-10)
GCR: Convergence at 21 iterations, n = 1, L2 relative residual: iterated = 2.924666e-11, true = 2.924666e-11 (requested = 1.000000e-10)
GCR: Convergence at 21 iterations, n = 2, L2 relative residual: iterated = 2.436143e-11, true = 2.436143e-11 (requested = 1.000000e-10)
GCR: Convergence at 21 iterations, n = 3, L2 relative residual: iterated = 5.809526e-11, true = 5.809526e-11 (requested = 1.000000e-10)
GCR: Convergence at 21 iterations, n = 4, L2 relative residual: iterated = 3.084278e-11, true = 3.084278e-11 (requested = 1.000000e-10)
GCR: Convergence at 21 iterations, n = 5, L2 relative residual: iterated = 2.544690e-11, true = 2.544690e-11 (requested = 1.000000e-10)
GCR: Convergence at 21 iterations, n = 6, L2 relative residual: iterated = 3.325697e-11, true = 3.325697e-11 (requested = 1.000000e-10)
GCR: Convergence at 21 iterations, n = 7, L2 relative residual: iterated = 3.492539e-11, true = 3.492539e-11 (requested = 1.000000e-10)
GCR: Convergence at 21 iterations, n = 8, L2 relative residual: iterated = 2.235474e-11, true = 2.235474e-11 (requested = 1.000000e-10)
GCR: Convergence at 21 iterations, n = 9, L2 relative residual: iterated = 3.602086e-11, true = 3.602086e-11 (requested = 1.000000e-10)
GCR: Convergence at 21 iterations, n = 10, L2 relative residual: iterated = 3.280363e-11, true = 3.280363e-11 (requested = 1.000000e-10)
GCR: Convergence at 21 iterations, n = 11, L2 relative residual: iterated = 2.496961e-11, true = 2.496961e-11 (requested = 1.000000e-10)
PyQUDA INFO: Time = 1.817 secs, Performance = 14750.138 GFLOPS
GCR: Convergence at 21 iterations, n = 0, L2 relative residual: iterated = 2.346543e-11, true = 2.346543e-11 (requested = 1.000000e-10)
GCR: Convergence at 21 iterations, n = 1, L2 relative residual: iterated = 3.929945e-11, true = 3.929945e-11 (requested = 1.000000e-10)
GCR: Convergence at 21 iterations, n = 2, L2 relative residual: iterated = 4.698808e-11, true = 4.698808e-11 (requested = 1.000000e-10)
GCR: Convergence at 21 iterations, n = 3, L2 relative residual: iterated = 3.052165e-11, true = 3.052165e-11 (requested = 1.000000e-10)
GCR: Convergence at 21 iterations, n = 4, L2 relative residual: iterated = 2.839576e-11, true = 2.839576e-11 (requested = 1.000000e-10)
GCR: Convergence at 21 iterations, n = 5, L2 relative residual: iterated = 2.005841e-11, true = 2.005841e-11 (requested = 1.000000e-10)
GCR: Convergence at 21 iterations, n = 6, L2 relative residual: iterated = 2.456021e-11, true = 2.456021e-11 (requested = 1.000000e-10)
GCR: Convergence at 21 iterations, n = 7, L2 relative residual: iterated = 3.297265e-11, true = 3.297265e-11 (requested = 1.000000e-10)
GCR: Convergence at 21 iterations, n = 8, L2 relative residual: iterated = 3.022606e-11, true = 3.022606e-11 (requested = 1.000000e-10)
GCR: Convergence at 21 iterations, n = 9, L2 relative residual: iterated = 3.287206e-11, true = 3.287206e-11 (requested = 1.000000e-10)
GCR: Convergence at 21 iterations, n = 10, L2 relative residual: iterated = 2.541065e-11, true = 2.541065e-11 (requested = 1.000000e-10)
GCR: Convergence at 21 iterations, n = 11, L2 relative residual: iterated = 2.925716e-11, true = 2.925716e-11 (requested = 1.000000e-10)
PyQUDA INFO: Time = 1.852 secs, Performance = 14481.364 GFLOPS
PyQUDA INFO: INVERT 2 propagagors: 3.67127393699775 secs
PyQUDA INFO: DOING SINK GAUSSIAN SMEARING
PyQUDA INFO: SINK GAUSSIAN SMEAR: 0.8408547729923157 secs
PyQUDA INFO: GPU used 44.3 GB, cupy pool 32.8 GB, cupy live 10.1 GB
PyQUDA INFO: CONTRACT ALL: 3.3261977849906543 secs
PyQUDA INFO: UNTIL CONTRACTION: 8.953534554995713 secs
PyQUDA INFO: INNER LOOP STARTS
PyQUDA INFO: SOURCE POSITION = [np.int64(13), np.int64(29), np.int64(13), np.int64(11)]
PyQUDA INFO: DOING SRC GAUSSIAN SMEARING
PyQUDA INFO: SOURCE GAUSSIAN SMEAR: 0.8133496380032739 secs
PyQUDA INFO: RELOADING GAUGE
PyQUDA INFO: RELOADING GAUGE: 0.26131138199707493 secs
PyQUDA INFO: SOLVING DIRAC EQ
GCR: Convergence at 21 iterations, n = 0, L2 relative residual: iterated = 1.947875e-11, true = 1.947875e-11 (requested = 1.000000e-10)
GCR: Convergence at 21 iterations, n = 1, L2 relative residual: iterated = 2.331842e-11, true = 2.331842e-11 (requested = 1.000000e-10)
GCR: Convergence at 21 iterations, n = 2, L2 relative residual: iterated = 1.691721e-11, true = 1.691721e-11 (requested = 1.000000e-10)
GCR: Convergence at 21 iterations, n = 3, L2 relative residual: iterated = 2.308199e-11, true = 2.308199e-11 (requested = 1.000000e-10)
GCR: Convergence at 21 iterations, n = 4, L2 relative residual: iterated = 1.414130e-11, true = 1.414130e-11 (requested = 1.000000e-10)
GCR: Convergence at 21 iterations, n = 5, L2 relative residual: iterated = 2.712661e-11, true = 2.712661e-11 (requested = 1.000000e-10)
GCR: Convergence at 21 iterations, n = 6, L2 relative residual: iterated = 3.564693e-11, true = 3.564693e-11 (requested = 1.000000e-10)
GCR: Convergence at 21 iterations, n = 7, L2 relative residual: iterated = 7.957108e-11, true = 7.957108e-11 (requested = 1.000000e-10)
GCR: Convergence at 21 iterations, n = 8, L2 relative residual: iterated = 2.130936e-11, true = 2.130936e-11 (requested = 1.000000e-10)
GCR: Convergence at 21 iterations, n = 9, L2 relative residual: iterated = 5.179385e-11, true = 5.179385e-11 (requested = 1.000000e-10)
GCR: Convergence at 21 iterations, n = 10, L2 relative residual: iterated = 4.486245e-11, true = 4.486245e-11 (requested = 1.000000e-10)
GCR: Convergence at 21 iterations, n = 11, L2 relative residual: iterated = 4.984357e-11, true = 4.984357e-11 (requested = 1.000000e-10)
PyQUDA INFO: Time = 1.823 secs, Performance = 14713.184 GFLOPS
GCR: Convergence at 21 iterations, n = 0, L2 relative residual: iterated = 8.507508e-12, true = 8.507508e-12 (requested = 1.000000e-10)
GCR: Convergence at 21 iterations, n = 1, L2 relative residual: iterated = 1.901284e-11, true = 1.901284e-11 (requested = 1.000000e-10)
GCR: Convergence at 21 iterations, n = 2, L2 relative residual: iterated = 1.392487e-11, true = 1.392487e-11 (requested = 1.000000e-10)
GCR: Convergence at 21 iterations, n = 3, L2 relative residual: iterated = 1.579206e-11, true = 1.579206e-11 (requested = 1.000000e-10)
GCR: Convergence at 21 iterations, n = 4, L2 relative residual: iterated = 9.876601e-12, true = 9.876601e-12 (requested = 1.000000e-10)
GCR: Convergence at 21 iterations, n = 5, L2 relative residual: iterated = 1.267096e-11, true = 1.267096e-11 (requested = 1.000000e-10)
GCR: Convergence at 21 iterations, n = 6, L2 relative residual: iterated = 2.707652e-11, true = 2.707652e-11 (requested = 1.000000e-10)
GCR: Convergence at 21 iterations, n = 7, L2 relative residual: iterated = 3.818945e-11, true = 3.818945e-11 (requested = 1.000000e-10)
GCR: Convergence at 21 iterations, n = 8, L2 relative residual: iterated = 1.948253e-11, true = 1.948253e-11 (requested = 1.000000e-10)
GCR: Convergence at 21 iterations, n = 9, L2 relative residual: iterated = 3.665176e-11, true = 3.665176e-11 (requested = 1.000000e-10)
GCR: Convergence at 21 iterations, n = 10, L2 relative residual: iterated = 1.597095e-11, true = 1.597095e-11 (requested = 1.000000e-10)
GCR: Convergence at 21 iterations, n = 11, L2 relative residual: iterated = 3.464162e-11, true = 3.464162e-11 (requested = 1.000000e-10)
PyQUDA INFO: Time = 1.877 secs, Performance = 14474.699 GFLOPS
PyQUDA INFO: INVERT 2 propagagors: 3.7022996349987807 secs
PyQUDA INFO: DOING SINK GAUSSIAN SMEARING
PyQUDA INFO: SINK GAUSSIAN SMEAR: 0.9564336210023612 secs
PyQUDA INFO: GPU used 44.3 GB, cupy pool 32.8 GB, cupy live 10.1 GB
PyQUDA INFO: CONTRACT ALL: 3.3276269659982063 secs
PyQUDA INFO: UNTIL CONTRACTION: 9.104031755006872 secs
PyQUDA INFO: INNER LOOP STARTS
PyQUDA INFO: SOURCE POSITION = [np.int64(13), np.int64(29), np.int64(29), np.int64(11)]
PyQUDA INFO: DOING SRC GAUSSIAN SMEARING
PyQUDA INFO: SOURCE GAUSSIAN SMEAR: 0.8144702300050994 secs
PyQUDA INFO: RELOADING GAUGE
PyQUDA INFO: RELOADING GAUGE: 0.2600863340048818 secs
PyQUDA INFO: SOLVING DIRAC EQ
GCR: Convergence at 21 iterations, n = 0, L2 relative residual: iterated = 2.967972e-11, true = 2.967972e-11 (requested = 1.000000e-10)
GCR: Convergence at 21 iterations, n = 1, L2 relative residual: iterated = 2.570597e-11, true = 2.570597e-11 (requested = 1.000000e-10)
GCR: Convergence at 21 iterations, n = 2, L2 relative residual: iterated = 2.271765e-11, true = 2.271765e-11 (requested = 1.000000e-10)
GCR: Convergence at 21 iterations, n = 3, L2 relative residual: iterated = 2.000662e-11, true = 2.000662e-11 (requested = 1.000000e-10)
GCR: Convergence at 21 iterations, n = 4, L2 relative residual: iterated = 3.597327e-11, true = 3.597327e-11 (requested = 1.000000e-10)
GCR: Convergence at 21 iterations, n = 5, L2 relative residual: iterated = 3.220492e-11, true = 3.220492e-11 (requested = 1.000000e-10)
GCR: Convergence at 21 iterations, n = 6, L2 relative residual: iterated = 2.035646e-11, true = 2.035646e-11 (requested = 1.000000e-10)
GCR: Convergence at 21 iterations, n = 7, L2 relative residual: iterated = 2.607840e-11, true = 2.607840e-11 (requested = 1.000000e-10)
GCR: Convergence at 21 iterations, n = 8, L2 relative residual: iterated = 2.309829e-11, true = 2.309829e-11 (requested = 1.000000e-10)
GCR: Convergence at 21 iterations, n = 9, L2 relative residual: iterated = 1.404451e-11, true = 1.404451e-11 (requested = 1.000000e-10)
GCR: Convergence at 21 iterations, n = 10, L2 relative residual: iterated = 2.041603e-11, true = 2.041603e-11 (requested = 1.000000e-10)
GCR: Convergence at 21 iterations, n = 11, L2 relative residual: iterated = 3.671179e-11, true = 3.671179e-11 (requested = 1.000000e-10)
PyQUDA INFO: Time = 1.825 secs, Performance = 14701.205 GFLOPS
GCR: Convergence at 20 iterations, n = 0, L2 relative residual: iterated = 5.988336e-11, true = 5.988336e-11 (requested = 1.000000e-10)
GCR: Convergence at 20 iterations, n = 1, L2 relative residual: iterated = 3.287596e-11, true = 3.287596e-11 (requested = 1.000000e-10)
GCR: Convergence at 20 iterations, n = 2, L2 relative residual: iterated = 6.010591e-11, true = 6.010591e-11 (requested = 1.000000e-10)
GCR: Convergence at 20 iterations, n = 3, L2 relative residual: iterated = 5.344534e-11, true = 5.344534e-11 (requested = 1.000000e-10)
GCR: Convergence at 20 iterations, n = 4, L2 relative residual: iterated = 5.811348e-11, true = 5.811348e-11 (requested = 1.000000e-10)
GCR: Convergence at 20 iterations, n = 5, L2 relative residual: iterated = 5.283214e-11, true = 5.283214e-11 (requested = 1.000000e-10)
GCR: Convergence at 20 iterations, n = 6, L2 relative residual: iterated = 4.518694e-11, true = 4.518694e-11 (requested = 1.000000e-10)
GCR: Convergence at 20 iterations, n = 7, L2 relative residual: iterated = 4.586476e-11, true = 4.586476e-11 (requested = 1.000000e-10)
GCR: Convergence at 20 iterations, n = 8, L2 relative residual: iterated = 3.755414e-11, true = 3.755414e-11 (requested = 1.000000e-10)
GCR: Convergence at 20 iterations, n = 9, L2 relative residual: iterated = 3.938647e-11, true = 3.938647e-11 (requested = 1.000000e-10)
GCR: Convergence at 20 iterations, n = 10, L2 relative residual: iterated = 3.557699e-11, true = 3.557699e-11 (requested = 1.000000e-10)
GCR: Convergence at 20 iterations, n = 11, L2 relative residual: iterated = 4.957530e-11, true = 4.957530e-11 (requested = 1.000000e-10)
PyQUDA INFO: Time = 1.785 secs, Performance = 14307.615 GFLOPS
PyQUDA INFO: INVERT 2 propagagors: 3.6116219899995485 secs
PyQUDA INFO: DOING SINK GAUSSIAN SMEARING
